model,sampler,subnet,task,c2st,c2st_std,c2st_median,c2st_mad,time,time_std
flow_matching,ode-euler,time_mlp,gaussian_linear_uniform,0.5047999948263169,0.0020057422790868804,0.5054000020027161,0.0014249980449676514,12.92010114910081,0.4799535034468517
flow_matching,ode-euler,time_mlp,slcp,0.6414249956607818,0.0985611224790391,0.5836749970912933,0.02287501096725464,12.72569532468915,0.47571347354804827
flow_matching,ode-euler,time_mlp,sir,0.5534749984741211,0.02204211001440455,0.5503749847412109,0.010774999856948853,12.845015542954206,0.4858142753378649
flow_matching,ode-euler,time_mlp,gaussian_linear,0.5034700036048889,0.0028930243042688316,0.5031750202178955,0.0018250346183776855,12.73188085956499,0.48385484303662063
flow_matching,ode-euler,time_mlp,two_moons,0.5209699928760528,0.013091885615890881,0.5172500014305115,0.007624983787536621,13.0804287686944,0.48390140078306554
flow_matching,ode-euler,time_mlp,bernoulli_glm,0.5111649990081787,0.005084581040861946,0.5102249979972839,0.0034500062465667725,12.883788920100779,0.47850414783058054
flow_matching,ode-euler,time_mlp,gaussian_mixture,0.5443599939346313,0.009330801823831667,0.5425749719142914,0.006750017404556274,12.96876073786989,0.4743134846029277
flow_matching,ode-euler,time_mlp,lotka_volterra,0.7073000013828278,0.10338016983647522,0.6791500151157379,0.054150015115737915,12.89987660665065,0.482810185929379
flow_matching,ode-euler,time_mlp,slcp_distractors,0.6726050019264221,0.10361277552798083,0.6247499883174896,0.05814999341964722,13.02465740730986,0.4833416655532227
flow_matching,ode-euler,time_mlp,bernoulli_glm_raw,0.5122250080108642,0.005292361234628144,0.5123500227928162,0.003475010395050049,12.640999149717391,0.4550923432981675
flow_matching_edm,ode-euler,time_mlp,gaussian_linear_uniform,0.507385003566742,0.004055364285745564,0.5073000192642212,0.0020000040531158447,12.89245592392981,0.4942722115846644
flow_matching_edm,ode-euler,time_mlp,slcp,0.6228549897670745,0.08508152981052498,0.5756250023841858,0.027950018644332886,12.925565395411104,0.508666620238456
flow_matching_edm,ode-euler,time_mlp,sir,0.5474799990653991,0.010149215963161902,0.5487250089645386,0.006424993276596069,12.65634082481265,0.429781252585444
flow_matching_edm,ode-euler,time_mlp,gaussian_linear,0.5046649962663651,0.002416714196744273,0.5041249990463257,0.0019250065088272095,12.852230042777956,0.47599883670669196
flow_matching_edm,ode-euler,time_mlp,two_moons,0.5244899988174438,0.012239238513198561,0.5235499739646912,0.007724970579147339,11.926054457668215,0.4939579751020788
flow_matching_edm,ode-euler,time_mlp,bernoulli_glm,0.5162300050258637,0.003210699691179158,0.5167250037193298,0.0020000040531158447,12.67516551055014,0.45781097431014967
flow_matching_edm,ode-euler,time_mlp,gaussian_mixture,0.543295007944107,0.006562062169689654,0.5426750183105469,0.005225002765655518,13.018716636765749,0.4790569887833047
flow_matching_edm,ode-euler,time_mlp,lotka_volterra,0.6865799963474274,0.09131475862818453,0.6653249859809875,0.060049980878829956,13.024151380825788,0.4839025731993002
flow_matching_edm,ode-euler,time_mlp,slcp_distractors,0.6550449967384339,0.078830335532453,0.6500749886035919,0.05717498064041138,12.819596370309592,0.4872216231409595
flow_matching_edm,ode-euler,time_mlp,bernoulli_glm_raw,0.5174749970436097,0.005904802090364937,0.5168249905109406,0.0034499764442443848,12.743913158029319,0.4692191142769873
ot_flow_matching,ode-euler,time_mlp,gaussian_linear_uniform,0.8364900052547455,0.019228118070301132,0.8349500000476837,0.013000011444091797,12.751700979098677,0.4512393406283802
ot_flow_matching,ode-euler,time_mlp,slcp,0.8649599969387054,0.04207733662563762,0.8745750188827515,0.028374969959259033,11.889930964726954,0.47173227844531984
ot_flow_matching,ode-euler,time_mlp,sir,0.8924800038337708,0.026496526373548667,0.8928000032901764,0.025924980640411377,12.965981472749263,0.4811143012182897
ot_flow_matching,ode-euler,time_mlp,gaussian_linear,0.7635300040245057,0.039491930630876394,0.7608250081539154,0.02739998698234558,12.887046745140106,0.47323590420125905
ot_flow_matching,ode-euler,time_mlp,two_moons,0.8584949970245361,0.036398358237316485,0.8461499810218811,0.02922499179840088,12.75839297939092,0.4633800224670626
ot_flow_matching,ode-euler,time_mlp,bernoulli_glm,0.8899299919605255,0.02184839482189062,0.8936749994754791,0.021624982357025146,12.703666064422578,0.4392447603032648
ot_flow_matching,ode-euler,time_mlp,gaussian_mixture,0.909865003824234,0.02378812491233574,0.9127250015735626,0.020424991846084595,12.873421396221966,0.419539921751242
ot_flow_matching,ode-euler,time_mlp,lotka_volterra,0.9598600089550018,0.017984354296447493,0.9548750221729279,0.013500005006790161,13.115724894683808,0.4666738255886398
ot_flow_matching,ode-euler,time_mlp,slcp_distractors,0.8627949953079224,0.038597110936264806,0.8716749846935272,0.031200021505355835,12.867931817099452,0.47413711682227216
ot_flow_matching,ode-euler,time_mlp,bernoulli_glm_raw,0.8895949959754944,0.023755461679916885,0.890749990940094,0.02287501096725464,12.667100899107755,0.4710079322641588
ot_partial_flow_matching,ode-euler,time_mlp,gaussian_linear_uniform,0.850805002450943,0.023495410081345293,0.8529250025749207,0.019524991512298584,12.87811044100672,0.41148627795241244
ot_partial_flow_matching,ode-euler,time_mlp,slcp,0.8780699968338013,0.03866881242594114,0.8781749904155731,0.034074991941452026,13.068240049947054,0.4001760207368377
ot_partial_flow_matching,ode-euler,time_mlp,sir,0.9153650045394898,0.0236123722333238,0.9171500205993652,0.023950010538101196,12.773270102683455,0.4648461341206011
ot_partial_flow_matching,ode-euler,time_mlp,gaussian_linear,0.7883749902248383,0.05011572932005403,0.7850500047206879,0.03897497057914734,12.896061063744128,0.4630567413468502
ot_partial_flow_matching,ode-euler,time_mlp,two_moons,0.8830349922180176,0.033628798109365164,0.8715749979019165,0.027274996042251587,13.117354532610625,0.4964164821587263
ot_partial_flow_matching,ode-euler,time_mlp,bernoulli_glm,0.9103350102901459,0.03741128819849654,0.9085250198841095,0.03545001149177551,12.016139715816825,0.485426154383392
ot_partial_flow_matching,ode-euler,time_mlp,gaussian_mixture,0.9261700093746186,0.01974401766957759,0.9271500110626221,0.014050006866455078,12.674844829831272,0.4755977796959733
ot_partial_flow_matching,ode-euler,time_mlp,lotka_volterra,0.9691449880599976,0.017429865219068877,0.9653749763965607,0.013874977827072144,13.020632608793676,0.5550150954941958
ot_partial_flow_matching,ode-euler,time_mlp,slcp_distractors,0.87885000705719,0.03642376782483655,0.883774995803833,0.03380000591278076,12.963107602577656,0.4707800763675595
ot_partial_flow_matching,ode-euler,time_mlp,bernoulli_glm_raw,0.9065399944782258,0.03889183777321945,0.9061749875545502,0.0361500084400177,12.698630263097584,0.47052696350408474
cot_flow_matching,ode-euler,time_mlp,gaussian_linear_uniform,0.5052850008010864,0.003395813134898943,0.504925012588501,0.002674996852874756,13.495315684191883,0.6066214048683223
cot_flow_matching,ode-euler,time_mlp,slcp,0.635684996843338,0.09696384725988459,0.5883499979972839,0.03802499175071716,12.993657821044327,0.46123036058199784
cot_flow_matching,ode-euler,time_mlp,sir,0.5769800007343292,0.05320396668700978,0.5579749941825867,0.023074984550476074,13.566341053135693,0.5809640366479679
cot_flow_matching,ode-euler,time_mlp,gaussian_linear,0.5025349974632263,0.0022654037901990664,0.5014249980449677,0.0004750192165374756,12.858772614691407,0.4968113526641641
cot_flow_matching,ode-euler,time_mlp,two_moons,0.5552750051021575,0.0383684627322093,0.5484500229358673,0.03560003638267517,12.911481650359928,0.4888311670204095
cot_flow_matching,ode-euler,time_mlp,bernoulli_glm,0.5142250061035156,0.007418492148608838,0.5144500136375427,0.006825000047683716,12.795811580307781,0.4778645382267324
cot_flow_matching,ode-euler,time_mlp,gaussian_mixture,0.5684400022029876,0.03494070518858831,0.5531499981880188,0.02182498574256897,12.97517136828974,0.46663670491626075
cot_flow_matching,ode-euler,time_mlp,lotka_volterra,0.689329993724823,0.08804287148260961,0.6600500047206879,0.04309996962547302,13.018638417683542,0.46286221553447815
cot_flow_matching,ode-euler,time_mlp,slcp_distractors,0.6361649990081787,0.08813521997152292,0.5839750170707703,0.034075021743774414,12.645591589156538,0.4552472422608163
cot_flow_matching,ode-euler,time_mlp,bernoulli_glm_raw,0.5155350029468536,0.004990938807300951,0.5151000022888184,0.0016250014305114746,12.818990346509963,0.4890948990138967
cot_0_02_flow_matching,ode-euler,time_mlp,gaussian_linear_uniform,0.5068499922752381,0.004324587470233752,0.5064249932765961,0.003224998712539673,12.822718073334546,0.4712160529281159
cot_0_02_flow_matching,ode-euler,time_mlp,slcp,0.6536549985408783,0.08233900238426557,0.6209250092506409,0.053474992513656616,12.60251698680222,0.46076505013338315
cot_0_02_flow_matching,ode-euler,time_mlp,sir,0.6092899978160858,0.08909847084623349,0.5841249823570251,0.038924992084503174,12.972748896107078,0.47303703801929614
cot_0_02_flow_matching,ode-euler,time_mlp,gaussian_linear,0.510605001449585,0.007760872444801609,0.509850025177002,0.006449997425079346,12.892197929043324,0.44159207538030787
cot_0_02_flow_matching,ode-euler,time_mlp,two_moons,0.5619449943304062,0.04744969110424335,0.5512000024318695,0.03860001266002655,12.715099959541112,0.5622485197536509
cot_0_02_flow_matching,ode-euler,time_mlp,bernoulli_glm,0.5203099966049194,0.014647522820822795,0.5193249881267548,0.01260000467300415,12.81745250383392,0.48279854697223956
cot_0_02_flow_matching,ode-euler,time_mlp,gaussian_mixture,0.5889850080013275,0.04592547540557079,0.5741499960422516,0.03290000557899475,12.978169593121857,0.47986301057401565
cot_0_02_flow_matching,ode-euler,time_mlp,lotka_volterra,0.7181849956512452,0.10191549637566293,0.6619249880313873,0.0372999906539917,13.06577457981184,0.48189169251443426
cot_0_02_flow_matching,ode-euler,time_mlp,slcp_distractors,0.648595005273819,0.08712365366479295,0.6076749861240387,0.04024997353553772,13.944855831749738,0.5150823829105196
cot_0_02_flow_matching,ode-euler,time_mlp,bernoulli_glm_raw,0.5178149938583374,0.007010168316618559,0.5185250043869019,0.005649983882904053,13.030527077242732,0.5371914927194356
cot_0_05_flow_matching,ode-euler,time_mlp,gaussian_linear_uniform,0.5366299986839295,0.019938195258276895,0.5336000025272369,0.013574987649917603,12.992079163901508,0.486635015524873
cot_0_05_flow_matching,ode-euler,time_mlp,slcp,0.686409991979599,0.0776970956231981,0.6642749905586243,0.04264998435974121,12.926458313502371,0.5091040174051547
cot_0_05_flow_matching,ode-euler,time_mlp,sir,0.694254994392395,0.08377895166393354,0.6760750114917755,0.06617501378059387,13.136242283321916,0.4917671137866579
cot_0_05_flow_matching,ode-euler,time_mlp,gaussian_linear,0.5567050099372863,0.028995661679832623,0.5498250126838684,0.021225005388259888,12.93829285465181,0.49700749864756133
cot_0_05_flow_matching,ode-euler,time_mlp,two_moons,0.613744992017746,0.06486651626450259,0.6177499890327454,0.05074998736381531,12.872599348891526,0.47952114661443046
cot_0_05_flow_matching,ode-euler,time_mlp,bernoulli_glm,0.5679149985313415,0.048061747762510106,0.5632250010967255,0.044349998235702515,13.00666970508173,0.5393385206535687
cot_0_05_flow_matching,ode-euler,time_mlp,gaussian_mixture,0.6600300014019013,0.06077295053997987,0.6440749764442444,0.04977497458457947,12.789901000633837,0.486491457725065
cot_0_05_flow_matching,ode-euler,time_mlp,lotka_volterra,0.7634950041770935,0.0847499236462947,0.7304750084877014,0.047975003719329834,12.734539985749871,0.4640483845445035
cot_0_05_flow_matching,ode-euler,time_mlp,slcp_distractors,0.670799994468689,0.09079150258276293,0.6438249945640564,0.06457501649856567,12.70905672730878,0.4587634432156075
cot_0_05_flow_matching,ode-euler,time_mlp,bernoulli_glm_raw,0.540625,0.028418218570761846,0.5378749966621399,0.028275012969970703,13.068496242631227,0.48230345385677015
cot_0_1_flow_matching,ode-euler,time_mlp,gaussian_linear_uniform,0.6093499958515167,0.032179694473585055,0.6106750071048737,0.02619999647140503,12.846820292435586,0.4757415726668002
cot_0_1_flow_matching,ode-euler,time_mlp,slcp,0.7159549951553345,0.0549851257150062,0.7214999794960022,0.05080002546310425,12.964020868949593,0.4893844805492965
cot_0_1_flow_matching,ode-euler,time_mlp,sir,0.7382049977779388,0.07807263231710959,0.7259249985218048,0.06642499566078186,12.62373290034011,0.4936388984898274
cot_0_1_flow_matching,ode-euler,time_mlp,gaussian_linear,0.6090950012207031,0.04024698509942041,0.602150022983551,0.030050039291381836,12.720972705073654,0.45429726974332374
cot_0_1_flow_matching,ode-euler,time_mlp,two_moons,0.6635800004005432,0.06567403519043183,0.6439999938011169,0.05757501721382141,12.969950507767498,0.49331476220529147
cot_0_1_flow_matching,ode-euler,time_mlp,bernoulli_glm,0.631520003080368,0.08565061907068894,0.6462250053882599,0.07647499442100525,12.820080981217325,0.5052438456823869
cot_0_1_flow_matching,ode-euler,time_mlp,gaussian_mixture,0.7133050084114074,0.06673321555577928,0.6989500224590302,0.05140000581741333,12.88755150027573,0.49290990754983666
cot_0_1_flow_matching,ode-euler,time_mlp,lotka_volterra,0.8105399966239929,0.08903825786613359,0.7818999886512756,0.0640999972820282,13.154529346898197,0.4805951237777166
cot_0_1_flow_matching,ode-euler,time_mlp,slcp_distractors,0.7034649968147277,0.04946239774486597,0.6957499980926514,0.038375020027160645,12.841766766272485,0.4453362275908106
cot_0_1_flow_matching,ode-euler,time_mlp,bernoulli_glm_raw,0.6099350035190583,0.07882330704798214,0.6071749925613403,0.08402499556541443,13.246974810119719,0.548586923659158
cot_partial_flow_matching,ode-euler,time_mlp,gaussian_linear_uniform,0.5088699936866761,0.007532863007252483,0.5068999826908112,0.003524988889694214,13.046573766693474,0.49301005864651315
cot_partial_flow_matching,ode-euler,time_mlp,slcp,0.6525399863719941,0.07442617338841079,0.6480749845504761,0.05820000171661377,13.013906031101943,0.48755110845989325
cot_partial_flow_matching,ode-euler,time_mlp,sir,0.5861499905586243,0.06285531949463374,0.5659499764442444,0.022149980068206787,13.601072402950376,0.6484807540119466
cot_partial_flow_matching,ode-euler,time_mlp,gaussian_linear,0.5135700047016144,0.009927467758414953,0.5109000205993652,0.00565001368522644,12.7864198544994,0.4914509203566944
cot_partial_flow_matching,ode-euler,time_mlp,two_moons,0.5721449971199035,0.059688393558718064,0.559499979019165,0.03877502679824829,12.980962685961277,0.4983082044791428
cot_partial_flow_matching,ode-euler,time_mlp,bernoulli_glm,0.5435350060462951,0.038601289315617786,0.5311500132083893,0.02482500672340393,14.033253996632993,0.5629039475634458
cot_partial_flow_matching,ode-euler,time_mlp,gaussian_mixture,0.6012600004673004,0.06630030140293296,0.5791749954223633,0.0305749773979187,12.654280247632414,0.4363097625376331
cot_partial_flow_matching,ode-euler,time_mlp,lotka_volterra,0.7039349973201752,0.09409126500514269,0.6571000218391418,0.02020004391670227,12.895853335876017,0.44612374568843216
cot_partial_flow_matching,ode-euler,time_mlp,slcp_distractors,0.6604850053787231,0.08942407963565652,0.6362999975681305,0.055575013160705566,12.979491693899035,0.4627461805639706
cot_partial_flow_matching,ode-euler,time_mlp,bernoulli_glm_raw,0.5298649966716766,0.023838963631449384,0.5258750021457672,0.021975010633468628,12.812006289698184,0.48109098502691616
consistency_model,ode-euler,time_mlp,gaussian_linear_uniform,0.5338350057601928,0.003126903308460389,0.5344000160694122,0.0024499893188476562,0.44261903055012225,0.464453557645227
consistency_model,ode-euler,time_mlp,slcp,0.6780099928379059,0.08851644109167194,0.6584499776363373,0.06162497401237488,0.43654007809236645,0.44227173844972717
consistency_model,ode-euler,time_mlp,sir,0.5599199950695037,0.018817984948335288,0.5570499897003174,0.015724986791610718,0.4389606344513595,0.4454857915439238
consistency_model,ode-euler,time_mlp,gaussian_linear,0.5300050020217896,0.008372116707273503,0.5301499962806702,0.007575005292892456,0.4398736829869449,0.44604432352468276
consistency_model,ode-euler,time_mlp,two_moons,0.5205350041389465,0.012869530605340207,0.5189999938011169,0.00845000147819519,0.43810884980484843,0.44391578498125295
consistency_model,ode-euler,time_mlp,bernoulli_glm,0.531045001745224,0.004991960427929725,0.5304250121116638,0.003724992275238037,0.4367082674987614,0.4430742396550762
consistency_model,ode-euler,time_mlp,gaussian_mixture,0.6064600050449371,0.01567046821972125,0.6074000000953674,0.012199997901916504,0.43445073189213873,0.4417260613664972
consistency_model,ode-euler,time_mlp,lotka_volterra,0.7459549963474273,0.10234753284971801,0.7055749893188477,0.046249985694885254,0.4343321867287159,0.4397202788303838
consistency_model,ode-euler,time_mlp,slcp_distractors,0.6612900018692016,0.0737758118279389,0.6269749999046326,0.04132497310638428,0.4238943988457322,0.432782034301712
consistency_model,ode-euler,time_mlp,bernoulli_glm_raw,0.5572200000286103,0.00958862208466082,0.5579250156879425,0.006449997425079346,0.4405975708737969,0.45085060128240284
stable_consistency_model,ode-euler,time_mlp,gaussian_linear_uniform,0.566285002231598,0.004674400495230706,0.5666750073432922,0.0022999942302703857,0.6831529337912798,0.7056750571919717
stable_consistency_model,ode-euler,time_mlp,slcp,0.6885499954223633,0.09383259433610548,0.6345499753952026,0.016550004482269287,0.5865890677087009,0.5917634221355453
stable_consistency_model,ode-euler,time_mlp,sir,0.5620700001716614,0.014037085030649816,0.5617749989032745,0.012324988842010498,0.6038254249840975,0.6296055368259083
stable_consistency_model,ode-euler,time_mlp,gaussian_linear,0.6021549999713898,0.004901956288303023,0.6024750173091888,0.0033749639987945557,0.6490468772128224,0.6584930645444061
stable_consistency_model,ode-euler,time_mlp,two_moons,0.5410549938678741,0.013390156670273658,0.5426499843597412,0.008275002241134644,0.6575338280759752,0.6899571564150213
stable_consistency_model,ode-euler,time_mlp,bernoulli_glm,0.5508150041103363,0.010584233423320202,0.5515000224113464,0.006700009107589722,0.6449434543959797,0.6615005803891619
stable_consistency_model,ode-euler,time_mlp,gaussian_mixture,0.5811450004577636,0.01224367252150898,0.5835750102996826,0.007575005292892456,0.7092717504128814,0.750347245381562
stable_consistency_model,ode-euler,time_mlp,lotka_volterra,0.7618799984455109,0.06486952280828588,0.7435500025749207,0.03365001082420349,0.6952552417293191,0.7101784254589052
stable_consistency_model,ode-euler,time_mlp,slcp_distractors,0.6924100041389465,0.0721054261074857,0.6707749962806702,0.046174973249435425,0.6326603533700108,0.646911227663488
stable_consistency_model,ode-euler,time_mlp,bernoulli_glm_raw,0.5484349966049195,0.01297667512028674,0.5497999787330627,0.008375018835067749,0.6575414475984871,0.6916114094915062
diffusion_edm_vp,ode-euler,time_mlp,gaussian_linear_uniform,0.5162850022315979,0.0039019977188213322,0.5162749886512756,0.0027750134468078613,15.02140501961112,0.4968392071063169
diffusion_edm_vp,ode-euler,time_mlp,slcp,0.6504449844360352,0.09049627044246344,0.6248499751091003,0.05625000596046448,14.881974315177649,0.5319718116456683
diffusion_edm_vp,ode-euler,time_mlp,sir,0.5420249998569489,0.017885536165049787,0.543150007724762,0.015199989080429077,14.85087038455531,0.4835158543456236
diffusion_edm_vp,ode-euler,time_mlp,gaussian_linear,0.5040049970149993,0.0032937351421290367,0.5027250051498413,0.00039999186992645264,15.038859869167208,0.521597049238066
diffusion_edm_vp,ode-euler,time_mlp,two_moons,0.5235499978065491,0.0137861497984807,0.5174499750137329,0.005649954080581665,14.709218157362193,0.43801985785005
diffusion_edm_vp,ode-euler,time_mlp,bernoulli_glm,0.5205900073051453,0.00695872002479942,0.5205000042915344,0.004949986934661865,15.234989679232239,0.4882318720590349
diffusion_edm_vp,ode-euler,time_mlp,gaussian_mixture,0.530429995059967,0.006272002702258424,0.5304999947547913,0.004224985837936401,15.070974321477115,0.5064031218679285
diffusion_edm_vp,ode-euler,time_mlp,lotka_volterra,0.7130150020122528,0.0923715328627876,0.6818999946117401,0.03849998116493225,15.1373471589759,0.5183060385280154
diffusion_edm_vp,ode-euler,time_mlp,slcp_distractors,0.6501399993896484,0.0719337644850117,0.6390500068664551,0.06347498297691345,14.934682753309607,0.534521931791518
diffusion_edm_vp,ode-euler,time_mlp,bernoulli_glm_raw,0.5213849902153015,0.0038314471538971975,0.5219749808311462,0.0031999945640563965,14.815429093316197,0.5115840807307016
diffusion_edm_vp_ema,ode-euler,time_mlp,gaussian_linear_uniform,0.5148849964141846,0.004783247468768694,0.5141499936580658,0.001949995756149292,15.162379960436374,0.48180389098713955
diffusion_edm_vp_ema,ode-euler,time_mlp,slcp,0.6315299928188324,0.06346299941000835,0.612625002861023,0.02664998173713684,15.045099710207433,0.49577023487807376
diffusion_edm_vp_ema,ode-euler,time_mlp,sir,0.547460001707077,0.01713862456835499,0.5475000143051147,0.008550018072128296,15.064713088050485,0.5144504785726075
diffusion_edm_vp_ema,ode-euler,time_mlp,gaussian_linear,0.5056849896907807,0.0038143813180096225,0.5046499967575073,0.0028000175952911377,14.838221587985753,0.47871767497811507
diffusion_edm_vp_ema,ode-euler,time_mlp,two_moons,0.517469996213913,0.011945187415910958,0.5136500000953674,0.006125003099441528,15.728446327243,0.3204701266636969
diffusion_edm_vp_ema,ode-euler,time_mlp,bernoulli_glm,0.525285005569458,0.005766108934560974,0.5238250195980072,0.0031999945640563965,15.456554577779025,0.5877453990114525
diffusion_edm_vp_ema,ode-euler,time_mlp,gaussian_mixture,0.5370999991893768,0.008833654698276808,0.5385249853134155,0.005174994468688965,14.866628741659223,0.508138833805707
diffusion_edm_vp_ema,ode-euler,time_mlp,lotka_volterra,0.6965099930763244,0.09196097678213144,0.6463249921798706,0.026300013065338135,16.01980533655733,0.6479480619652656
diffusion_edm_vp_ema,ode-euler,time_mlp,slcp_distractors,0.66109499335289,0.08677857030317224,0.6276499927043915,0.06290000677108765,14.659157586563378,0.4838022937247696
diffusion_edm_vp_ema,ode-euler,time_mlp,bernoulli_glm_raw,0.5239449918270112,0.006587089992051532,0.5229499936103821,0.006424993276596069,14.67497249674052,0.4801850194786729
diffusion_edm_ve,ode-euler,time_mlp,gaussian_linear_uniform,0.8472149968147278,0.03311956023832408,0.8511250019073486,0.02777501940727234,14.979988431278617,0.5020255728095522
diffusion_edm_ve,ode-euler,time_mlp,slcp,0.8247049987316132,0.04521535502772565,0.840499997138977,0.020550012588500977,14.671641925163566,0.505805131516209
diffusion_edm_ve,ode-euler,time_mlp,sir,0.6990700006484986,0.06956353590062843,0.7007749974727631,0.0716249942779541,14.308367757499218,0.5025557587124388
diffusion_edm_ve,ode-euler,time_mlp,gaussian_linear,0.855034989118576,0.03207528796518243,0.8532249927520752,0.023649990558624268,14.678434771951288,0.4884057534079443
diffusion_edm_ve,ode-euler,time_mlp,two_moons,0.722439992427826,0.06687110036630309,0.717074990272522,0.05172500014305115,14.671450418047607,0.49936296226514354
diffusion_edm_ve,ode-euler,time_mlp,bernoulli_glm,0.862704998254776,0.08425744840790315,0.8770250082015991,0.06427499651908875,14.737799559440464,0.5082505729394017
diffusion_edm_ve,ode-euler,time_mlp,gaussian_mixture,0.7398200035095215,0.06850061893197326,0.7488000094890594,0.05494999885559082,14.855451568774878,0.4779483664650686
diffusion_edm_ve,ode-euler,time_mlp,lotka_volterra,0.8551299929618835,0.07662244439806996,0.8552500009536743,0.07690000534057617,14.265773387998342,0.4885952401279253
diffusion_edm_ve,ode-euler,time_mlp,slcp_distractors,0.8231550037860871,0.04342584194038242,0.8407000005245209,0.02340000867843628,11.932422268390656,0.43466748752482853
diffusion_edm_ve,ode-euler,time_mlp,bernoulli_glm_raw,0.8660699903964997,0.08099959416926282,0.8853749930858612,0.05840000510215759,12.716011759079993,0.45442786380455635
diffusion_cosine_F,ode-euler,time_mlp,gaussian_linear_uniform,0.5065199971199036,0.0025982749152614875,0.5061750113964081,0.0022749900817871094,15.19662062851712,0.5022709991537061
diffusion_cosine_F,ode-euler,time_mlp,slcp,0.6617299973964691,0.10329075743754197,0.5990250110626221,0.03607502579689026,14.999414069764317,0.5054456244032245
diffusion_cosine_F,ode-euler,time_mlp,sir,0.5463649988174438,0.01523208883984447,0.5436500012874603,0.011525005102157593,15.249674686137586,0.4945427712372545
diffusion_cosine_F,ode-euler,time_mlp,gaussian_linear,0.5026749968528748,0.0018894713441517613,0.5020749866962433,0.0011999905109405518,14.905716461502015,0.49002961038833664
diffusion_cosine_F,ode-euler,time_mlp,two_moons,0.515800005197525,0.005891044871563455,0.5171999931335449,0.003949999809265137,15.154526307061314,0.4798436859913855
diffusion_cosine_F,ode-euler,time_mlp,bernoulli_glm,0.5119649946689606,0.0064255396834043835,0.5109999775886536,0.005250006914138794,15.0634198599495,0.5135377503517509
diffusion_cosine_F,ode-euler,time_mlp,gaussian_mixture,0.5235999941825866,0.011986952977160488,0.5213499963283539,0.009350001811981201,15.172032458521425,0.5000287440246897
diffusion_cosine_F,ode-euler,time_mlp,lotka_volterra,0.7233849942684174,0.07014239354064035,0.7111000120639801,0.04692500829696655,15.353799106832593,0.47713297528040094
diffusion_cosine_F,ode-euler,time_mlp,slcp_distractors,0.6641000032424926,0.09689560874969684,0.6154250204563141,0.041175007820129395,15.386379692610353,0.4957781731089951
diffusion_cosine_F,ode-euler,time_mlp,bernoulli_glm_raw,0.5159349977970124,0.006585486098951843,0.5177499949932098,0.004675000905990601,16.19571619722992,0.7244404192536995
diffusion_cosine_v,ode-euler,time_mlp,gaussian_linear_uniform,0.505259993672371,0.0027975672574056237,0.5053249895572662,0.002925008535385132,14.812968948855996,0.5060385719452615
diffusion_cosine_v,ode-euler,time_mlp,slcp,0.6461950004100799,0.09764370156875084,0.5905749797821045,0.022824972867965698,15.10136212380603,0.6274744639331796
diffusion_cosine_v,ode-euler,time_mlp,sir,0.5450649917125702,0.019633904061648794,0.536549985408783,0.010350018739700317,14.747933341283352,0.5129049870853649
diffusion_cosine_v,ode-euler,time_mlp,gaussian_linear,0.5026549875736237,0.0024452404909118403,0.5017249882221222,0.0014249831438064575,14.496842293813824,0.5036871097914709
diffusion_cosine_v,ode-euler,time_mlp,two_moons,0.5113700091838836,0.006402227442642342,0.5101500153541565,0.00452500581741333,14.956278724968433,0.5097271368113654
diffusion_cosine_v,ode-euler,time_mlp,bernoulli_glm,0.5156099975109101,0.005383485669552402,0.5141500234603882,0.0045500099658966064,14.43586079897359,0.5072478091665412
diffusion_cosine_v,ode-euler,time_mlp,gaussian_mixture,0.5280200064182281,0.00934093589454556,0.5248250067234039,0.008650004863739014,14.510880451370031,0.49068708524726073
diffusion_cosine_v,ode-euler,time_mlp,lotka_volterra,0.7318150043487549,0.10139329968198811,0.6823750138282776,0.040724992752075195,14.812413380760699,0.5107628063163925
diffusion_cosine_v,ode-euler,time_mlp,slcp_distractors,0.6343900024890899,0.09052393371875796,0.5776750147342682,0.015650004148483276,14.977404877450317,0.49492638706214925
diffusion_cosine_v,ode-euler,time_mlp,bernoulli_glm_raw,0.5177550137042999,0.007623012316362826,0.5185500085353851,0.006274998188018799,14.717159800231457,0.5025687075334809
diffusion_cosine_v_lw,ode-euler,time_mlp,gaussian_linear_uniform,0.506304994225502,0.003262244769944376,0.5055499970912933,0.0027000010013580322,14.73137116646394,0.49624779933489827
diffusion_cosine_v_lw,ode-euler,time_mlp,slcp,0.6499599993228913,0.09706057483026305,0.6119999885559082,0.05207499861717224,15.027040067780764,0.5181845101377597
diffusion_cosine_v_lw,ode-euler,time_mlp,sir,0.5430349946022034,0.019856970011882403,0.5389499962329865,0.009849995374679565,14.553199844434857,0.4656677913688251
diffusion_cosine_v_lw,ode-euler,time_mlp,gaussian_linear,0.5040550023317337,0.003534222534800809,0.5030750036239624,0.0022999942302703857,14.625559523515403,0.4852837544036668
diffusion_cosine_v_lw,ode-euler,time_mlp,two_moons,0.5323949933052063,0.012392308993177661,0.5302749872207642,0.007049977779388428,15.076830446068197,0.49933431118247634
diffusion_cosine_v_lw,ode-euler,time_mlp,bernoulli_glm,0.5161549985408783,0.0065743905726524075,0.5157999992370605,0.006049990653991699,14.69880605172366,0.5168853403470359
diffusion_cosine_v_lw,ode-euler,time_mlp,gaussian_mixture,0.5426549971103668,0.012153937615176469,0.5437500178813934,0.005799978971481323,14.649899416603148,0.4349187828317876
diffusion_cosine_v_lw,ode-euler,time_mlp,lotka_volterra,0.7164049923419953,0.08282176230934823,0.6990499794483185,0.036424994468688965,14.925323739740998,0.5140194047225646
diffusion_cosine_v_lw,ode-euler,time_mlp,slcp_distractors,0.6587150037288666,0.09695217866618282,0.6120499968528748,0.04422500729560852,14.706217166502029,0.4941631438433821
diffusion_cosine_v_lw,ode-euler,time_mlp,bernoulli_glm_raw,0.5226599991321563,0.005299651633715965,0.5224249958992004,0.0040000081062316895,14.87874222137034,0.4807003578404459
diffusion_cosine_noise,ode-euler,time_mlp,gaussian_linear_uniform,0.6511949956417084,0.01456514726620124,0.6539750099182129,0.0063250064849853516,15.0188491798006,0.5127127780024326
diffusion_cosine_noise,ode-euler,time_mlp,slcp,0.7303149998188019,0.07620344996673835,0.7010999917984009,0.03494998812675476,14.565258127264679,0.50543128346088
diffusion_cosine_noise,ode-euler,time_mlp,sir,0.6063212633132935,0.018775801831622408,0.6018249988555908,0.009865164756774902,14.805243279132991,0.5175720690280949
diffusion_cosine_noise,ode-euler,time_mlp,gaussian_linear,0.5948949992656708,0.019559901490398025,0.6000500023365021,0.014125019311904907,14.761046453937889,0.5004099654621706
diffusion_cosine_noise,ode-euler,time_mlp,two_moons,0.5985650002956391,0.025546901730703963,0.5934749841690063,0.022450000047683716,14.87458909889683,0.5379779355575897
diffusion_cosine_noise,ode-euler,time_mlp,bernoulli_glm,0.7589700043201446,0.03011507422330824,0.7500750124454498,0.012425005435943604,15.550845877826214,0.6989948915281962
diffusion_cosine_noise,ode-euler,time_mlp,gaussian_mixture,0.6260450065135956,0.01495465439230116,0.6227000057697296,0.004875004291534424,14.962811998929828,0.514078424633152
diffusion_cosine_noise,ode-euler,time_mlp,lotka_volterra,0.7342235445976257,0.10851324023471576,0.7059000134468079,0.0662534236907959,14.833492618054152,0.4826620103395799
diffusion_cosine_noise,ode-euler,time_mlp,slcp_distractors,0.7389250040054322,0.09018638913186054,0.7217250168323517,0.04655000567436218,14.675162125844508,0.5108918299339302
diffusion_cosine_noise,ode-euler,time_mlp,bernoulli_glm_raw,0.6664950013160705,0.027328225321159586,0.6607750058174133,0.013450026512145996,14.905710784811527,0.5865339398360309
flow_matching,ode-euler-mini,time_mlp,gaussian_linear_uniform,0.5695199966430664,0.0059127349488224575,0.5703499913215637,0.004224985837936401,0.263366882968694,0.0006585763887596895
flow_matching,ode-euler-mini,time_mlp,slcp,0.6971199989318848,0.10590717975954446,0.6660999953746796,0.05550000071525574,0.26264092810451983,0.00973941476742618
flow_matching,ode-euler-mini,time_mlp,sir,0.8675700068473816,0.03683096893763463,0.8726249933242798,0.017574995756149292,0.26109776087105274,0.0005889138035725137
flow_matching,ode-euler-mini,time_mlp,gaussian_linear,0.5553850054740905,0.004428154228493138,0.555649995803833,0.0030249953269958496,0.25861162059009074,0.00046496402867750845
flow_matching,ode-euler-mini,time_mlp,two_moons,0.7721950054168701,0.10200435237408378,0.7788500189781189,0.06027501821517944,0.2660738290287554,0.0008501918770713754
flow_matching,ode-euler-mini,time_mlp,bernoulli_glm,0.6591600000858306,0.012751745678602128,0.6568000018596649,0.009850025177001953,0.26172447903081775,0.0006037519544944737
flow_matching,ode-euler-mini,time_mlp,gaussian_mixture,0.6364299952983856,0.02421332608813331,0.6327750086784363,0.010650008916854858,0.2641996004618704,0.001147255798958882
flow_matching,ode-euler-mini,time_mlp,lotka_volterra,0.9430949985980988,0.030438594556005043,0.9458750188350677,0.027624964714050293,0.26212517796084284,0.0010119746885730945
flow_matching,ode-euler-mini,time_mlp,slcp_distractors,0.7428699970245362,0.105023500438808,0.7162750065326691,0.08115002512931824,0.26516228253021834,0.0007455383481649895
flow_matching,ode-euler-mini,time_mlp,bernoulli_glm_raw,0.6607550024986267,0.012894982600527008,0.6586000025272369,0.010275006294250488,0.2565763870254159,0.0008402129804746826
flow_matching_edm,ode-euler-mini,time_mlp,gaussian_linear_uniform,0.5784950077533721,0.006086647300695019,0.5798250138759613,0.002875000238418579,0.2629623751156032,0.0009874956473578066
flow_matching_edm,ode-euler-mini,time_mlp,slcp,0.6985899984836579,0.08943170105152932,0.676274985074997,0.05434998869895935,0.26346167353913186,0.0017105525751322332
flow_matching_edm,ode-euler-mini,time_mlp,sir,0.8865750014781952,0.017786542377842263,0.894225001335144,0.013099998235702515,0.25770452255383136,0.0013856010462214062
flow_matching_edm,ode-euler-mini,time_mlp,gaussian_linear,0.5521499991416932,0.0034921446154206138,0.5507000088691711,0.0021499991416931152,0.2608893936499953,0.0005402952643537247
flow_matching_edm,ode-euler-mini,time_mlp,two_moons,0.7997150003910065,0.0690118059854049,0.7986499965190887,0.05790001153945923,0.24897854626178742,0.008821466983572317
flow_matching_edm,ode-euler-mini,time_mlp,bernoulli_glm,0.6647399961948395,0.02175673742851039,0.660524994134903,0.010699987411499023,0.2571592398919165,0.0008260518400441028
flow_matching_edm,ode-euler-mini,time_mlp,gaussian_mixture,0.6318799972534179,0.022468951092828343,0.6252999901771545,0.014975011348724365,0.2651305740699172,0.001699402873317383
flow_matching_edm,ode-euler-mini,time_mlp,lotka_volterra,0.9203100025653839,0.032383173574502454,0.9354749917984009,0.009700000286102295,0.26476459940895436,0.0006940884474700178
flow_matching_edm,ode-euler-mini,time_mlp,slcp_distractors,0.7211900055408478,0.07996918690119115,0.7252750098705292,0.07052502036094666,0.26054552756249905,0.0007123353384938929
flow_matching_edm,ode-euler-mini,time_mlp,bernoulli_glm_raw,0.665865010023117,0.011362262497252149,0.6651750206947327,0.004225015640258789,0.2584334502927959,0.0005713054664405646
ot_flow_matching,ode-euler-mini,time_mlp,gaussian_linear_uniform,0.8109699964523316,0.02299052160614858,0.810699999332428,0.017024993896484375,0.2601212339475751,0.0011354103387156138
ot_flow_matching,ode-euler-mini,time_mlp,slcp,0.8514500021934509,0.04349205974867181,0.856249988079071,0.033475011587142944,0.2316572155803442,0.01374463082551476
ot_flow_matching,ode-euler-mini,time_mlp,sir,0.8426299929618836,0.045955847040681536,0.838699996471405,0.04387500882148743,0.2637917912565172,0.0010691804896516117
ot_flow_matching,ode-euler-mini,time_mlp,gaussian_linear,0.7487599968910217,0.039662654246781864,0.7423000037670135,0.034150004386901855,0.26202488541603086,0.0008689090784034406
ot_flow_matching,ode-euler-mini,time_mlp,two_moons,0.804434996843338,0.051044199656889895,0.8022750020027161,0.04447498917579651,0.25896802041679623,0.0010294259148638505
ot_flow_matching,ode-euler-mini,time_mlp,bernoulli_glm,0.8707499980926514,0.027703278518299564,0.8750500082969666,0.024050027132034302,0.25785467531532047,0.0006661897680357963
ot_flow_matching,ode-euler-mini,time_mlp,gaussian_mixture,0.9010299980640412,0.025933310721820653,0.9042499959468842,0.018849998712539673,0.26150508848950266,0.0013321919652521236
ot_flow_matching,ode-euler-mini,time_mlp,lotka_volterra,0.9218999922275544,0.03353352953746669,0.9108999967575073,0.022374987602233887,0.26705529578030107,0.0010469293491916338
ot_flow_matching,ode-euler-mini,time_mlp,slcp_distractors,0.8499850034713745,0.04052945190239749,0.8538250029087067,0.039224982261657715,0.2625593066215515,0.006184364853202551
ot_flow_matching,ode-euler-mini,time_mlp,bernoulli_glm_raw,0.8715599954128266,0.03073284870308077,0.8733499944210052,0.028499990701675415,0.257379299774766,0.0014151787775937112
ot_partial_flow_matching,ode-euler-mini,time_mlp,gaussian_linear_uniform,0.8325150012969971,0.027307223020644443,0.8350249826908112,0.025850027799606323,0.2621309764683247,0.0009538250945231974
ot_partial_flow_matching,ode-euler-mini,time_mlp,slcp,0.8694650053977966,0.04019049260931384,0.8695250153541565,0.03812500834465027,0.26416761204600336,0.0046087473453934645
ot_partial_flow_matching,ode-euler-mini,time_mlp,sir,0.871370005607605,0.04389632616690439,0.8655500113964081,0.04414999485015869,0.2598504605703056,0.0051309657847559585
ot_partial_flow_matching,ode-euler-mini,time_mlp,gaussian_linear,0.7756899952888489,0.05349409391267378,0.7734499871730804,0.038599997758865356,0.26148458775132893,0.0010347358959299775
ot_partial_flow_matching,ode-euler-mini,time_mlp,two_moons,0.8328499972820282,0.05007878691430923,0.8275749981403351,0.03970000147819519,0.2669816709123552,0.0015167849093045873
ot_partial_flow_matching,ode-euler-mini,time_mlp,bernoulli_glm,0.8962599992752075,0.043213449464031224,0.8967750072479248,0.043974995613098145,0.24019904052838684,0.017563714029052484
ot_partial_flow_matching,ode-euler-mini,time_mlp,gaussian_mixture,0.9206699967384339,0.02336082354700594,0.9219749867916107,0.016274988651275635,0.258413206692785,0.0031398265148480757
ot_partial_flow_matching,ode-euler-mini,time_mlp,lotka_volterra,0.9418599903583527,0.03349484104783143,0.9384499788284302,0.03134998679161072,0.2655590148642659,0.003213304563148426
ot_partial_flow_matching,ode-euler-mini,time_mlp,slcp_distractors,0.868105000257492,0.037865370142912864,0.8654749989509583,0.0330750048160553,0.2649071834050119,0.0007912849073172775
ot_partial_flow_matching,ode-euler-mini,time_mlp,bernoulli_glm_raw,0.8935849905014038,0.04738158877103629,0.8937999904155731,0.044874995946884155,0.2583125142380595,0.00046650179758880156
cot_flow_matching,ode-euler-mini,time_mlp,gaussian_linear_uniform,0.5661450028419495,0.005064460331014423,0.5640499889850616,0.002924978733062744,0.29325500782579184,0.03735455464752068
cot_flow_matching,ode-euler-mini,time_mlp,slcp,0.6890549957752228,0.09601881309305212,0.6503500044345856,0.0596500039100647,0.26448645507916807,0.0006822152419218243
cot_flow_matching,ode-euler-mini,time_mlp,sir,0.8470300078392029,0.027652075854125935,0.8443750143051147,0.014174997806549072,0.2762229175306857,0.01236485494848778
cot_flow_matching,ode-euler-mini,time_mlp,gaussian_linear,0.5432550072669983,0.003416537309849128,0.543150007724762,0.002324998378753662,0.26055255420506,0.00193771595538445
cot_flow_matching,ode-euler-mini,time_mlp,two_moons,0.7463650047779083,0.09103815643598881,0.7628749907016754,0.06000000238418579,0.2625391915440559,0.0009111849263796131
cot_flow_matching,ode-euler-mini,time_mlp,bernoulli_glm,0.6523849964141846,0.01578903983277844,0.6527499854564667,0.010425001382827759,0.2601581120863557,0.0017848093552553668
cot_flow_matching,ode-euler-mini,time_mlp,gaussian_mixture,0.6220099925994873,0.038617959246349906,0.6096749901771545,0.030674993991851807,0.26371248010545967,0.0013786042934025263
cot_flow_matching,ode-euler-mini,time_mlp,lotka_volterra,0.9139649987220764,0.026507435390785088,0.9143500030040741,0.017549991607666016,0.2648499524220824,0.0006624932696299561
cot_flow_matching,ode-euler-mini,time_mlp,slcp_distractors,0.7015949964523316,0.1056128290056577,0.6811749935150146,0.07999998331069946,0.25725948214530947,0.0004723990999173837
cot_flow_matching,ode-euler-mini,time_mlp,bernoulli_glm_raw,0.658160001039505,0.016444923922116918,0.6554249823093414,0.010950028896331787,0.26001704754307864,0.0008269457267895033
cot_0_02_flow_matching,ode-euler-mini,time_mlp,gaussian_linear_uniform,0.5562049984931946,0.006019234147992665,0.5583249926567078,0.005099982023239136,0.261514310631901,0.0010025694002266312
cot_0_02_flow_matching,ode-euler-mini,time_mlp,slcp,0.698800003528595,0.09483735376330515,0.6694999933242798,0.05722498893737793,0.2567569684237242,0.003523373085123219
cot_0_02_flow_matching,ode-euler-mini,time_mlp,sir,0.8644800007343292,0.02584841994010509,0.8770249783992767,0.010525017976760864,0.26405636463314297,0.0009646045659915437
cot_0_02_flow_matching,ode-euler-mini,time_mlp,gaussian_linear,0.5415300011634827,0.006264228597805131,0.5413250029087067,0.004675000905990601,0.26199387237429617,0.001140859138107245
cot_0_02_flow_matching,ode-euler-mini,time_mlp,two_moons,0.7494099915027619,0.07800647536641353,0.7529249787330627,0.04809999465942383,0.2582278990186751,0.001984925534475209
cot_0_02_flow_matching,ode-euler-mini,time_mlp,bernoulli_glm,0.65692999958992,0.017470878206620653,0.6524500250816345,0.011324971914291382,0.2602215250022709,0.0010194358908197977
cot_0_02_flow_matching,ode-euler-mini,time_mlp,gaussian_mixture,0.6299050033092499,0.049757190485484735,0.606249988079071,0.028524965047836304,0.26430998062714933,0.0009250993277305635
cot_0_02_flow_matching,ode-euler-mini,time_mlp,lotka_volterra,0.9213550090789795,0.015981362717106755,0.921999990940094,0.011350005865097046,0.2654488315805793,0.000703716770189347
cot_0_02_flow_matching,ode-euler-mini,time_mlp,slcp_distractors,0.7045800089836121,0.09769201076311478,0.6955249905586243,0.07292497158050537,0.28475135043263433,0.0017482758177891483
cot_0_02_flow_matching,ode-euler-mini,time_mlp,bernoulli_glm_raw,0.6596850037574769,0.014129881998188971,0.6560499966144562,0.008049994707107544,0.2671671307645738,0.008526470068200212
cot_0_05_flow_matching,ode-euler-mini,time_mlp,gaussian_linear_uniform,0.558884996175766,0.01718227748018646,0.5506999790668488,0.010374963283538818,0.26462734304368496,0.0007248802450868199
cot_0_05_flow_matching,ode-euler-mini,time_mlp,slcp,0.7060500144958496,0.0809986500574945,0.6783500015735626,0.06799998879432678,0.2628150484524667,0.0009294223985765774
cot_0_05_flow_matching,ode-euler-mini,time_mlp,sir,0.8686899960041046,0.04374398818082738,0.8797250092029572,0.0198499858379364,0.26685627913102505,0.0008842598775734066
cot_0_05_flow_matching,ode-euler-mini,time_mlp,gaussian_linear,0.5621399998664856,0.02414940999968807,0.5563249886035919,0.016400009393692017,0.26258934624493124,0.0008349083904491836
cot_0_05_flow_matching,ode-euler-mini,time_mlp,two_moons,0.7104550004005432,0.0733076884582999,0.711650013923645,0.0746999979019165,0.2615569753572345,0.0007885762049010702
cot_0_05_flow_matching,ode-euler-mini,time_mlp,bernoulli_glm,0.6634199976921081,0.019575765561831354,0.6663749814033508,0.013100028038024902,0.26382751725614073,0.002769049296217552
cot_0_05_flow_matching,ode-euler-mini,time_mlp,gaussian_mixture,0.6750200033187866,0.05496349752319229,0.6587249934673309,0.039449989795684814,0.2606264536269009,0.0008933322564546628
cot_0_05_flow_matching,ode-euler-mini,time_mlp,lotka_volterra,0.9033549964427948,0.026675606452750366,0.9033249914646149,0.01662498712539673,0.2590474434196949,0.0009573033348777042
cot_0_05_flow_matching,ode-euler-mini,time_mlp,slcp_distractors,0.7020700097084045,0.10177603524338472,0.6685750186443329,0.06325000524520874,0.259049270208925,0.0008708840989300572
cot_0_05_flow_matching,ode-euler-mini,time_mlp,bernoulli_glm_raw,0.6620949983596802,0.017707515076319492,0.6561999917030334,0.006699979305267334,0.2661081084981561,0.0006716293966505673
cot_0_1_flow_matching,ode-euler-mini,time_mlp,gaussian_linear_uniform,0.6013299882411957,0.030659513323349524,0.6040999889373779,0.027000010013580322,0.2617167329415679,0.0009793444679703752
cot_0_1_flow_matching,ode-euler-mini,time_mlp,slcp,0.7193449914455414,0.057441687333529015,0.7175250053405762,0.05654999613761902,0.2635903153568506,0.0006715224474758741
cot_0_1_flow_matching,ode-euler-mini,time_mlp,sir,0.8549549996852874,0.058554910502387945,0.8761000037193298,0.027224987745285034,0.25638410691171887,0.001383654069942144
cot_0_1_flow_matching,ode-euler-mini,time_mlp,gaussian_linear,0.6054149985313415,0.03900819036402142,0.5993500053882599,0.030324995517730713,0.25763542847707865,0.0014400601491403088
cot_0_1_flow_matching,ode-euler-mini,time_mlp,two_moons,0.6882650077342987,0.06174987836422202,0.7036000192165375,0.02907496690750122,0.26377428621053695,0.0007017175876642098
cot_0_1_flow_matching,ode-euler-mini,time_mlp,bernoulli_glm,0.6765900075435638,0.05687815059358657,0.6849000155925751,0.054549992084503174,0.26084528025239706,0.0008966396279158691
cot_0_1_flow_matching,ode-euler-mini,time_mlp,gaussian_mixture,0.7092350065708161,0.06325507446716074,0.6925000250339508,0.04245004057884216,0.2620189033448696,0.0012652057993793567
cot_0_1_flow_matching,ode-euler-mini,time_mlp,lotka_volterra,0.8960650086402893,0.03951925801947006,0.8987500071525574,0.015500009059906006,0.26738399676978586,0.0005892532697015302
cot_0_1_flow_matching,ode-euler-mini,time_mlp,slcp_distractors,0.7143699944019317,0.06576601942835396,0.7126249969005585,0.06634998321533203,0.2609604803845286,0.0010686936598946367
cot_0_1_flow_matching,ode-euler-mini,time_mlp,bernoulli_glm_raw,0.6823949933052063,0.04076469512657561,0.6924249827861786,0.03242501616477966,0.26841001128777864,0.0061425709936945416
cot_partial_flow_matching,ode-euler-mini,time_mlp,gaussian_linear_uniform,0.5711049914360047,0.007084784169869435,0.5731249749660492,0.006300002336502075,0.26583020891994236,0.0008459867784036952
cot_partial_flow_matching,ode-euler-mini,time_mlp,slcp,0.7031850039958953,0.08050178209984411,0.695250004529953,0.06787499785423279,0.2641980227082968,0.0007984532046492445
cot_partial_flow_matching,ode-euler-mini,time_mlp,sir,0.8747849941253663,0.033334529790947615,0.8848499953746796,0.02339997887611389,0.2745428030379117,0.010148211280781002
cot_partial_flow_matching,ode-euler-mini,time_mlp,gaussian_linear,0.5590499997138977,0.008883704186145102,0.5575750172138214,0.00377500057220459,0.2604757146909833,0.0009082134990435403
cot_partial_flow_matching,ode-euler-mini,time_mlp,two_moons,0.7647100031375885,0.07789203923501187,0.7685250043869019,0.07177498936653137,0.2637192633934319,0.0007966750099577205
cot_partial_flow_matching,ode-euler-mini,time_mlp,bernoulli_glm,0.6741449952125549,0.013680042562090803,0.6719000041484833,0.0109499990940094,0.2863429382443428,0.00214221352961502
cot_partial_flow_matching,ode-euler-mini,time_mlp,gaussian_mixture,0.6489300072193146,0.05271191873205718,0.6274750232696533,0.027049988508224487,0.257258166000247,0.0009338330130609086
cot_partial_flow_matching,ode-euler-mini,time_mlp,lotka_volterra,0.9208850085735321,0.016787923776597026,0.9225750267505646,0.013624995946884155,0.2623054594732821,0.0004067978806795682
cot_partial_flow_matching,ode-euler-mini,time_mlp,slcp_distractors,0.7196899890899658,0.09403730385122487,0.7029500007629395,0.04492500424385071,0.26432308088988066,0.0008061350257369617
cot_partial_flow_matching,ode-euler-mini,time_mlp,bernoulli_glm_raw,0.6628499984741211,0.013986196512245036,0.6571249961853027,0.006975024938583374,0.2607781855389476,0.0007221530442656924
flow_matching,ode-euler-small,time_mlp,gaussian_linear_uniform,0.5083949983119964,0.0035831898811792685,0.5090250074863434,0.0011250078678131104,1.282494614738971,0.002206746826862854
flow_matching,ode-euler-small,time_mlp,slcp,0.6388600051403046,0.10042819536136745,0.5830749869346619,0.027899980545043945,1.2720243339426816,0.018155887669636408
flow_matching,ode-euler-small,time_mlp,sir,0.6903149962425232,0.0661032887556302,0.6998249888420105,0.054849982261657715,1.27591157797724,0.0028664444440795493
flow_matching,ode-euler-small,time_mlp,gaussian_linear,0.5065100073814393,0.0034899018034074154,0.5069999992847443,0.002950012683868408,1.2627493782900274,0.002995070408657588
flow_matching,ode-euler-small,time_mlp,two_moons,0.5510249972343445,0.02812683117177944,0.5493499934673309,0.023950010538101196,1.299977210909128,0.0032321401189928023
flow_matching,ode-euler-small,time_mlp,bernoulli_glm,0.5220449984073638,0.004648256783919376,0.5223749876022339,0.004100024700164795,1.2785133444704115,0.0018731671401221808
flow_matching,ode-euler-small,time_mlp,gaussian_mixture,0.5893500089645386,0.018779194691254383,0.5892500281333923,0.012449979782104492,1.2885476208291948,0.005306386148378955
flow_matching,ode-euler-small,time_mlp,lotka_volterra,0.8239149928092957,0.07343034776877352,0.823199987411499,0.038849979639053345,1.2804842226207256,0.003480077960784988
flow_matching,ode-euler-small,time_mlp,slcp_distractors,0.6779750049114227,0.10314101617977266,0.6282249987125397,0.05509999394416809,1.2928411134518683,0.002342586490805409
flow_matching,ode-euler-small,time_mlp,bernoulli_glm_raw,0.5246250033378601,0.00809392667770845,0.5228500068187714,0.005750000476837158,1.2536536622792482,0.002992579573333159
flow_matching_edm,ode-euler-small,time_mlp,gaussian_linear_uniform,0.5138049960136414,0.0030989823385439946,0.5153749883174896,0.0011999905109405518,1.2809335726313293,0.003713610894009513
flow_matching_edm,ode-euler-small,time_mlp,slcp,0.6255349934101104,0.08452675015811184,0.5784749984741211,0.02709999680519104,1.2858168953098357,0.00543827520019161
flow_matching_edm,ode-euler-small,time_mlp,sir,0.6873650014400482,0.05512907005319835,0.7174749970436096,0.028800010681152344,1.257110598962754,0.0044466297644596775
flow_matching_edm,ode-euler-small,time_mlp,gaussian_linear,0.5076049983501434,0.0023934751272475098,0.5071499943733215,0.0017499923706054688,1.274148822762072,0.003064092948395255
flow_matching_edm,ode-euler-small,time_mlp,two_moons,0.5649150013923645,0.029203149416090243,0.564424991607666,0.026374995708465576,1.1804759410209953,0.02890727327505727
flow_matching_edm,ode-euler-small,time_mlp,bernoulli_glm,0.528725004196167,0.008162055431032432,0.5324000120162964,0.004325002431869507,1.2570659859105944,0.0027433184337908854
flow_matching_edm,ode-euler-small,time_mlp,gaussian_mixture,0.590939998626709,0.015447637336991981,0.590499997138977,0.007999986410140991,1.2947187869809569,0.006348994188217602
flow_matching_edm,ode-euler-small,time_mlp,lotka_volterra,0.8376200079917908,0.06399915461718488,0.8660500049591064,0.050750017166137695,1.2932951007038356,0.0029413844533483424
flow_matching_edm,ode-euler-small,time_mlp,slcp_distractors,0.6625649988651275,0.08236121269106715,0.6511250138282776,0.07035002112388611,1.2726560905575752,0.00482400575290944
flow_matching_edm,ode-euler-small,time_mlp,bernoulli_glm_raw,0.528205007314682,0.0050407605454267125,0.5290749967098236,0.0036250054836273193,1.264571575820446,0.00304644875984173
ot_flow_matching,ode-euler-small,time_mlp,gaussian_linear_uniform,0.832099997997284,0.01864266943199638,0.8354749977588654,0.015650004148483276,1.2679364778101445,0.0056514692143069195
ot_flow_matching,ode-euler-small,time_mlp,slcp,0.8625,0.04198810190029328,0.870375007390976,0.02922499179840088,1.1931760480627418,0.038333464533562
ot_flow_matching,ode-euler-small,time_mlp,sir,0.8820350110530853,0.03005999409519221,0.87847501039505,0.02937498688697815,1.2881201476790012,0.0025101499628299288
ot_flow_matching,ode-euler-small,time_mlp,gaussian_linear,0.7611400008201599,0.03960174862183174,0.7513250112533569,0.032875001430511475,1.2802062827162444,0.0030063890272892324
ot_flow_matching,ode-euler-small,time_mlp,two_moons,0.8492500066757203,0.03855765558394192,0.8345000147819519,0.030524998903274536,1.266268121264875,0.0022232359315745515
ot_flow_matching,ode-euler-small,time_mlp,bernoulli_glm,0.8867150008678436,0.023753749705909204,0.8898999989032745,0.023149996995925903,1.2594130321405828,0.0028828596400778837
ot_flow_matching,ode-euler-small,time_mlp,gaussian_mixture,0.9077450037002563,0.024217572714062212,0.9100750088691711,0.018624991178512573,1.2785929484292864,0.007788536348835345
ot_flow_matching,ode-euler-small,time_mlp,lotka_volterra,0.9485850036144257,0.022641881116403806,0.9415000081062317,0.01690000295639038,1.303426663391292,0.002679931547136589
ot_flow_matching,ode-euler-small,time_mlp,slcp_distractors,0.8600899994373321,0.03951299154897036,0.8673000037670135,0.034299999475479126,1.275607930496335,0.010434845032408272
ot_flow_matching,ode-euler-small,time_mlp,bernoulli_glm_raw,0.887785005569458,0.023637636661646946,0.8915750086307526,0.023075014352798462,1.2578997714444995,0.005150349072321337
ot_partial_flow_matching,ode-euler-small,time_mlp,gaussian_linear_uniform,0.8475499987602234,0.025010655483734375,0.84825000166893,0.01827499270439148,1.2785838922485708,0.006877935784366088
ot_partial_flow_matching,ode-euler-small,time_mlp,slcp,0.8759749948978424,0.03854551006459509,0.8729749917984009,0.03697499632835388,1.3093664581887423,0.01753891256258763
ot_partial_flow_matching,ode-euler-small,time_mlp,sir,0.9069249987602234,0.026873952616864413,0.9086999893188477,0.023799985647201538,1.2673661206848919,0.005185506169052466
ot_partial_flow_matching,ode-euler-small,time_mlp,gaussian_linear,0.7838249981403351,0.050541243690555626,0.7775999903678894,0.040574997663497925,1.27897415664047,0.0032812705147414424
ot_partial_flow_matching,ode-euler-small,time_mlp,two_moons,0.8757050037384033,0.03600720451756576,0.8655000030994415,0.03012499213218689,1.3036246415227652,0.007838657513435078
ot_partial_flow_matching,ode-euler-small,time_mlp,bernoulli_glm,0.9048950016498566,0.03912515404452384,0.9039250016212463,0.03885000944137573,1.1882986087352037,0.04516974885147702
ot_partial_flow_matching,ode-euler-small,time_mlp,gaussian_mixture,0.9256799995899201,0.020640063523928432,0.9259999990463257,0.014775007963180542,1.2557741814292966,0.005265055734898957
ot_partial_flow_matching,ode-euler-small,time_mlp,lotka_volterra,0.9602299928665161,0.022833893793526825,0.9568749964237213,0.019825011491775513,1.2972269712015987,0.0193289512575993
ot_partial_flow_matching,ode-euler-small,time_mlp,slcp_distractors,0.8773050010204315,0.035496117706767485,0.8773499727249146,0.028275012969970703,1.2917925880290568,0.003184569132673347
ot_partial_flow_matching,ode-euler-small,time_mlp,bernoulli_glm_raw,0.9048599898815155,0.03967915217754497,0.9023500084877014,0.03642502427101135,1.2603997761383652,0.001941832285923378
cot_flow_matching,ode-euler-small,time_mlp,gaussian_linear_uniform,0.5077350109815597,0.0028437749346119424,0.5081750154495239,0.001175016164779663,1.3395116562023759,0.030101530071237424
cot_flow_matching,ode-euler-small,time_mlp,slcp,0.6353200078010559,0.09688234190557471,0.5848000049591064,0.0372999906539917,1.2908954451791943,0.0019937749519007846
cot_flow_matching,ode-euler-small,time_mlp,sir,0.7054699957370758,0.05199945246702214,0.7023749947547913,0.02944999933242798,1.341600720770657,0.0585850107429176
cot_flow_matching,ode-euler-small,time_mlp,gaussian_linear,0.5034099966287613,0.0018860985473694264,0.503600001335144,0.001324981451034546,1.2725381987169384,0.006516293232577042
cot_flow_matching,ode-euler-small,time_mlp,two_moons,0.5579150050878525,0.036315049171385276,0.551675021648407,0.026825010776519775,1.2804176211357117,0.0020200975209482643
cot_flow_matching,ode-euler-small,time_mlp,bernoulli_glm,0.521334993839264,0.005311781078008764,0.5197249948978424,0.0028249919414520264,1.2692360205575823,0.003792677139521488
cot_flow_matching,ode-euler-small,time_mlp,gaussian_mixture,0.6026199996471405,0.033540511542041955,0.5938250124454498,0.008175015449523926,1.2881613084115089,0.006555489759099884
cot_flow_matching,ode-euler-small,time_mlp,lotka_volterra,0.8188849925994873,0.06639964777556312,0.8436749875545502,0.031149983406066895,1.29311384242028,0.0034371693845281683
cot_flow_matching,ode-euler-small,time_mlp,slcp_distractors,0.6359149873256683,0.08611749967683598,0.5799999833106995,0.027900010347366333,1.2561255265958606,0.0026106307437638704
cot_flow_matching,ode-euler-small,time_mlp,bernoulli_glm_raw,0.5264449954032898,0.007411150201872813,0.52777498960495,0.004325002431869507,1.27218668051064,0.003621069495401545
cot_0_02_flow_matching,ode-euler-small,time_mlp,gaussian_linear_uniform,0.5097550034523011,0.002556786589265294,0.5106000006198883,0.001699984073638916,1.2744356697425245,0.0035523087232083995
cot_0_02_flow_matching,ode-euler-small,time_mlp,slcp,0.6579550087451935,0.08364939715816946,0.6175750195980072,0.0455000102519989,1.2605018822476268,0.0214126595046781
cot_0_02_flow_matching,ode-euler-small,time_mlp,sir,0.7135299980640412,0.050613789586985335,0.7204500138759613,0.0428999662399292,1.2905992661602794,0.0063815877266920375
cot_0_02_flow_matching,ode-euler-small,time_mlp,gaussian_linear,0.5145049929618836,0.008890267365767007,0.512499988079071,0.006074994802474976,1.2783655867911876,0.005559507624412429
cot_0_02_flow_matching,ode-euler-small,time_mlp,two_moons,0.5663800060749054,0.0429558520012461,0.5591000020503998,0.031125009059906006,1.2617774651385845,0.007876366163081173
cot_0_02_flow_matching,ode-euler-small,time_mlp,bernoulli_glm,0.5291650056838989,0.009705106102215049,0.5272499918937683,0.005849987268447876,1.2727313643321394,0.002551053248152038
cot_0_02_flow_matching,ode-euler-small,time_mlp,gaussian_mixture,0.6194299995899201,0.03798390086944053,0.6114500164985657,0.030599981546401978,1.2909668730571866,0.005488255374779978
cot_0_02_flow_matching,ode-euler-small,time_mlp,lotka_volterra,0.8235199928283692,0.04694787927253566,0.818149983882904,0.03327500820159912,1.2968084876425565,0.0031116839281425503
cot_0_02_flow_matching,ode-euler-small,time_mlp,slcp_distractors,0.6494700074195862,0.08812878247030069,0.6140750050544739,0.04482501745223999,1.3862254146486521,0.005562164698176443
cot_0_02_flow_matching,ode-euler-small,time_mlp,bernoulli_glm_raw,0.5291400015354156,0.005316563355302386,0.5292499959468842,0.003949999809265137,1.295627801027149,0.03116139048233901
cot_0_05_flow_matching,ode-euler-small,time_mlp,gaussian_linear_uniform,0.5381099998950958,0.015334393079303132,0.5395500063896179,0.010374993085861206,1.2902055764570832,0.003154049370616616
cot_0_05_flow_matching,ode-euler-small,time_mlp,slcp,0.6845550000667572,0.0765664946910159,0.664775013923645,0.04332500696182251,1.282700808160007,0.004591999332147858
cot_0_05_flow_matching,ode-euler-small,time_mlp,sir,0.7423049986362458,0.053760267991046135,0.7211500108242035,0.04650002717971802,1.3039557960815729,0.0036874952478261756
cot_0_05_flow_matching,ode-euler-small,time_mlp,gaussian_linear,0.554684990644455,0.02953099661107988,0.5474250018596649,0.017924994230270386,1.2832341083325445,0.0034793039800487912
cot_0_05_flow_matching,ode-euler-small,time_mlp,two_moons,0.609455007314682,0.06156444395677317,0.6113750040531158,0.05089998245239258,1.2779631353914738,0.003359720172433302
cot_0_05_flow_matching,ode-euler-small,time_mlp,bernoulli_glm,0.5733150005340576,0.04594573175181103,0.5770249962806702,0.040950000286102295,1.2854147027246654,0.009896281202110665
cot_0_05_flow_matching,ode-euler-small,time_mlp,gaussian_mixture,0.6735200047492981,0.05471638822614417,0.6480999886989594,0.02522498369216919,1.2723142654635011,0.0031627586356429154
cot_0_05_flow_matching,ode-euler-small,time_mlp,lotka_volterra,0.8412150025367737,0.032267745198429496,0.8394249975681305,0.030550003051757812,1.266047555487603,0.0031302327399133725
cot_0_05_flow_matching,ode-euler-small,time_mlp,slcp_distractors,0.6670450031757355,0.09144291876944935,0.6398250162601471,0.06332498788833618,1.2640914474613965,0.004291011973498655
cot_0_05_flow_matching,ode-euler-small,time_mlp,bernoulli_glm_raw,0.5479449987411499,0.024395972808592434,0.5491250157356262,0.021324992179870605,1.2979530113749207,0.002584612601630758
cot_0_1_flow_matching,ode-euler-small,time_mlp,gaussian_linear_uniform,0.6030400037765503,0.033555851593790445,0.6043500006198883,0.028349995613098145,1.2762523395940661,0.0035400871835249894
cot_0_1_flow_matching,ode-euler-small,time_mlp,slcp,0.7137899994850159,0.05405564037007923,0.7196750044822693,0.05252501368522644,1.286906522139907,0.0023275395301143617
cot_0_1_flow_matching,ode-euler-small,time_mlp,sir,0.7690649926662445,0.055810789969150724,0.7508499920368195,0.046875,1.25270463405177,0.004336727874610523
cot_0_1_flow_matching,ode-euler-small,time_mlp,gaussian_linear,0.6082300007343292,0.03803078489264961,0.6034750044345856,0.030925005674362183,1.2575530621223152,0.005410971280102138
cot_0_1_flow_matching,ode-euler-small,time_mlp,two_moons,0.6534150063991546,0.06778675386846122,0.6248999834060669,0.05224999785423279,1.2877222631126641,0.00205690165665532
cot_0_1_flow_matching,ode-euler-small,time_mlp,bernoulli_glm,0.6329150021076202,0.08398112738467552,0.6481249928474426,0.07449999451637268,1.2725760613568127,0.00331673491004114
cot_0_1_flow_matching,ode-euler-small,time_mlp,gaussian_mixture,0.7150050103664398,0.06355255213873541,0.7043250203132629,0.05167502164840698,1.2798351595178246,0.0034289904571464113
cot_0_1_flow_matching,ode-euler-small,time_mlp,lotka_volterra,0.8589950025081634,0.05614505269732843,0.8512249886989594,0.04274997115135193,1.3068206390365957,0.0025082942107153886
cot_0_1_flow_matching,ode-euler-small,time_mlp,slcp_distractors,0.7014649987220765,0.051841918726965856,0.701200008392334,0.04114997386932373,1.2744396779686213,0.00560345309807812
cot_0_1_flow_matching,ode-euler-small,time_mlp,bernoulli_glm_raw,0.613824999332428,0.07576344852380015,0.6103000044822693,0.0766499936580658,1.307855341024697,0.0224987470117977
cot_partial_flow_matching,ode-euler-small,time_mlp,gaussian_linear_uniform,0.5146449983119965,0.005849378795596927,0.5129999816417694,0.002400010824203491,1.2949132038280369,0.003580495941962922
cot_partial_flow_matching,ode-euler-small,time_mlp,slcp,0.6557200074195861,0.07403747125153076,0.6456499993801117,0.05550000071525574,1.2915101490914822,0.003754422960701374
cot_partial_flow_matching,ode-euler-small,time_mlp,sir,0.7148249983787537,0.04436246891498298,0.7260249853134155,0.0160750150680542,1.3691725031472743,0.04142775243757184
cot_partial_flow_matching,ode-euler-small,time_mlp,gaussian_linear,0.5175150036811829,0.009042908206973295,0.51460000872612,0.004975020885467529,1.270789876114577,0.003750024270675622
cot_partial_flow_matching,ode-euler-small,time_mlp,two_moons,0.5826799988746643,0.054744505640823136,0.5726999938488007,0.034675002098083496,1.2888974890112876,0.0032070715598917607
cot_partial_flow_matching,ode-euler-small,time_mlp,bernoulli_glm,0.5555600047111511,0.034159506115377394,0.543624997138977,0.01924997568130493,1.394717144779861,0.011411252587610747
cot_partial_flow_matching,ode-euler-small,time_mlp,gaussian_mixture,0.640639990568161,0.05107120062163252,0.6268749833106995,0.03384998440742493,1.2585525302216412,0.004506881329254614
cot_partial_flow_matching,ode-euler-small,time_mlp,lotka_volterra,0.844650000333786,0.0323819499950838,0.8446750044822693,0.03380000591278076,1.2820980329066516,0.0019175842719960702
cot_partial_flow_matching,ode-euler-small,time_mlp,slcp_distractors,0.6600850045680999,0.08875630364579881,0.6402499973773956,0.05629998445510864,1.289588930271566,0.0027427010811627408
cot_partial_flow_matching,ode-euler-small,time_mlp,bernoulli_glm_raw,0.5407250046730041,0.0210323169708615,0.5361499786376953,0.015074998140335083,1.2719042166136205,0.0037186048538569716
diffusion_edm_vp,ode-euler-scheduled,time_mlp,gaussian_linear_uniform,0.5143700003623962,0.0040886473151663634,0.5147750079631805,0.0030499696731567383,14.860551520623266,0.015485669087741603
diffusion_edm_vp,ode-euler-scheduled,time_mlp,slcp,0.6476249992847443,0.09194070628939507,0.6253000199794769,0.061525046825408936,14.70630737049505,0.07454924606830256
diffusion_edm_vp,ode-euler-scheduled,time_mlp,sir,0.5414700090885163,0.01630704976188028,0.542000025510788,0.012924998998641968,14.695200225990266,0.08408993314642269
diffusion_edm_vp,ode-euler-scheduled,time_mlp,gaussian_linear,0.5048249989748002,0.0019041015328341482,0.5053250193595886,0.0008749961853027344,14.868195044342428,0.03916109485421116
diffusion_edm_vp,ode-euler-scheduled,time_mlp,two_moons,0.5240299940109253,0.011892234656904603,0.5198499858379364,0.0054000020027160645,14.56626798324287,0.03510584301313875
diffusion_edm_vp,ode-euler-scheduled,time_mlp,bernoulli_glm,0.5216649949550629,0.005669182182535591,0.5224500000476837,0.005050003528594971,15.075362766347826,0.01846334151386419
diffusion_edm_vp,ode-euler-scheduled,time_mlp,gaussian_mixture,0.5297100007534027,0.006602649505356836,0.52777498960495,0.006125003099441528,14.920926679205149,0.033249414226201056
diffusion_edm_vp,ode-euler-scheduled,time_mlp,lotka_volterra,0.7124299943447113,0.0932372985318097,0.6785999834537506,0.03819999098777771,14.960914826951921,0.05313876307752147
diffusion_edm_vp,ode-euler-scheduled,time_mlp,slcp_distractors,0.6528899967670441,0.07422760596582745,0.6389250159263611,0.06599998474121094,14.757326297741383,0.07203996321810203
diffusion_edm_vp,ode-euler-scheduled,time_mlp,bernoulli_glm_raw,0.5226899921894074,0.005648352449342252,0.5231750011444092,0.0045500099658966064,14.62856195177883,0.010280190291345914
diffusion_edm_vp_ema,ode-euler-scheduled,time_mlp,gaussian_linear_uniform,0.5175650000572205,0.004535706008955306,0.5169499814510345,0.004350006580352783,15.000109759066254,0.024706917214644433
diffusion_edm_vp_ema,ode-euler-scheduled,time_mlp,slcp,0.6346049964427948,0.061611961876783035,0.6139000058174133,0.03049999475479126,14.86612251009792,0.04640510065773839
diffusion_edm_vp_ema,ode-euler-scheduled,time_mlp,sir,0.5446449995040894,0.017887929172704962,0.5464750230312347,0.012850016355514526,14.90502878483385,0.01922957895048459
diffusion_edm_vp_ema,ode-euler-scheduled,time_mlp,gaussian_linear,0.5040350019931793,0.0025381087416496994,0.504150003194809,0.0017249882221221924,14.652014457248152,0.022429022402236484
diffusion_edm_vp_ema,ode-euler-scheduled,time_mlp,two_moons,0.5154550075531006,0.012509165985880514,0.5137750208377838,0.006374984979629517,15.46889818077907,0.2836543922886099
diffusion_edm_vp_ema,ode-euler-scheduled,time_mlp,bernoulli_glm,0.523469990491867,0.0059415171618928215,0.5231999754905701,0.004600018262863159,15.218874895107001,0.20107185438458142
diffusion_edm_vp_ema,ode-euler-scheduled,time_mlp,gaussian_mixture,0.533840000629425,0.008076846271880204,0.5365000069141388,0.005450010299682617,14.681980106700212,0.02106898026482284
diffusion_edm_vp_ema,ode-euler-scheduled,time_mlp,lotka_volterra,0.6970300018787384,0.09349618937683805,0.6480000019073486,0.030849993228912354,15.780738649331033,0.3173814112976209
diffusion_edm_vp_ema,ode-euler-scheduled,time_mlp,slcp_distractors,0.6613900005817414,0.08495281713233183,0.623199999332428,0.0513249933719635,14.45894993012771,0.06931904061721621
diffusion_edm_vp_ema,ode-euler-scheduled,time_mlp,bernoulli_glm_raw,0.5243800044059753,0.006523729331703517,0.5257500112056732,0.004499971866607666,14.523465919028968,0.017808168730893317
diffusion_edm_ve,ode-euler-scheduled,time_mlp,gaussian_linear_uniform,0.847315001487732,0.03223086230313978,0.8526999950408936,0.026924997568130493,14.833417708147318,0.12121755304599435
diffusion_edm_ve,ode-euler-scheduled,time_mlp,slcp,0.8246299982070923,0.04480389572365772,0.84027498960495,0.020350009202957153,14.451807470060885,0.1101817817916056
diffusion_edm_ve,ode-euler-scheduled,time_mlp,sir,0.6989850044250489,0.07000233872012719,0.6975750029087067,0.06537500023841858,14.138239506818355,0.03563244474671288
diffusion_edm_ve,ode-euler-scheduled,time_mlp,gaussian_linear,0.8559049963951111,0.03116238999354505,0.8565750122070312,0.025375008583068848,14.511504648160189,0.03212745943884326
diffusion_edm_ve,ode-euler-scheduled,time_mlp,two_moons,0.7224999964237213,0.06599743926118691,0.7167249917984009,0.050750017166137695,14.51341482233256,0.03423483274652402
diffusion_edm_ve,ode-euler-scheduled,time_mlp,bernoulli_glm,0.8629499971866608,0.0868257088262779,0.8790749907493591,0.0659250020980835,14.5704648273997,0.08076145288576667
diffusion_edm_ve,ode-euler-scheduled,time_mlp,gaussian_mixture,0.7390250027179718,0.07067417619928651,0.7480500042438507,0.055774986743927,14.684409470576792,0.06367859942548558
diffusion_edm_ve,ode-euler-scheduled,time_mlp,lotka_volterra,0.8540850043296814,0.07677667418336095,0.8525250256061554,0.07460001111030579,14.107031516358257,0.0322497461511849
diffusion_edm_ve,ode-euler-scheduled,time_mlp,slcp_distractors,0.8236549973487854,0.04207288236009919,0.8430500030517578,0.023225009441375732,11.775228944141418,0.0475556733589166
diffusion_edm_ve,ode-euler-scheduled,time_mlp,bernoulli_glm_raw,0.8644100069999695,0.07987440488150582,0.8821249902248383,0.059425026178359985,12.552287798654287,0.1258654959423749
diffusion_cosine_F,ode-euler-scheduled,time_mlp,gaussian_linear_uniform,0.5058849930763245,0.003510343444974047,0.5053999722003937,0.0029999911785125732,15.019084691815078,0.060500394233280935
diffusion_cosine_F,ode-euler-scheduled,time_mlp,slcp,0.6613200008869171,0.10206204113688676,0.5973249971866608,0.03450000286102295,14.733972024079412,0.07489969159293233
diffusion_cosine_F,ode-euler-scheduled,time_mlp,sir,0.5462099969387054,0.015992785243921663,0.5456250011920929,0.015325009822845459,15.091064742673188,0.012004468418338906
diffusion_cosine_F,ode-euler-scheduled,time_mlp,gaussian_linear,0.5034399956464768,0.002788973895778532,0.5024250149726868,0.0017500072717666626,14.746982294134796,0.025112429948320983
diffusion_cosine_F,ode-euler-scheduled,time_mlp,two_moons,0.5139050036668777,0.007016539351075439,0.5133000016212463,0.005024999380111694,15.007567545119674,0.01893845163543263
diffusion_cosine_F,ode-euler-scheduled,time_mlp,bernoulli_glm,0.5125150084495544,0.0063278383548496095,0.5128999948501587,0.006374984979629517,14.905981676839293,0.016741525684779
diffusion_cosine_F,ode-euler-scheduled,time_mlp,gaussian_mixture,0.5239199995994568,0.011669711730781516,0.5208249986171722,0.007400006055831909,15.001883750222623,0.02526282295233239
diffusion_cosine_F,ode-euler-scheduled,time_mlp,lotka_volterra,0.7249799966812134,0.06987134741669626,0.7119249999523163,0.043350011110305786,15.181922337319701,0.04023723700214545
diffusion_cosine_F,ode-euler-scheduled,time_mlp,slcp_distractors,0.6648899912834167,0.09283238076482944,0.6203249990940094,0.036650002002716064,15.219650203548373,0.01145799180833602
diffusion_cosine_F,ode-euler-scheduled,time_mlp,bernoulli_glm_raw,0.5155699968338012,0.00589199038314385,0.5167999863624573,0.004050016403198242,16.031214182637633,0.34828187937423394
diffusion_cosine_v,ode-euler-scheduled,time_mlp,gaussian_linear_uniform,0.5070449978113174,0.0040789336972540105,0.5063999891281128,0.0024250000715255737,14.633989657275379,0.016818008419224456
diffusion_cosine_v,ode-euler-scheduled,time_mlp,slcp,0.6452200055122376,0.09747462175656314,0.5948249995708466,0.03397497534751892,15.09345027031377,0.38540166288193456
diffusion_cosine_v,ode-euler-scheduled,time_mlp,sir,0.5449050068855286,0.019650055359105672,0.5375750064849854,0.013500005006790161,14.575653967820108,0.023968695539085278
diffusion_cosine_v,ode-euler-scheduled,time_mlp,gaussian_linear,0.5053250074386597,0.003363126135625566,0.5047500133514404,0.0031000077724456787,14.339750631432981,0.02057329702885951
diffusion_cosine_v,ode-euler-scheduled,time_mlp,two_moons,0.5099349975585937,0.006951002983190773,0.5080249905586243,0.005849987268447876,14.784226734563708,0.0217203966097192
diffusion_cosine_v,ode-euler-scheduled,time_mlp,bernoulli_glm,0.5160449981689453,0.005436803422328679,0.5153499841690063,0.004575014114379883,14.273781490605325,0.024702391145662007
diffusion_cosine_v,ode-euler-scheduled,time_mlp,gaussian_mixture,0.5301450014114379,0.010230109357109657,0.5281499922275543,0.0074250102043151855,14.331520443502814,0.05898630243317155
diffusion_cosine_v,ode-euler-scheduled,time_mlp,lotka_volterra,0.7319800019264221,0.10153711331484062,0.6856250166893005,0.03819999098777771,14.623852162994444,0.020760545861864904
diffusion_cosine_v,ode-euler-scheduled,time_mlp,slcp_distractors,0.6340399980545044,0.08834038648443815,0.5794250071048737,0.01864999532699585,14.808126646932214,0.021316645786012705
diffusion_cosine_v,ode-euler-scheduled,time_mlp,bernoulli_glm_raw,0.5198550045490264,0.007410115678495019,0.5209500193595886,0.006324976682662964,14.59090953413397,0.07918462912631193
diffusion_cosine_v_lw,ode-euler-scheduled,time_mlp,gaussian_linear_uniform,0.5045099914073944,0.0020598297785922263,0.504399985074997,0.0007500052452087402,14.55586549146101,0.01365248071612825
diffusion_cosine_v_lw,ode-euler-scheduled,time_mlp,slcp,0.6491749942302704,0.09562374367531523,0.6067500114440918,0.04477500915527344,14.86501411581412,0.015874950878876717
diffusion_cosine_v_lw,ode-euler-scheduled,time_mlp,sir,0.5441499948501587,0.019268029711020727,0.5413500070571899,0.01057499647140503,14.396983169205487,0.07031681206388576
diffusion_cosine_v_lw,ode-euler-scheduled,time_mlp,gaussian_linear,0.5030049979686737,0.002567043014075417,0.5018500089645386,0.0006499886512756348,14.46972792884335,0.012696951824044515
diffusion_cosine_v_lw,ode-euler-scheduled,time_mlp,two_moons,0.5319399952888488,0.012227277516240039,0.5336249768733978,0.007049977779388428,14.905326020903885,0.04512116984423975
diffusion_cosine_v_lw,ode-euler-scheduled,time_mlp,bernoulli_glm,0.5177700042724609,0.004417418224627505,0.5184000134468079,0.002324998378753662,14.539090241864324,0.026105468759123757
diffusion_cosine_v_lw,ode-euler-scheduled,time_mlp,gaussian_mixture,0.5430949985980987,0.011268998069090526,0.5415749847888947,0.006375014781951904,14.494147347193211,0.0634417320690607
diffusion_cosine_v_lw,ode-euler-scheduled,time_mlp,lotka_volterra,0.7159250020980835,0.08422076773547062,0.6994499862194061,0.032674968242645264,14.746137546189129,0.0215947013171383
diffusion_cosine_v_lw,ode-euler-scheduled,time_mlp,slcp_distractors,0.6580200076103211,0.09706663455876095,0.6137250065803528,0.04632499814033508,14.522448237147183,0.01925897617265409
diffusion_cosine_v_lw,ode-euler-scheduled,time_mlp,bernoulli_glm_raw,0.5196299970149993,0.005990832865954857,0.5210250020027161,0.0042999982833862305,14.712976102344692,0.023384423663919914
diffusion_cosine_noise,ode-euler-scheduled,time_mlp,gaussian_linear_uniform,0.6518350005149841,0.016397816686999838,0.6596750020980835,0.007825016975402832,14.852563442941754,0.007606761067126552
diffusion_cosine_noise,ode-euler-scheduled,time_mlp,slcp,0.7329350054264069,0.07712825004550684,0.7080250084400177,0.03502500057220459,14.38660125862807,0.01689393417900891
diffusion_cosine_noise,ode-euler-scheduled,time_mlp,sir,0.6072150051593781,0.019065909329753095,0.6043750047683716,0.012924998998641968,14.64166673058644,0.027750887967129465
diffusion_cosine_noise,ode-euler-scheduled,time_mlp,gaussian_linear,0.5971700012683868,0.014893678036636718,0.5980499982833862,0.008674979209899902,14.613017512392252,0.0199087743283848
diffusion_cosine_noise,ode-euler-scheduled,time_mlp,two_moons,0.5996949911117554,0.025886023775198906,0.5949499905109406,0.022725015878677368,14.730894230585545,0.1852805464129269
diffusion_cosine_noise,ode-euler-scheduled,time_mlp,bernoulli_glm,0.7583549976348877,0.03315539363313494,0.746749997138977,0.014800012111663818,15.122698859777302,0.27163577300277875
diffusion_cosine_noise,ode-euler-scheduled,time_mlp,gaussian_mixture,0.6268749952316284,0.015682350496445056,0.6224749982357025,0.006650000810623169,14.791289750114084,0.008432595415867635
diffusion_cosine_noise,ode-euler-scheduled,time_mlp,lotka_volterra,0.7335345029830933,0.10927385006422216,0.7060923278331757,0.06889218091964722,14.674288532231003,0.059042131432874866
diffusion_cosine_noise,ode-euler-scheduled,time_mlp,slcp_distractors,0.7380900084972382,0.09109759800471312,0.7246000170707703,0.04052498936653137,14.498073248937725,0.04106152360194065
diffusion_cosine_noise,ode-euler-scheduled,time_mlp,bernoulli_glm_raw,0.6673400044441223,0.029429195402459158,0.6686500012874603,0.013650000095367432,14.745217649079859,0.1719096096508267
flow_matching,ode-rk45,time_mlp,gaussian_linear_uniform,0.503139990568161,0.0022737471511064533,0.5027999877929688,0.001949995756149292,78.14857581667601,0.16479779444353632
flow_matching,ode-rk45,time_mlp,slcp,0.6385750055313111,0.09847319315008478,0.5810500085353851,0.021099984645843506,77.39599194377661,0.40008796880004227
flow_matching,ode-rk45,time_mlp,sir,0.544284999370575,0.022342409757203325,0.5384249985218048,0.008899986743927002,77.81082592634485,0.17259502742093769
flow_matching,ode-rk45,time_mlp,gaussian_linear,0.5040999948978424,0.003963959881917059,0.5029999911785126,0.0018000006675720215,77.05346313435584,0.13978719700844255
flow_matching,ode-rk45,time_mlp,two_moons,0.5215099930763245,0.00982084205110456,0.5214249789714813,0.005625009536743164,79.24643117031083,0.1683025144919519
flow_matching,ode-rk45,time_mlp,bernoulli_glm,0.5109150052070618,0.005556441810900765,0.5128500163555145,0.002825021743774414,78.03113322537392,0.12205089475720113
flow_matching,ode-rk45,time_mlp,gaussian_mixture,0.5430600106716156,0.009893099668249123,0.5433250069618225,0.00882500410079956,78.54868586445227,0.3349836368694157
flow_matching,ode-rk45,time_mlp,lotka_volterra,0.7084800004959106,0.10262676055052124,0.6800500154495239,0.053400009870529175,78.11521480716765,0.1971137364281983
flow_matching,ode-rk45,time_mlp,slcp_distractors,0.6725299954414368,0.10405924032256895,0.62152498960495,0.05669999122619629,78.90367739042267,0.1567601059259048
flow_matching,ode-rk45,time_mlp,bernoulli_glm_raw,0.5146449923515319,0.006325432370582268,0.514974981546402,0.003049999475479126,76.62729330407456,0.14021642525409944
flow_matching_edm,ode-rk45,time_mlp,gaussian_linear_uniform,0.5062450021505356,0.0037601571349518215,0.5074250102043152,0.0021499991416931152,78.08947657048702,0.21811490404016967
flow_matching_edm,ode-rk45,time_mlp,slcp,0.6242900013923645,0.08688639212129538,0.571150004863739,0.018299996852874756,78.14422698058188,0.4616668358556274
flow_matching_edm,ode-rk45,time_mlp,sir,0.5396850049495697,0.01303472112789948,0.5406749844551086,0.005849987268447876,76.6655770773068,0.16071958907921133
flow_matching_edm,ode-rk45,time_mlp,gaussian_linear,0.5042250096797943,0.002556688667797238,0.503600001335144,0.0011749863624572754,77.84842202067375,0.1705818100330029
flow_matching_edm,ode-rk45,time_mlp,two_moons,0.5235400021076202,0.010708544928882216,0.5210750102996826,0.0049000084400177,71.9429681982845,0.3118081708780017
flow_matching_edm,ode-rk45,time_mlp,bernoulli_glm,0.5145999908447265,0.00745946253036339,0.5115249752998352,0.0032750070095062256,76.89622504338622,0.19780931220176998
flow_matching_edm,ode-rk45,time_mlp,gaussian_mixture,0.5416600048542023,0.0074875857683475025,0.5412999987602234,0.005450010299682617,78.55099383341148,0.47334362568499494
flow_matching_edm,ode-rk45,time_mlp,lotka_volterra,0.6838299989700317,0.09286974091807457,0.6616999804973602,0.06194999814033508,78.87706058565527,0.2002352207661443
flow_matching_edm,ode-rk45,time_mlp,slcp_distractors,0.6553650081157685,0.08151216592023365,0.6485750079154968,0.05979999899864197,77.6544296101667,0.19324106207018646
flow_matching_edm,ode-rk45,time_mlp,bernoulli_glm_raw,0.5169950008392334,0.009002820783952205,0.5151749849319458,0.0028999745845794678,77.10773835005239,0.29704773370983184
ot_flow_matching,ode-rk45,time_mlp,gaussian_linear_uniform,0.836505001783371,0.019833243013927918,0.8369249999523163,0.0158500075340271,77.2627068108879,0.21136897833995666
ot_flow_matching,ode-rk45,time_mlp,slcp,0.8653100013732911,0.041785007617071795,0.8747499883174896,0.025825023651123047,71.85481278114021,0.48792729074528535
ot_flow_matching,ode-rk45,time_mlp,sir,0.8935100018978119,0.026552808829810582,0.8943749964237213,0.026549994945526123,78.5459941576235,0.11372776656384219
ot_flow_matching,ode-rk45,time_mlp,gaussian_linear,0.7651000022888184,0.03699137379511384,0.7606750130653381,0.02862498164176941,78.02010172512382,0.1648477017229353
ot_flow_matching,ode-rk45,time_mlp,two_moons,0.8601100027561188,0.036707982003222124,0.8499000072479248,0.033699989318847656,77.1380624585785,0.3251337283127853
ot_flow_matching,ode-rk45,time_mlp,bernoulli_glm,0.8909850001335144,0.021718797085498488,0.8958500027656555,0.019425004720687866,76.93775921985507,0.18519203823628247
ot_flow_matching,ode-rk45,time_mlp,gaussian_mixture,0.9100750029087067,0.022778370576354526,0.9122499823570251,0.01774999499320984,78.00621211761609,0.34056862431954993
ot_flow_matching,ode-rk45,time_mlp,lotka_volterra,0.9611649870872497,0.01684870570166366,0.9573249816894531,0.012275010347366333,79.44386581899599,0.13900093001621203
ot_flow_matching,ode-rk45,time_mlp,slcp_distractors,0.8632599890232087,0.03987834010007177,0.8687999844551086,0.03624999523162842,77.87531320787966,0.5302764327599321
ot_flow_matching,ode-rk45,time_mlp,bernoulli_glm_raw,0.8897799968719482,0.023651460369593126,0.8936499953269958,0.02392500638961792,76.66424790769815,0.20021363723159402
ot_partial_flow_matching,ode-rk45,time_mlp,gaussian_linear_uniform,0.8527999997138977,0.0227563145397118,0.8538750112056732,0.014725029468536377,78.03896366767586,0.07539514427956985
ot_partial_flow_matching,ode-rk45,time_mlp,slcp,0.8796700060367584,0.03882434946535361,0.8797000050544739,0.034399986267089844,79.19409822002054,0.7005889372206634
ot_partial_flow_matching,ode-rk45,time_mlp,sir,0.9150099992752075,0.023168035457900155,0.9172999858856201,0.023074984550476074,77.26015575798229,0.2119210454715936
ot_partial_flow_matching,ode-rk45,time_mlp,gaussian_linear,0.7854300022125245,0.05293109745925541,0.7802749872207642,0.04300001263618469,77.98612934034318,0.16529666937930249
ot_partial_flow_matching,ode-rk45,time_mlp,two_moons,0.8836049973964691,0.033195153735359334,0.8708249926567078,0.02745002508163452,79.64013886228204,0.33363828924930977
ot_partial_flow_matching,ode-rk45,time_mlp,bernoulli_glm,0.9084750056266785,0.03632585503439354,0.9097500145435333,0.03782501816749573,72.92198401754722,1.9407629263323765
ot_partial_flow_matching,ode-rk45,time_mlp,gaussian_mixture,0.9258750081062317,0.019973696257980313,0.92637500166893,0.015349984169006348,76.64908276172355,0.18605258285301043
ot_partial_flow_matching,ode-rk45,time_mlp,lotka_volterra,0.9692900061607361,0.017134687988433827,0.9671750068664551,0.015375018119812012,78.89150023721159,0.6926796543031554
ot_partial_flow_matching,ode-rk45,time_mlp,slcp_distractors,0.8795549869537354,0.03598667806035368,0.8834749758243561,0.03254997730255127,78.49771080082283,0.07768015616408361
ot_partial_flow_matching,ode-rk45,time_mlp,bernoulli_glm_raw,0.9074249982833862,0.039236537597379544,0.9038999974727631,0.03739997744560242,76.94164016060532,0.18509373839572238
cot_flow_matching,ode-rk45,time_mlp,gaussian_linear_uniform,0.505019998550415,0.0026885073463222163,0.5051249861717224,0.0020499825477600098,82.27020028345287,0.8623484303416642
cot_flow_matching,ode-rk45,time_mlp,slcp,0.6346249997615814,0.09559035250476888,0.5864749848842621,0.03467497229576111,78.69857450257987,0.1395039912157329
cot_flow_matching,ode-rk45,time_mlp,sir,0.5718850016593933,0.054755425838437226,0.5561749935150146,0.026850014925003052,81.90547066954896,2.7650401198163688
cot_flow_matching,ode-rk45,time_mlp,gaussian_linear,0.5037649989128112,0.0021985341259925816,0.5037750005722046,0.0016750097274780273,77.41867586113513,0.3955886871843689
cot_flow_matching,ode-rk45,time_mlp,two_moons,0.5539499998092652,0.043081282671608094,0.5446749925613403,0.0372999906539917,78.01697655338793,0.1743620852398752
cot_flow_matching,ode-rk45,time_mlp,bernoulli_glm,0.5130900025367737,0.006358177789855133,0.5142250061035156,0.004999995231628418,77.5197010458447,0.1298605166049367
cot_flow_matching,ode-rk45,time_mlp,gaussian_mixture,0.5673500001430511,0.037742004155506395,0.5515500009059906,0.02445000410079956,78.680536126066,0.14794750168444154
cot_flow_matching,ode-rk45,time_mlp,lotka_volterra,0.6907649993896484,0.08953625520969027,0.6636500060558319,0.03547501564025879,78.79914420358837,0.17144022306334952
cot_flow_matching,ode-rk45,time_mlp,slcp_distractors,0.6378150045871734,0.08872257822646978,0.5852250158786774,0.032700031995773315,76.6072233540006,0.1810320013609937
cot_flow_matching,ode-rk45,time_mlp,bernoulli_glm_raw,0.5160600125789643,0.007010230954703591,0.513450026512146,0.0032750070095062256,77.63260655971244,0.17092639475011145
cot_0_02_flow_matching,ode-rk45,time_mlp,gaussian_linear_uniform,0.5058600068092346,0.0058878930941000185,0.5041000247001648,0.0011999905109405518,77.73465337725357,0.19387662623010152
cot_0_02_flow_matching,ode-rk45,time_mlp,slcp,0.6544899940490723,0.08404119842294412,0.6166499853134155,0.04814997315406799,76.5834194472991,0.26276012930536674
cot_0_02_flow_matching,ode-rk45,time_mlp,sir,0.6058299958705902,0.09273448466953171,0.5797750055789948,0.0408250093460083,78.6053973717615,0.44614972478663273
cot_0_02_flow_matching,ode-rk45,time_mlp,gaussian_linear,0.513604998588562,0.006654643540040419,0.5132249891757965,0.005474984645843506,78.13079519290477,0.33522123002008397
cot_0_02_flow_matching,ode-rk45,time_mlp,two_moons,0.5621050059795379,0.04607129623433704,0.5517500042915344,0.035750001668930054,76.88463624427095,0.43554048270633444
cot_0_02_flow_matching,ode-rk45,time_mlp,bernoulli_glm,0.5207450032234192,0.010560933772906067,0.5211750268936157,0.008000016212463379,77.63845492070541,0.2539021142102404
cot_0_02_flow_matching,ode-rk45,time_mlp,gaussian_mixture,0.5882250010967255,0.04835556030245767,0.5743499994277954,0.03424999117851257,78.59568388424813,0.30079338158455493
cot_0_02_flow_matching,ode-rk45,time_mlp,lotka_volterra,0.7203549981117249,0.10300794560334921,0.6689499914646149,0.0477999746799469,79.02489627255127,0.1755073441462614
cot_0_02_flow_matching,ode-rk45,time_mlp,slcp_distractors,0.6474700093269348,0.08669142069322625,0.6079250276088715,0.04185003042221069,84.47041803766042,0.31725107119367724
cot_0_02_flow_matching,ode-rk45,time_mlp,bernoulli_glm_raw,0.5166949987411499,0.0038139535384009104,0.5153999924659729,0.0015749931335449219,78.39120676852762,0.4316411355679668
cot_0_05_flow_matching,ode-rk45,time_mlp,gaussian_linear_uniform,0.5405299961566925,0.01829943596644636,0.5412249863147736,0.013099998235702515,78.67058489099145,0.17094854442265214
cot_0_05_flow_matching,ode-rk45,time_mlp,slcp,0.6869850039482117,0.07616340704208219,0.6653250157833099,0.043050020933151245,78.2230174840428,0.1611906710979954
cot_0_05_flow_matching,ode-rk45,time_mlp,sir,0.6928750097751617,0.0844433697049268,0.6735000014305115,0.0656999945640564,79.4820123183541,0.1803411406898186
cot_0_05_flow_matching,ode-rk45,time_mlp,gaussian_linear,0.5548650026321411,0.029932539515842623,0.543624997138977,0.01787501573562622,78.3011230783537,0.16160201710685496
cot_0_05_flow_matching,ode-rk45,time_mlp,two_moons,0.6148399949073792,0.06245340966685286,0.6204749941825867,0.05122500658035278,77.94667625864967,0.1774396587588026
cot_0_05_flow_matching,ode-rk45,time_mlp,bernoulli_glm,0.5673149943351745,0.04875097833803706,0.5708000063896179,0.04392498731613159,78.74873937740922,0.31407770586344114
cot_0_05_flow_matching,ode-rk45,time_mlp,gaussian_mixture,0.6591600000858306,0.06149781568495496,0.6440000236034393,0.049675047397613525,77.43374673817307,0.1772711268073924
cot_0_05_flow_matching,ode-rk45,time_mlp,lotka_volterra,0.7660949945449829,0.0848710638370189,0.7323249876499176,0.04780000448226929,77.18690373878925,0.3570423775195697
cot_0_05_flow_matching,ode-rk45,time_mlp,slcp_distractors,0.6702650010585784,0.08943943792503598,0.6449500024318695,0.06337499618530273,77.04953492628411,0.17767927088102642
cot_0_05_flow_matching,ode-rk45,time_mlp,bernoulli_glm_raw,0.5389900028705596,0.02934681589641229,0.5347750186920166,0.024875015020370483,79.18323779329657,0.1592742569497734
cot_0_1_flow_matching,ode-rk45,time_mlp,gaussian_linear_uniform,0.6123199999332428,0.03501372455589396,0.6152499914169312,0.026525020599365234,77.82555785514414,0.2132651066369994
cot_0_1_flow_matching,ode-rk45,time_mlp,slcp,0.7164550065994263,0.05443437107453177,0.7230000197887421,0.04594999551773071,78.49413242582231,0.17759318326453793
cot_0_1_flow_matching,ode-rk45,time_mlp,sir,0.73958500623703,0.07779843950195851,0.731550008058548,0.07277500629425049,76.47812211494893,0.3333734830875431
cot_0_1_flow_matching,ode-rk45,time_mlp,gaussian_linear,0.6113700032234192,0.041527105301336874,0.6024500131607056,0.035449981689453125,77.23496844414622,0.16423879231978605
cot_0_1_flow_matching,ode-rk45,time_mlp,two_moons,0.6650050044059753,0.06430534763616005,0.6418499946594238,0.045874983072280884,78.46956012193114,0.17734631115640412
cot_0_1_flow_matching,ode-rk45,time_mlp,bernoulli_glm,0.631819999217987,0.08430120109565559,0.6468500196933746,0.07624995708465576,77.60724716745317,0.15682067322685508
cot_0_1_flow_matching,ode-rk45,time_mlp,gaussian_mixture,0.7123349905014038,0.06510662127239082,0.7000249922275543,0.055774986743927,78.12205748129637,0.14310657812160252
cot_0_1_flow_matching,ode-rk45,time_mlp,lotka_volterra,0.814424991607666,0.08645538985016742,0.7908749878406525,0.06002497673034668,79.66507614217699,0.14922649976932226
cot_0_1_flow_matching,ode-rk45,time_mlp,slcp_distractors,0.7028150022029876,0.05086783749224549,0.6954750120639801,0.03872501850128174,77.783133498393,0.3514587947531159
cot_0_1_flow_matching,ode-rk45,time_mlp,bernoulli_glm_raw,0.6120450019836425,0.07883710822287722,0.6056749820709229,0.07787495851516724,80.01003132937475,0.8604526051768047
cot_partial_flow_matching,ode-rk45,time_mlp,gaussian_linear_uniform,0.509309995174408,0.005967900683460711,0.5083999931812286,0.002275019884109497,78.96607216577976,0.13355683815852548
cot_partial_flow_matching,ode-rk45,time_mlp,slcp,0.6542450010776519,0.07345415302285524,0.6433999836444855,0.047299981117248535,78.7646222319454,0.13588842507964008
cot_partial_flow_matching,ode-rk45,time_mlp,sir,0.5826849937438965,0.06423394772519597,0.5566750168800354,0.020625025033950806,83.03939845841379,0.614996831256586
cot_partial_flow_matching,ode-rk45,time_mlp,gaussian_linear,0.5121350049972534,0.009771049417547008,0.5093250274658203,0.005775034427642822,77.40369031243026,0.15171174111601618
cot_partial_flow_matching,ode-rk45,time_mlp,two_moons,0.5723450005054473,0.062201092839876196,0.5610499978065491,0.04210001230239868,78.59801375437527,0.17958071638740652
cot_partial_flow_matching,ode-rk45,time_mlp,bernoulli_glm,0.5432299971580505,0.03755467331921559,0.5303249955177307,0.025375008583068848,84.94789569657296,0.40784026470969964
cot_partial_flow_matching,ode-rk45,time_mlp,gaussian_mixture,0.6008650004863739,0.06514669272052429,0.5775249898433685,0.028250008821487427,76.72463473742827,0.33460346771598615
cot_partial_flow_matching,ode-rk45,time_mlp,lotka_volterra,0.7059599995613098,0.09487710774166395,0.6588500142097473,0.03025001287460327,78.10139583023265,0.07579185509626457
cot_partial_flow_matching,ode-rk45,time_mlp,slcp_distractors,0.6574299991130829,0.08852568518243821,0.6312999725341797,0.05245000123977661,78.5646535553038,0.17757209651240488
cot_partial_flow_matching,ode-rk45,time_mlp,bernoulli_glm_raw,0.5324050068855286,0.02521750203602886,0.52777498960495,0.02032497525215149,77.54723944496364,0.21273601112381754
diffusion_edm_vp,ode-rk45,time_mlp,gaussian_linear_uniform,0.5126099944114685,0.003446440808880289,0.513824999332428,0.002400010824203491,90.85350776538253,0.21836853398225484
diffusion_edm_vp,ode-rk45,time_mlp,slcp,0.6495800018310547,0.0898294525739778,0.6251749992370605,0.05977499485015869,89.86103411586956,0.44898482905304155
diffusion_edm_vp,ode-rk45,time_mlp,sir,0.5341799974441528,0.016455718856756993,0.5323749780654907,0.010824978351593018,89.68807281171902,0.5107566880685069
diffusion_edm_vp,ode-rk45,time_mlp,gaussian_linear,0.5032499998807907,0.0023872581162146704,0.5028250217437744,0.001949995756149292,90.95755089204758,0.21179826954313813
diffusion_edm_vp,ode-rk45,time_mlp,two_moons,0.520880001783371,0.012672300683181344,0.5185250043869019,0.01092502474784851,88.93639001296833,0.17895489175665105
diffusion_edm_vp,ode-rk45,time_mlp,bernoulli_glm,0.5202100038528442,0.0035924852553153876,0.5200000107288361,0.003300011157989502,92.07539905719459,0.1945940387230606
diffusion_edm_vp,ode-rk45,time_mlp,gaussian_mixture,0.5251500010490417,0.007411605036536497,0.5243000090122223,0.005049973726272583,91.13304013935849,0.2013344442123188
diffusion_edm_vp,ode-rk45,time_mlp,lotka_volterra,0.7130950093269348,0.09300850381882936,0.682075023651123,0.03804999589920044,91.41157942097634,0.10670524743151952
diffusion_edm_vp,ode-rk45,time_mlp,slcp_distractors,0.6515450000762939,0.07228635693763835,0.6371000111103058,0.0640999972820282,90.3285913484171,0.4084623946432365
diffusion_edm_vp,ode-rk45,time_mlp,bernoulli_glm_raw,0.5187649965286255,0.004559931817971083,0.5212250053882599,0.0018499791622161865,89.36768553815782,0.16483768564510354
diffusion_edm_vp_ema,ode-rk45,time_mlp,gaussian_linear_uniform,0.5142000019550323,0.004878881590005634,0.5145750045776367,0.0030249953269958496,91.73843540372327,0.19242365705921954
diffusion_edm_vp_ema,ode-rk45,time_mlp,slcp,0.6338649868965149,0.06396847533185068,0.6105749905109406,0.03450000286102295,90.95227411054074,0.18910868712930798
diffusion_edm_vp_ema,ode-rk45,time_mlp,sir,0.5387899994850158,0.017727254419518574,0.5399499833583832,0.012424975633621216,91.03266452103853,0.1713525287564106
diffusion_edm_vp_ema,ode-rk45,time_mlp,gaussian_linear,0.5042150020599365,0.0026826410351959043,0.5040000081062317,0.0021000057458877563,89.62546268450096,0.10746223036390332
diffusion_edm_vp_ema,ode-rk45,time_mlp,two_moons,0.5146449953317642,0.012385312271993713,0.5110749900341034,0.007100015878677368,94.21937243910506,1.5437618194924918
diffusion_edm_vp_ema,ode-rk45,time_mlp,bernoulli_glm,0.5208799958229064,0.004338783835754055,0.5194250047206879,0.003675013780593872,93.22461668550969,0.533203020635176
diffusion_edm_vp_ema,ode-rk45,time_mlp,gaussian_mixture,0.5282150089740754,0.007329773013468185,0.5291250050067902,0.006400018930435181,89.82182570435107,0.2644662222311176
diffusion_edm_vp_ema,ode-rk45,time_mlp,lotka_volterra,0.7009050130844117,0.09181284462574488,0.6502000093460083,0.02022498846054077,97.02432990642265,2.0587163371668318
diffusion_edm_vp_ema,ode-rk45,time_mlp,slcp_distractors,0.6606299996376037,0.08312453308049918,0.6236499845981598,0.051974982023239136,88.50340767111629,0.29491083141249674
diffusion_edm_vp_ema,ode-rk45,time_mlp,bernoulli_glm_raw,0.5248300015926362,0.005801696254778366,0.527899980545044,0.0014000236988067627,88.74104398079217,0.13422482163975902
diffusion_edm_ve,ode-rk45,time_mlp,gaussian_linear_uniform,0.8462250053882598,0.03241566846968547,0.8518750071525574,0.025375008583068848,90.65023859078065,0.2777522899144057
diffusion_edm_ve,ode-rk45,time_mlp,slcp,0.8239600121974945,0.04396480925552748,0.8387500047683716,0.019425004720687866,88.32661921624094,0.28958136645128857
diffusion_edm_ve,ode-rk45,time_mlp,sir,0.701280003786087,0.07017048987983081,0.7082250118255615,0.07672500610351562,86.4895995080471,0.2596552162052077
diffusion_edm_ve,ode-rk45,time_mlp,gaussian_linear,0.8537350058555603,0.035203200912672324,0.8523250222206116,0.027900010347366333,88.72369229849429,0.1899907863879872
diffusion_edm_ve,ode-rk45,time_mlp,two_moons,0.724005001783371,0.06594099347921009,0.7154499888420105,0.04594999551773071,88.7153563009575,0.2013627347093696
diffusion_edm_ve,ode-rk45,time_mlp,bernoulli_glm,0.8636000037193299,0.08682845375389664,0.8779999911785126,0.06747499108314514,89.30134112741798,0.3170092577819416
diffusion_edm_ve,ode-rk45,time_mlp,gaussian_mixture,0.7402449965476989,0.06979092789028621,0.7503249943256378,0.05380001664161682,89.64363126596436,0.2376091971687657
diffusion_edm_ve,ode-rk45,time_mlp,lotka_volterra,0.8583050072193146,0.07600310861698178,0.8610499799251556,0.07994997501373291,86.19152064658701,0.2240638126165049
diffusion_edm_ve,ode-rk45,time_mlp,slcp_distractors,0.8237949967384338,0.04449421921253071,0.8419249951839447,0.024925023317337036,71.97967501338572,0.2128323966842918
diffusion_edm_ve,ode-rk45,time_mlp,bernoulli_glm_raw,0.8666450142860412,0.08007985189900622,0.8831500113010406,0.06032499670982361,76.60542137501761,0.6430178069592805
diffusion_cosine_F,ode-rk45,time_mlp,gaussian_linear_uniform,0.5056799948215485,0.0027078719157632987,0.505950003862381,0.0014999806880950928,91.71734261680395,0.24838973374072168
diffusion_cosine_F,ode-rk45,time_mlp,slcp,0.664300000667572,0.10178073048970251,0.5982250273227692,0.02790004014968872,90.6382603695616,0.17710124020616833
diffusion_cosine_F,ode-rk45,time_mlp,sir,0.5431300044059754,0.015770036022429372,0.5382750034332275,0.012500017881393433,92.13907216480001,0.1952073241260069
diffusion_cosine_F,ode-rk45,time_mlp,gaussian_linear,0.5038400083780289,0.001955345041850634,0.503350019454956,0.0012000203132629395,90.06577419359238,0.18430153996820114
diffusion_cosine_F,ode-rk45,time_mlp,two_moons,0.5131450027227402,0.008879199529386034,0.5129500031471252,0.003949999809265137,91.60354718640447,0.1608282461317494
diffusion_cosine_F,ode-rk45,time_mlp,bernoulli_glm,0.5122200071811676,0.007473361963445163,0.5102750062942505,0.004099994897842407,91.00636199628934,0.17810212461927952
diffusion_cosine_F,ode-rk45,time_mlp,gaussian_mixture,0.5247900009155273,0.011513406000383955,0.5222750008106232,0.007300019264221191,91.65027316296474,0.20446554548961554
diffusion_cosine_F,ode-rk45,time_mlp,lotka_volterra,0.7268199980258941,0.07303309779588724,0.7000750005245209,0.03412500023841858,92.71830419637263,0.06889130450113853
diffusion_cosine_F,ode-rk45,time_mlp,slcp_distractors,0.6644649982452393,0.09497161111299685,0.6181249916553497,0.043200016021728516,92.8378040317446,0.22315020428317844
diffusion_cosine_F,ode-rk45,time_mlp,bernoulli_glm_raw,0.5152749955654145,0.0072075057499859044,0.5145750045776367,0.007524996995925903,97.43736307136714,2.5195729004304597
diffusion_cosine_v,ode-rk45,time_mlp,gaussian_linear_uniform,0.5062400013208389,0.004369546554300749,0.5052500069141388,0.004624992609024048,89.46321063004434,0.2248206991204697
diffusion_cosine_v,ode-rk45,time_mlp,slcp,0.6472850024700165,0.09950441732117496,0.5926750004291534,0.025150001049041748,92.20229224311188,1.1581541035557268
diffusion_cosine_v,ode-rk45,time_mlp,sir,0.5405049920082092,0.016497968503874017,0.5375500023365021,0.01130002737045288,88.98106872914359,0.1535158434924778
diffusion_cosine_v,ode-rk45,time_mlp,gaussian_linear,0.5044699996709824,0.002587399807078636,0.5042999982833862,0.0021250098943710327,87.69658615086227,0.2018565172987696
diffusion_cosine_v,ode-rk45,time_mlp,two_moons,0.5087800085544586,0.005918448018911097,0.507999986410141,0.005674958229064941,90.25683826394379,0.1911871325660689
diffusion_cosine_v,ode-rk45,time_mlp,bernoulli_glm,0.5124749958515167,0.007435096082807755,0.5110999941825867,0.003500014543533325,87.16316156126558,0.19369886987835916
diffusion_cosine_v,ode-rk45,time_mlp,gaussian_mixture,0.5287449955940247,0.008466922273917203,0.5290249884128571,0.0063250064849853516,87.77919178092853,0.11793999959969213
diffusion_cosine_v,ode-rk45,time_mlp,lotka_volterra,0.7419750034809113,0.09496682302770221,0.7035250067710876,0.05072498321533203,89.48779204450548,0.2744265939635689
diffusion_cosine_v,ode-rk45,time_mlp,slcp_distractors,0.6362999975681305,0.09028846660432631,0.5809000134468079,0.018500030040740967,90.58812876418233,0.21857785160646995
diffusion_cosine_v,ode-rk45,time_mlp,bernoulli_glm_raw,0.5192249953746796,0.005650355736057783,0.520374983549118,0.0036250054836273193,89.22198020014912,0.5366054788750467
diffusion_cosine_v_lw,ode-rk45,time_mlp,gaussian_linear_uniform,0.5079450070858001,0.004089156124150367,0.5068250000476837,0.002674996852874756,88.91774465013296,0.16050697642495632
diffusion_cosine_v_lw,ode-rk45,time_mlp,slcp,0.6514100074768067,0.09769399612884207,0.6120499968528748,0.054224997758865356,90.78638836303726,0.22520547467682964
diffusion_cosine_v_lw,ode-rk45,time_mlp,sir,0.5422949910163879,0.017506859854975552,0.535999983549118,0.011525005102157593,87.97571705281734,0.3903539569433778
diffusion_cosine_v_lw,ode-rk45,time_mlp,gaussian_linear,0.5036249935626984,0.002687868324346269,0.5026999861001968,0.0019749999046325684,88.34063183516264,0.12642740234574673
diffusion_cosine_v_lw,ode-rk45,time_mlp,two_moons,0.5275849938392639,0.010996737137468968,0.5290249884128571,0.005775034427642822,90.9439611759968,0.1785753748138339
diffusion_cosine_v_lw,ode-rk45,time_mlp,bernoulli_glm,0.5189649939537049,0.00574739056469112,0.5187749862670898,0.004675000905990601,88.84800707884133,0.23763732527885145
diffusion_cosine_v_lw,ode-rk45,time_mlp,gaussian_mixture,0.5376799941062927,0.011013924962833026,0.5360499918460846,0.005250006914138794,88.70593721661717,0.3517306676154809
diffusion_cosine_v_lw,ode-rk45,time_mlp,lotka_volterra,0.729575002193451,0.07889869593124103,0.7056500017642975,0.027274996042251587,90.10109003083781,0.19542086452655885
diffusion_cosine_v_lw,ode-rk45,time_mlp,slcp_distractors,0.6554749965667724,0.09778239903543948,0.6055999994277954,0.03902500867843628,88.76165921017528,0.11350805476506677
diffusion_cosine_v_lw,ode-rk45,time_mlp,bernoulli_glm_raw,0.5206100106239319,0.00580727326176986,0.5217750072479248,0.004200011491775513,89.83321698345244,0.2015061859777528
diffusion_cosine_noise,ode-rk45,time_mlp,gaussian_linear_uniform,0.5741450011730194,0.0073100003916251235,0.5768499970436096,0.0020500123500823975,90.7273687230423,0.20481560627313766
diffusion_cosine_noise,ode-rk45,time_mlp,slcp,0.6974049925804138,0.07680092858072608,0.6673499941825867,0.027974992990493774,88.08799312859773,0.6512396199945358
diffusion_cosine_noise,ode-rk45,time_mlp,sir,0.5694600045681,0.015707141800687423,0.5621000230312347,0.006800025701522827,89.47406523935497,0.22743866082394176
diffusion_cosine_noise,ode-rk45,time_mlp,gaussian_linear,0.5706950008869172,0.008618338282816503,0.5687250196933746,0.003949999809265137,89.17174658235163,0.19473232253582207
diffusion_cosine_noise,ode-rk45,time_mlp,two_moons,0.5409050047397613,0.0255757787622298,0.5346750020980835,0.018099993467330933,90.07423895439133,1.1317187414056478
diffusion_cosine_noise,ode-rk45,time_mlp,bernoulli_glm,0.6132300019264221,0.023252682362285424,0.6085750162601471,0.00625002384185791,92.7433913900517,1.4821972563872965
diffusion_cosine_noise,ode-rk45,time_mlp,gaussian_mixture,0.5767549991607666,0.008919789162752398,0.5785000026226044,0.0031000077724456787,90.46217031516134,0.23791822796683754
diffusion_cosine_noise,ode-rk45,time_mlp,lotka_volterra,0.7320646941661835,0.10441973890544551,0.70210000872612,0.046000003814697266,89.78184393187985,0.46770815956533923
diffusion_cosine_noise,ode-rk45,time_mlp,slcp_distractors,0.7000949919223786,0.09233522554668896,0.6860750019550323,0.05330002307891846,88.68100434876979,0.31664641075274597
diffusion_cosine_noise,ode-rk45,time_mlp,bernoulli_glm_raw,0.5798649847507477,0.01539977054936798,0.5769749879837036,0.011575013399124146,89.88003995716572,0.951378292738637
flow_matching,ode-tsit5,time_mlp,gaussian_linear_uniform,0.5030350029468537,0.002268592409564789,0.503125011920929,0.0018000155687332153,78.24154418306425,0.17939045189779596
flow_matching,ode-tsit5,time_mlp,slcp,0.6392649948596955,0.09827218530695284,0.5830749869346619,0.02462497353553772,77.53005238473415,0.4629532698195144
flow_matching,ode-tsit5,time_mlp,sir,0.5433150053024292,0.02428802622065295,0.5382000207901001,0.009000003337860107,77.89676918359473,0.19496017690139214
flow_matching,ode-tsit5,time_mlp,gaussian_linear,0.5040399938821792,0.0029721897534483975,0.5027499794960022,0.0012000054121017456,77.12206793874502,0.15943586550207667
flow_matching,ode-tsit5,time_mlp,two_moons,0.5215299904346467,0.008641854423197311,0.51910001039505,0.0048750340938568115,79.31324580805376,0.16344564158031366
flow_matching,ode-tsit5,time_mlp,bernoulli_glm,0.5128549993038177,0.0052397325197198925,0.5138500034809113,0.004574984312057495,78.15304682962596,0.13563662628733913
flow_matching,ode-tsit5,time_mlp,gaussian_mixture,0.5428499937057495,0.008432643583666941,0.5403499901294708,0.004325002431869507,78.65482336971908,0.30702769947219816
flow_matching,ode-tsit5,time_mlp,lotka_volterra,0.7084199965000153,0.10259380509449778,0.6818250119686127,0.04987499117851257,78.19432560186833,0.17195671918360517
flow_matching,ode-tsit5,time_mlp,slcp_distractors,0.6718450069427491,0.10501935068098976,0.62295001745224,0.05895000696182251,79.01634741015732,0.1646763357729527
flow_matching,ode-tsit5,time_mlp,bernoulli_glm_raw,0.5161049962043762,0.004810479670694187,0.5170499980449677,0.0035749971866607666,76.77024357421324,0.15202743237063454
flow_matching_edm,ode-tsit5,time_mlp,gaussian_linear_uniform,0.5048800021409988,0.0030024374224451103,0.5059249997138977,0.0018250048160552979,78.26382380863652,0.21985732093146185
flow_matching_edm,ode-tsit5,time_mlp,slcp,0.6227950036525727,0.08557703344742568,0.5726500153541565,0.02572500705718994,78.16132933776825,0.4825163557001705
flow_matching_edm,ode-tsit5,time_mlp,sir,0.5380749940872193,0.012733560852886534,0.5381999909877777,0.003425031900405884,76.68032318204641,0.26418894559045436
flow_matching_edm,ode-tsit5,time_mlp,gaussian_linear,0.5028500020503998,0.0018528378351852903,0.502575010061264,0.0014500021934509277,77.92188438279554,0.16292925418649273
flow_matching_edm,ode-tsit5,time_mlp,two_moons,0.5261600017547607,0.00956818114833756,0.5235500037670135,0.0065750181674957275,72.01578509872779,0.4038603462469378
flow_matching_edm,ode-tsit5,time_mlp,bernoulli_glm,0.5144400000572205,0.0068103906875424955,0.5134750008583069,0.004974991083145142,77.01198232164606,0.14776443597693847
flow_matching_edm,ode-tsit5,time_mlp,gaussian_mixture,0.5437950015068054,0.00739980584925633,0.5422999858856201,0.005975008010864258,79.15882728043944,0.34572283189902936
flow_matching_edm,ode-tsit5,time_mlp,lotka_volterra,0.6856649935245513,0.09197074132886154,0.6656499803066254,0.06242498755455017,78.95641972571612,0.21035586149338267
flow_matching_edm,ode-tsit5,time_mlp,slcp_distractors,0.6547749996185303,0.08039342387786101,0.648624986410141,0.05674999952316284,77.75320708863437,0.18550155039360722
flow_matching_edm,ode-tsit5,time_mlp,bernoulli_glm_raw,0.5147550046443939,0.006245819410087955,0.5140250027179718,0.0067999958992004395,77.71198532655835,0.6476556201421494
ot_flow_matching,ode-tsit5,time_mlp,gaussian_linear_uniform,0.8386100053787231,0.0193590526657983,0.8384999930858612,0.015125006437301636,77.43787959516048,0.23033543960361041
ot_flow_matching,ode-tsit5,time_mlp,slcp,0.8654149889945983,0.04176110288235841,0.8759999871253967,0.0249750018119812,71.87992878388613,0.4865353038416101
ot_flow_matching,ode-tsit5,time_mlp,sir,0.8934300005435943,0.026666858653388283,0.8951500058174133,0.0258999764919281,78.67229920690879,0.1838477893735261
ot_flow_matching,ode-tsit5,time_mlp,gaussian_linear,0.7635650038719177,0.0402353535807941,0.7636750042438507,0.025499999523162842,78.09037790158763,0.15889501491729946
ot_flow_matching,ode-tsit5,time_mlp,two_moons,0.8587700009346009,0.0357437076378617,0.847900003194809,0.028799980878829956,77.27790839737281,0.15371572454026738
ot_flow_matching,ode-tsit5,time_mlp,bernoulli_glm,0.8903999984264374,0.0210262111400322,0.8941500186920166,0.01985001564025879,77.01613240428269,0.18100247866522953
ot_flow_matching,ode-tsit5,time_mlp,gaussian_mixture,0.9092000007629395,0.023881233194045885,0.9114499986171722,0.01797500252723694,78.15505083855241,0.29624514549741643
ot_flow_matching,ode-tsit5,time_mlp,lotka_volterra,0.9611549973487854,0.01657703886647119,0.9576750099658966,0.013125002384185791,79.55277031119913,0.1411705216422474
ot_flow_matching,ode-tsit5,time_mlp,slcp_distractors,0.8629800021648407,0.039198115276474314,0.8689000010490417,0.034000009298324585,77.95166094731539,0.5407129500005682
ot_flow_matching,ode-tsit5,time_mlp,bernoulli_glm_raw,0.889659994840622,0.024310452335980722,0.890749990940094,0.02317500114440918,76.77858480121941,0.22792683955975618
ot_partial_flow_matching,ode-tsit5,time_mlp,gaussian_linear_uniform,0.8518649995326996,0.024249652300699337,0.8555749952793121,0.01840001344680786,78.09703455269337,0.07897796039146956
ot_partial_flow_matching,ode-tsit5,time_mlp,slcp,0.879054993391037,0.038839596596966716,0.8790249824523926,0.033625006675720215,79.51208237158134,0.2694941579734757
ot_partial_flow_matching,ode-tsit5,time_mlp,sir,0.9168499886989594,0.02337829832517328,0.9182249903678894,0.020999997854232788,77.36184318158776,0.30702971887884395
ot_partial_flow_matching,ode-tsit5,time_mlp,gaussian_linear,0.7845199942588806,0.05166251129531094,0.7776249945163727,0.043224990367889404,78.18815482258796,0.1397204042311401
ot_partial_flow_matching,ode-tsit5,time_mlp,two_moons,0.8832249999046325,0.033832033911477336,0.8701750040054321,0.027449995279312134,79.78842365005985,0.17902277972331473
ot_partial_flow_matching,ode-tsit5,time_mlp,bernoulli_glm,0.909755003452301,0.03654639407107408,0.9086500108242035,0.03522500395774841,73.24184249965474,2.007943235971241
ot_partial_flow_matching,ode-tsit5,time_mlp,gaussian_mixture,0.9259449958801269,0.020006372460363044,0.9269749820232391,0.015524983406066895,76.74645478380845,0.15296934999224443
ot_partial_flow_matching,ode-tsit5,time_mlp,lotka_volterra,0.9699450075626374,0.01697580645034943,0.9687750041484833,0.015675008296966553,78.95705446004868,0.7338096940198369
ot_partial_flow_matching,ode-tsit5,time_mlp,slcp_distractors,0.8788450002670288,0.03567369263015352,0.8823750019073486,0.030750006437301636,78.80736013595015,0.16827773367472582
ot_partial_flow_matching,ode-tsit5,time_mlp,bernoulli_glm_raw,0.9080849945545196,0.039294178575307294,0.9059499800205231,0.03749999403953552,77.06833030097187,0.18684626046911412
cot_flow_matching,ode-tsit5,time_mlp,gaussian_linear_uniform,0.5036750048398971,0.0028441379526390346,0.5028000175952911,0.0015500187873840332,82.10375403687358,1.003078399613297
cot_flow_matching,ode-tsit5,time_mlp,slcp,0.6352299928665162,0.0986256273112622,0.5807249844074249,0.02982497215270996,78.77448257310316,0.15305778883709925
cot_flow_matching,ode-tsit5,time_mlp,sir,0.5715049982070923,0.055373599577627296,0.5494999885559082,0.025549978017807007,81.88577664392069,2.8641693767328205
cot_flow_matching,ode-tsit5,time_mlp,gaussian_linear,0.5030600041151047,0.0018334096044857833,0.502700001001358,0.0013500005006790161,77.71069513456897,0.41463821771850423
cot_flow_matching,ode-tsit5,time_mlp,two_moons,0.5532999932765961,0.04193687515317664,0.5455749928951263,0.03880000114440918,78.3165544392541,0.2798322273120983
cot_flow_matching,ode-tsit5,time_mlp,bernoulli_glm,0.5120450019836426,0.006536371097626038,0.5115750133991241,0.005799978971481323,77.64914264930412,0.19463945654417675
cot_flow_matching,ode-tsit5,time_mlp,gaussian_mixture,0.5674250066280365,0.03582270993976888,0.550225019454956,0.020575016736984253,78.76655914764851,0.17473196440584307
cot_flow_matching,ode-tsit5,time_mlp,lotka_volterra,0.6920399963855743,0.08852755124433338,0.6607750058174133,0.04029998183250427,78.91463574022055,0.08291974368682123
cot_flow_matching,ode-tsit5,time_mlp,slcp_distractors,0.6355250120162964,0.08753464724019704,0.5841750204563141,0.034449994564056396,76.68852602820843,0.17485923310026052
cot_flow_matching,ode-tsit5,time_mlp,bernoulli_glm_raw,0.5148550033569336,0.006675502825937652,0.5141500234603882,0.0060250163078308105,77.75579982614144,0.1842144167779214
cot_0_02_flow_matching,ode-tsit5,time_mlp,gaussian_linear_uniform,0.5080999970436096,0.004882518532291495,0.5087999999523163,0.00415000319480896,77.82641894444824,0.14667321015004858
cot_0_02_flow_matching,ode-tsit5,time_mlp,slcp,0.6544900059700012,0.08255905820145391,0.617000013589859,0.046225011348724365,76.55161843625828,0.2836080424240551
cot_0_02_flow_matching,ode-tsit5,time_mlp,sir,0.6073149979114533,0.09195510726118769,0.5823000073432922,0.043725013732910156,78.70234562242403,0.44106157478099606
cot_0_02_flow_matching,ode-tsit5,time_mlp,gaussian_linear,0.5109299957752228,0.00719337088835955,0.5098249912261963,0.004275023937225342,78.20825614137576,0.271725222189745
cot_0_02_flow_matching,ode-tsit5,time_mlp,two_moons,0.5609450042247772,0.04850122554168774,0.550125002861023,0.04002499580383301,76.94847166361288,0.20580712679419905
cot_0_02_flow_matching,ode-tsit5,time_mlp,bernoulli_glm,0.5188449919223785,0.01137973948125713,0.5198249816894531,0.01124998927116394,77.6807696598582,0.3000317537076428
cot_0_02_flow_matching,ode-tsit5,time_mlp,gaussian_mixture,0.5884750008583068,0.04704596347875122,0.5715500116348267,0.033399999141693115,78.83291880888865,0.3049102206800805
cot_0_02_flow_matching,ode-tsit5,time_mlp,lotka_volterra,0.7204650104045868,0.102849931952535,0.6692000031471252,0.046774983406066895,79.13067011646926,0.1286263292607297
cot_0_02_flow_matching,ode-tsit5,time_mlp,slcp_distractors,0.650065004825592,0.08603725256779883,0.6092000007629395,0.03777498006820679,84.80952547173948,0.3867605281078812
cot_0_02_flow_matching,ode-tsit5,time_mlp,bernoulli_glm_raw,0.5164399981498718,0.006348532053754927,0.5158750116825104,0.00475001335144043,78.84276091521606,1.4263464445294773
cot_0_05_flow_matching,ode-tsit5,time_mlp,gaussian_linear_uniform,0.5406650006771088,0.018360627081805588,0.5414000153541565,0.015599995851516724,78.76122161839157,0.16841566580478276
cot_0_05_flow_matching,ode-tsit5,time_mlp,slcp,0.687200003862381,0.0767100415753014,0.6616500020027161,0.04450002312660217,78.42315312037245,0.21327540105272833
cot_0_05_flow_matching,ode-tsit5,time_mlp,sir,0.6930400013923645,0.08547792376145998,0.6750249862670898,0.06744998693466187,79.62437125919386,0.19696148657595347
cot_0_05_flow_matching,ode-tsit5,time_mlp,gaussian_linear,0.5542050004005432,0.02690153160066822,0.5492500066757202,0.018299996852874756,78.36749938456342,0.16262827648374195
cot_0_05_flow_matching,ode-tsit5,time_mlp,two_moons,0.6160799980163574,0.06347737476618791,0.6203749775886536,0.050999969244003296,78.04680383531377,0.1534681681441368
cot_0_05_flow_matching,ode-tsit5,time_mlp,bernoulli_glm,0.5642499983310699,0.04939428571023495,0.5657749772071838,0.044274985790252686,78.84404885452241,0.23273752697638309
cot_0_05_flow_matching,ode-tsit5,time_mlp,gaussian_mixture,0.6603549957275391,0.0610050617178011,0.6435000002384186,0.046525001525878906,77.61069498667493,0.18056251815203486
cot_0_05_flow_matching,ode-tsit5,time_mlp,lotka_volterra,0.7664499998092651,0.08327703604430153,0.7330749928951263,0.04702502489089966,77.40969195077196,0.11299597251036772
cot_0_05_flow_matching,ode-tsit5,time_mlp,slcp_distractors,0.6713850021362304,0.09005163095998799,0.6486749947071075,0.06807497143745422,77.2434391236864,0.17176594046860497
cot_0_05_flow_matching,ode-tsit5,time_mlp,bernoulli_glm_raw,0.5376749992370605,0.02940354448713692,0.5311249792575836,0.024125009775161743,79.34643482174724,0.18149139595823122
cot_0_1_flow_matching,ode-tsit5,time_mlp,gaussian_linear_uniform,0.609389990568161,0.03499404475790053,0.6076250076293945,0.02460002899169922,77.92315548881888,0.20467565217844066
cot_0_1_flow_matching,ode-tsit5,time_mlp,slcp,0.7176450014114379,0.054875970687829234,0.7236999869346619,0.05080002546310425,78.60025896560401,0.18198624739172434
cot_0_1_flow_matching,ode-tsit5,time_mlp,sir,0.7379300057888031,0.0783837831250544,0.7306750118732452,0.07562500238418579,76.61797910006717,0.30878008541401153
cot_0_1_flow_matching,ode-tsit5,time_mlp,gaussian_linear,0.6098550021648407,0.04106099526208699,0.6032249927520752,0.03564998507499695,77.29860176956281,0.13407855624244555
cot_0_1_flow_matching,ode-tsit5,time_mlp,two_moons,0.666509997844696,0.0627085854927438,0.6391499936580658,0.045124977827072144,78.61008700095117,0.20140387248779282
cot_0_1_flow_matching,ode-tsit5,time_mlp,bernoulli_glm,0.6342199921607972,0.08469784683606577,0.6465249955654144,0.08004999160766602,77.66674220804126,0.13505473130345394
cot_0_1_flow_matching,ode-tsit5,time_mlp,gaussian_mixture,0.7129100084304809,0.06590656795050505,0.7005000114440918,0.05312499403953552,78.24164613336325,0.16658452323905798
cot_0_1_flow_matching,ode-tsit5,time_mlp,lotka_volterra,0.8151300072669982,0.08567300497742494,0.7854250073432922,0.06207498908042908,79.7938456652686,0.1730129205686767
cot_0_1_flow_matching,ode-tsit5,time_mlp,slcp_distractors,0.704639995098114,0.04931113027422914,0.6972749829292297,0.038150012493133545,77.98032863223925,0.32443943175989226
cot_0_1_flow_matching,ode-tsit5,time_mlp,bernoulli_glm_raw,0.6119850039482116,0.08037607151764735,0.6070500016212463,0.08172500133514404,80.18796687750145,0.6943475656907555
cot_partial_flow_matching,ode-tsit5,time_mlp,gaussian_linear_uniform,0.5085950016975402,0.008162724526942387,0.5065249800682068,0.004099994897842407,79.03534013191238,0.12379969105981571
cot_partial_flow_matching,ode-tsit5,time_mlp,slcp,0.6541800022125244,0.07360916052525548,0.647350013256073,0.05025002360343933,78.89252337766811,0.19919996143406557
cot_partial_flow_matching,ode-tsit5,time_mlp,sir,0.5814449965953827,0.06512824223574704,0.5555749833583832,0.021225005388259888,82.58765482055023,1.5726395441080272
cot_partial_flow_matching,ode-tsit5,time_mlp,gaussian_linear,0.5139600038528442,0.009955514297451413,0.5115000009536743,0.005674988031387329,77.52990236645564,0.201956724809408
cot_partial_flow_matching,ode-tsit5,time_mlp,two_moons,0.5740899920463562,0.06116493916889719,0.5626999735832214,0.03847500681877136,78.6803599242121,0.15523631169812674
cot_partial_flow_matching,ode-tsit5,time_mlp,bernoulli_glm,0.5443800032138825,0.03663339077409397,0.5313750207424164,0.022050023078918457,85.33629004191607,0.4254105455647297
cot_partial_flow_matching,ode-tsit5,time_mlp,gaussian_mixture,0.6009249985218048,0.06680446111692365,0.5757250189781189,0.029825031757354736,76.93553376980125,0.23317852504313089
cot_partial_flow_matching,ode-tsit5,time_mlp,lotka_volterra,0.7055649995803833,0.0950576018812185,0.6589750051498413,0.03327497839927673,78.25038352813571,0.1306058824711776
cot_partial_flow_matching,ode-tsit5,time_mlp,slcp_distractors,0.6591600000858306,0.08823619500345206,0.6360999941825867,0.053574979305267334,78.74454855248332,0.18016352638114416
cot_partial_flow_matching,ode-tsit5,time_mlp,bernoulli_glm_raw,0.5334299981594086,0.02441598542162831,0.5257500112056732,0.01502498984336853,77.66124148201197,0.14381711139209805
diffusion_edm_vp,ode-tsit5,time_mlp,gaussian_linear_uniform,0.5156350076198578,0.003023818719736534,0.5164250135421753,0.0013000071048736572,90.94519462492318,0.2576483926966945
diffusion_edm_vp,ode-tsit5,time_mlp,slcp,0.6500649988651276,0.09126306813372721,0.6264499723911285,0.061774998903274536,89.97440159767866,0.4732677137378853
diffusion_edm_vp,ode-tsit5,time_mlp,sir,0.5333349943161011,0.016554189149227926,0.5332249999046326,0.013449996709823608,89.88370124008506,0.4889643074819508
diffusion_edm_vp,ode-tsit5,time_mlp,gaussian_linear,0.5035050064325333,0.00338388986873441,0.5017250180244446,0.0014000236988067627,90.8467005350627,0.25161927780340054
diffusion_edm_vp,ode-tsit5,time_mlp,two_moons,0.5214150011539459,0.01412505111622654,0.5151999890804291,0.007524996995925903,89.04905199026689,0.13420978728321328
diffusion_edm_vp,ode-tsit5,time_mlp,bernoulli_glm,0.5201500177383422,0.0047273672811126944,0.5196750164031982,0.003049999475479126,92.15849346127361,0.2161282302534776
diffusion_edm_vp,ode-tsit5,time_mlp,gaussian_mixture,0.526939994096756,0.006226587919124126,0.5277999937534332,0.0029999911785125732,91.0887869768776,0.30352934365396417
diffusion_edm_vp,ode-tsit5,time_mlp,lotka_volterra,0.7147250056266785,0.09361217674751877,0.683599978685379,0.040724992752075195,91.52015441842377,0.3903674587471614
diffusion_edm_vp,ode-tsit5,time_mlp,slcp_distractors,0.6506850004196167,0.07510576100328739,0.6374000012874603,0.06882500648498535,90.41947826026008,0.47981515621860177
diffusion_edm_vp,ode-tsit5,time_mlp,bernoulli_glm_raw,0.520724993944168,0.006222824161833007,0.5198749899864197,0.0037999749183654785,89.61507211700082,0.2376056934606858
diffusion_edm_vp_ema,ode-tsit5,time_mlp,gaussian_linear_uniform,0.5124449968338013,0.004725326513149123,0.5122750103473663,0.003949999809265137,91.84097974766046,0.22770160362687564
diffusion_edm_vp_ema,ode-tsit5,time_mlp,slcp,0.6325699925422669,0.06121216372636606,0.6171000003814697,0.027524977922439575,91.01497960342094,0.26355443320593397
diffusion_edm_vp_ema,ode-tsit5,time_mlp,sir,0.5405800044536591,0.017427623526256743,0.5411500036716461,0.010149985551834106,91.13117481023073,0.225027930604559
diffusion_edm_vp_ema,ode-tsit5,time_mlp,gaussian_linear,0.5035099923610687,0.0021783933618770264,0.5034250020980835,0.001900017261505127,89.66942084543408,0.13561062653118364
diffusion_edm_vp_ema,ode-tsit5,time_mlp,two_moons,0.5172800064086914,0.013069055389588908,0.5107749998569489,0.004549980163574219,95.01241928329691,2.0455616663715506
diffusion_edm_vp_ema,ode-tsit5,time_mlp,bernoulli_glm,0.5187649965286255,0.005685764905995777,0.5185499787330627,0.002324998378753662,93.11499613495543,1.1470211964050128
diffusion_edm_vp_ema,ode-tsit5,time_mlp,gaussian_mixture,0.5267250001430511,0.0072648591152795665,0.5278500020503998,0.0068750083446502686,89.91789508229121,0.3038553637786209
diffusion_edm_vp_ema,ode-tsit5,time_mlp,lotka_volterra,0.699370002746582,0.09137026664677839,0.6464000046253204,0.01842498779296875,97.44870918998495,1.7632940339342804
diffusion_edm_vp_ema,ode-tsit5,time_mlp,slcp_distractors,0.6632050037384033,0.08561807210777737,0.6272749900817871,0.055074989795684814,88.67140089347959,0.22580593336711285
diffusion_edm_vp_ema,ode-tsit5,time_mlp,bernoulli_glm_raw,0.5228149890899658,0.008056736515465363,0.5222249925136566,0.0068750083446502686,88.87262244680896,0.18068544105764683
diffusion_edm_ve,ode-tsit5,time_mlp,gaussian_linear_uniform,0.8445499956607818,0.03318643398078871,0.8445000052452087,0.027049988508224487,90.76517497617752,0.33928291150108314
diffusion_edm_ve,ode-tsit5,time_mlp,slcp,0.8244849979877472,0.04437156108024222,0.8388000130653381,0.021025002002716064,88.58649937864394,0.2792856754171645
diffusion_edm_ve,ode-tsit5,time_mlp,sir,0.7005599975585938,0.06935411830069928,0.7037999927997589,0.07317501306533813,86.56170874070376,0.24233631930152424
diffusion_edm_ve,ode-tsit5,time_mlp,gaussian_linear,0.8551100015640258,0.03448185113206765,0.85835000872612,0.02632501721382141,88.81933212839067,0.21064328488734738
diffusion_edm_ve,ode-tsit5,time_mlp,two_moons,0.7235899984836578,0.06749117723280176,0.7165000140666962,0.0526999831199646,88.7863209345378,0.22723903138925886
diffusion_edm_ve,ode-tsit5,time_mlp,bernoulli_glm,0.8643049955368042,0.08510052522616945,0.8764999806880951,0.06412503123283386,89.30107225319371,0.3682045573733085
diffusion_edm_ve,ode-tsit5,time_mlp,gaussian_mixture,0.7410049974918366,0.0691938173873066,0.7524249851703644,0.05357500910758972,89.67435526000335,0.4164900501962758
diffusion_edm_ve,ode-tsit5,time_mlp,lotka_volterra,0.8580850005149842,0.07621822237108128,0.8589749932289124,0.079274982213974,86.33450984237716,0.23932292198807248
diffusion_edm_ve,ode-tsit5,time_mlp,slcp_distractors,0.8232699990272522,0.04238740150283554,0.8412500023841858,0.02409997582435608,72.12460913052783,0.27099979798519436
diffusion_edm_ve,ode-tsit5,time_mlp,bernoulli_glm_raw,0.8689849972724915,0.07909408618217312,0.8865750133991241,0.05879998207092285,76.70780970947817,0.5069529578401727
diffusion_cosine_F,ode-tsit5,time_mlp,gaussian_linear_uniform,0.5060550034046173,0.003103096890056598,0.5057750046253204,0.0025250017642974854,91.69430395625531,0.2271564569288917
diffusion_cosine_F,ode-tsit5,time_mlp,slcp,0.6624150097370147,0.10283599669177941,0.5959500074386597,0.03232499957084656,90.56084144143388,0.08471300871920535
diffusion_cosine_F,ode-tsit5,time_mlp,sir,0.5443700015544891,0.015505908443208248,0.5372500121593475,0.01077502965927124,92.20554385492578,0.20247742783687558
diffusion_cosine_F,ode-tsit5,time_mlp,gaussian_linear,0.5042799949645996,0.0025690695668820016,0.503724992275238,0.0013499855995178223,90.19015321489424,0.24123410311410845
diffusion_cosine_F,ode-tsit5,time_mlp,two_moons,0.5143450021743774,0.009417966713261347,0.5170750021934509,0.007575005292892456,91.65845698602497,0.16638710636796278
diffusion_cosine_F,ode-tsit5,time_mlp,bernoulli_glm,0.5113200008869171,0.006719274286214045,0.5085999965667725,0.002499997615814209,91.12365735769272,0.18891539995826265
diffusion_cosine_F,ode-tsit5,time_mlp,gaussian_mixture,0.5260199964046478,0.013272176091608828,0.5239000022411346,0.011025011539459229,91.74467836590483,0.25459178822075923
diffusion_cosine_F,ode-tsit5,time_mlp,lotka_volterra,0.7278050065040589,0.0721875417137233,0.6982000172138214,0.034074991941452026,92.90027690697461,0.24491887465410095
diffusion_cosine_F,ode-tsit5,time_mlp,slcp_distractors,0.6645400047302246,0.095379377188764,0.6152500212192535,0.03977501392364502,93.03956516319886,0.13609031573769992
diffusion_cosine_F,ode-tsit5,time_mlp,bernoulli_glm_raw,0.5162600040435791,0.008238193648018038,0.5151750147342682,0.005474984645843506,98.75393171077594,0.6417156614871394
diffusion_cosine_v,ode-tsit5,time_mlp,gaussian_linear_uniform,0.5045400053262711,0.0028850191076068865,0.5044250190258026,0.0025749802589416504,89.54683544142172,0.2583393699943077
diffusion_cosine_v,ode-tsit5,time_mlp,slcp,0.6469399988651275,0.09917166422252824,0.5905250012874603,0.02557501196861267,91.79421711713076,1.4046604136782384
diffusion_cosine_v,ode-tsit5,time_mlp,sir,0.5404450058937073,0.018057072330856568,0.5318000018596649,0.009025007486343384,89.07808321993798,0.1866209743598082
diffusion_cosine_v,ode-tsit5,time_mlp,gaussian_linear,0.5028600037097931,0.001907723374815683,0.5025749802589417,0.0009750127792358398,87.77185058947653,0.2170868011489641
diffusion_cosine_v,ode-tsit5,time_mlp,two_moons,0.5083899945020676,0.0073024161205644915,0.5080749988555908,0.005899995565414429,90.39159711636603,0.23640386734643312
diffusion_cosine_v,ode-tsit5,time_mlp,bernoulli_glm,0.5131099879741668,0.007864123761439627,0.5102249979972839,0.005900025367736816,87.27104339189827,0.2542334779486807
diffusion_cosine_v,ode-tsit5,time_mlp,gaussian_mixture,0.5279149949550629,0.007721691899854172,0.525424987077713,0.0022250115871429443,87.9024187732488,0.22473205951396164
diffusion_cosine_v,ode-tsit5,time_mlp,lotka_volterra,0.7409850060939789,0.09463356457177502,0.7034749984741211,0.04749998450279236,89.54176095221192,0.34122292569532336
diffusion_cosine_v,ode-tsit5,time_mlp,slcp_distractors,0.6370899915695191,0.09121264748260034,0.5824750065803528,0.018975019454956055,90.63741934197023,0.27456988377829955
diffusion_cosine_v,ode-tsit5,time_mlp,bernoulli_glm_raw,0.5167100071907044,0.004805910663600194,0.5163250267505646,0.003274977207183838,89.26906340327113,0.5310959864084528
diffusion_cosine_v_lw,ode-tsit5,time_mlp,gaussian_linear_uniform,0.5058950006961822,0.002465809179287188,0.505174994468689,0.001149982213973999,89.00826699594036,0.29154476181692907
diffusion_cosine_v_lw,ode-tsit5,time_mlp,slcp,0.6502550065517425,0.09539395078243583,0.6144000291824341,0.05082499980926514,90.8618230190128,0.2729640475303515
diffusion_cosine_v_lw,ode-tsit5,time_mlp,sir,0.540719997882843,0.017813419347755672,0.5344499945640564,0.01184999942779541,88.07707915976644,0.39329951736236674
diffusion_cosine_v_lw,ode-tsit5,time_mlp,gaussian_linear,0.5028399974107742,0.002481213164146653,0.5023999810218811,0.002124994993209839,88.42270483057946,0.1731084370888401
diffusion_cosine_v_lw,ode-tsit5,time_mlp,two_moons,0.5251000046730041,0.012482141489129508,0.5292750000953674,0.009499996900558472,91.13029482234269,0.08819852995808139
diffusion_cosine_v_lw,ode-tsit5,time_mlp,bernoulli_glm,0.5139249980449676,0.005095650907995436,0.5141749978065491,0.00392499566078186,88.94423109143972,0.3169906069358979
diffusion_cosine_v_lw,ode-tsit5,time_mlp,gaussian_mixture,0.5380149900913238,0.010238034712192179,0.5389750003814697,0.007524996995925903,88.81666472991928,0.41723704220847363
diffusion_cosine_v_lw,ode-tsit5,time_mlp,lotka_volterra,0.7270650029182434,0.07842937510995114,0.703650027513504,0.02770000696182251,90.20580996954814,0.2968538075922465
diffusion_cosine_v_lw,ode-tsit5,time_mlp,slcp_distractors,0.6589049935340882,0.09677283248331983,0.6088750064373016,0.03792503476142883,88.8493437631987,0.21110833847202415
diffusion_cosine_v_lw,ode-tsit5,time_mlp,bernoulli_glm_raw,0.5195450007915496,0.006061614840296297,0.5194500088691711,0.004999995231628418,89.8520266010426,0.10233902534477123
diffusion_cosine_noise,ode-tsit5,time_mlp,gaussian_linear_uniform,0.5745449900627136,0.009750911345593452,0.5784749984741211,0.004500001668930054,91.9188727138564,3.2684209841518106
diffusion_cosine_noise,ode-tsit5,time_mlp,slcp,0.6986049950122833,0.07682180153470318,0.6725249886512756,0.03149998188018799,88.05235940404236,0.24190494176004854
diffusion_cosine_noise,ode-tsit5,time_mlp,sir,0.573927891254425,0.016123756489362234,0.5697000026702881,0.01192501187324524,89.55154572585597,0.30721196769297254
diffusion_cosine_noise,ode-tsit5,time_mlp,gaussian_linear,0.5705450057983399,0.009016915924297054,0.5695750117301941,0.007149994373321533,89.25036808187141,0.19051146138905617
diffusion_cosine_noise,ode-tsit5,time_mlp,two_moons,0.5418599933385849,0.024444705501868964,0.5408999919891357,0.020574986934661865,90.03661776678636,0.9917008859764215
diffusion_cosine_noise,ode-tsit5,time_mlp,bernoulli_glm,0.6118000090122223,0.021597523061745047,0.6070000231266022,0.003049999475479126,92.70171706043183,1.7622502178268917
diffusion_cosine_noise,ode-tsit5,time_mlp,gaussian_mixture,0.5764850020408631,0.006717367318319626,0.5784000158309937,0.00437501072883606,90.56168127125129,0.31188721486112103
diffusion_cosine_noise,ode-tsit5,time_mlp,lotka_volterra,0.7326128005981445,0.10339749716610834,0.7065749764442444,0.04695001244544983,89.90790320355445,0.511249605136347
diffusion_cosine_noise,ode-tsit5,time_mlp,slcp_distractors,0.7010899901390075,0.09413368395616911,0.6870749890804291,0.05300000309944153,88.96201362665742,0.7373167667303483
diffusion_cosine_noise,ode-tsit5,time_mlp,bernoulli_glm_raw,0.5795600056648255,0.011000836138021677,0.5785999894142151,0.010350018739700317,89.9948620133102,1.046992716669543
flow_matching,ode-rk45-adaptive,time_mlp,gaussian_linear_uniform,0.5055249959230423,0.0017265982379433137,0.5054000020027161,0.0011500120162963867,8.527432429231704,0.6962747866856462
flow_matching,ode-rk45-adaptive,time_mlp,slcp,0.6379850089550019,0.0974510224397747,0.581125020980835,0.0221250057220459,8.492225586250424,0.7322778987317232
flow_matching,ode-rk45-adaptive,time_mlp,sir,0.5439900040626526,0.02317705219501044,0.5382750034332275,0.011500000953674316,8.484171288181097,0.6921611972116599
flow_matching,ode-rk45-adaptive,time_mlp,gaussian_linear,0.5030349999666214,0.0023316430040214034,0.5022999942302704,0.0013500005006790161,8.417140580620616,0.704712771910714
flow_matching,ode-rk45-adaptive,time_mlp,two_moons,0.519064998626709,0.010379403870030954,0.5168749988079071,0.006024986505508423,8.635403362475335,0.6805779375655545
flow_matching,ode-rk45-adaptive,time_mlp,bernoulli_glm,0.5119500041007996,0.005279301147629677,0.5108749866485596,0.003949970006942749,8.518508699256927,0.6669515414040794
flow_matching,ode-rk45-adaptive,time_mlp,gaussian_mixture,0.5399200022220612,0.009183306967767355,0.5386250019073486,0.007124990224838257,8.5753411966376,0.6792214880481204
flow_matching,ode-rk45-adaptive,time_mlp,lotka_volterra,0.7096700012683869,0.10424863083796851,0.6796000003814697,0.054549992084503174,8.517228698451072,0.6884033473011412
flow_matching,ode-rk45-adaptive,time_mlp,slcp_distractors,0.6725250065326691,0.10286970603428529,0.6195749938488007,0.0477999746799469,8.620360952522606,0.6921216419021902
flow_matching,ode-rk45-adaptive,time_mlp,bernoulli_glm_raw,0.5136950075626373,0.005723341866130535,0.5131750106811523,0.0025500059127807617,8.341055121738464,0.6502317425348537
flow_matching_edm,ode-rk45-adaptive,time_mlp,gaussian_linear_uniform,0.5062900066375733,0.003706254884985026,0.5060750246047974,0.0015000104904174805,8.53518364923075,0.6950735022864168
flow_matching_edm,ode-rk45-adaptive,time_mlp,slcp,0.623390007019043,0.08591432383171695,0.5748000144958496,0.026300013065338135,8.593337912950664,0.7067899858435914
flow_matching_edm,ode-rk45-adaptive,time_mlp,sir,0.5371450006961822,0.012873009222026206,0.5364499986171722,0.0030249953269958496,8.443437268957496,0.6371150909243087
flow_matching_edm,ode-rk45-adaptive,time_mlp,gaussian_linear,0.5037049978971482,0.0022015389122215573,0.5038750171661377,0.0019250363111495972,8.493962198961526,0.6691678182974801
flow_matching_edm,ode-rk45-adaptive,time_mlp,two_moons,0.5213100045919419,0.010617600884968527,0.520550012588501,0.0076499879360198975,7.7958001811988655,0.6335634140216119
flow_matching_edm,ode-rk45-adaptive,time_mlp,bernoulli_glm,0.5149900019168854,0.004151846441010515,0.5137250125408173,0.0013499855995178223,8.372873411513865,0.6455662698568004
flow_matching_edm,ode-rk45-adaptive,time_mlp,gaussian_mixture,0.5419549942016602,0.006724935479451726,0.5430249869823456,0.002950012683868408,8.589841922186315,0.6757511459946022
flow_matching_edm,ode-rk45-adaptive,time_mlp,lotka_volterra,0.6858600020408631,0.09229272585638648,0.6649749875068665,0.06527498364448547,8.698472179844975,0.6608133273195315
flow_matching_edm,ode-rk45-adaptive,time_mlp,slcp_distractors,0.6528949975967407,0.08043456701476047,0.6494500041007996,0.05895000696182251,8.473590270709247,0.6935264339077658
flow_matching_edm,ode-rk45-adaptive,time_mlp,bernoulli_glm_raw,0.5153099954128265,0.004394879738015467,0.5151000022888184,0.0024499893188476562,8.42175355553627,0.6495148316999587
ot_flow_matching,ode-rk45-adaptive,time_mlp,gaussian_linear_uniform,0.8345300137996674,0.019416268817968044,0.8360750079154968,0.013624995946884155,8.434933089651167,0.656281449763843
ot_flow_matching,ode-rk45-adaptive,time_mlp,slcp,0.8654699981212616,0.041467403757219405,0.8729000091552734,0.029024988412857056,7.850933929812163,0.6239860391587114
ot_flow_matching,ode-rk45-adaptive,time_mlp,sir,0.8938099920749665,0.027061562617587916,0.8935000002384186,0.026350021362304688,8.586914918757975,0.6922555052985881
ot_flow_matching,ode-rk45-adaptive,time_mlp,gaussian_linear,0.7631649971008301,0.040323408501584994,0.7591750025749207,0.032799988985061646,8.526772129535676,0.6647785395182924
ot_flow_matching,ode-rk45-adaptive,time_mlp,two_moons,0.8606449961662292,0.035548626035767424,0.8490999937057495,0.026625007390975952,8.402420759480446,0.6473382095759165
ot_flow_matching,ode-rk45-adaptive,time_mlp,bernoulli_glm,0.8915749907493591,0.02164742831197903,0.8962250053882599,0.0200749933719635,8.380994492676109,0.6746154055708042
ot_flow_matching,ode-rk45-adaptive,time_mlp,gaussian_mixture,0.9099349975585938,0.02400056061703405,0.9125500023365021,0.019574999809265137,8.512940028961747,0.62211528801002
ot_flow_matching,ode-rk45-adaptive,time_mlp,lotka_volterra,0.9609150052070617,0.01668422963489151,0.9546000063419342,0.01170000433921814,8.673540189303457,0.6613749079325615
ot_flow_matching,ode-rk45-adaptive,time_mlp,slcp_distractors,0.8637149930000305,0.03903785383412796,0.8725749850273132,0.029900014400482178,8.536298290640115,0.6737660470628538
ot_flow_matching,ode-rk45-adaptive,time_mlp,bernoulli_glm_raw,0.8911249935626984,0.024330443916377092,0.8959999978542328,0.023425012826919556,8.365117549523712,0.665479196625862
ot_partial_flow_matching,ode-rk45-adaptive,time_mlp,gaussian_linear_uniform,0.8514750003814697,0.023976003624138584,0.8524999916553497,0.018399983644485474,8.50044622477144,0.6426512265242279
ot_partial_flow_matching,ode-rk45-adaptive,time_mlp,slcp,0.8803499937057495,0.03762615052233061,0.8793749809265137,0.032725006341934204,8.70802611084655,0.6769603720958328
ot_partial_flow_matching,ode-rk45-adaptive,time_mlp,sir,0.9163300037384033,0.02348517481548502,0.9212999939918518,0.02294999361038208,8.418950885068625,0.6570583108563589
ot_partial_flow_matching,ode-rk45-adaptive,time_mlp,gaussian_linear,0.7832199990749359,0.050902804084740814,0.7739000022411346,0.04727497696876526,8.523494525626301,0.6872765176534209
ot_partial_flow_matching,ode-rk45-adaptive,time_mlp,two_moons,0.8831200003623962,0.03383448347292894,0.8738749921321869,0.026000022888183594,8.701847844664007,0.6964526355696676
ot_partial_flow_matching,ode-rk45-adaptive,time_mlp,bernoulli_glm,0.9080600023269654,0.03850379138186043,0.9079500138759613,0.040550023317337036,7.983810617215932,0.589300784695452
ot_partial_flow_matching,ode-rk45-adaptive,time_mlp,gaussian_mixture,0.926654988527298,0.020723736473584047,0.9270749986171722,0.015574991703033447,8.357463808823377,0.6507495631668012
ot_partial_flow_matching,ode-rk45-adaptive,time_mlp,lotka_volterra,0.9699000000953675,0.01656979227481991,0.9679499864578247,0.014824986457824707,8.636235085316002,0.7202763988265416
ot_partial_flow_matching,ode-rk45-adaptive,time_mlp,slcp_distractors,0.8788450062274933,0.036178145589897605,0.8808000087738037,0.0298750102519989,8.601853009313345,0.6700501847329403
ot_partial_flow_matching,ode-rk45-adaptive,time_mlp,bernoulli_glm_raw,0.9065549969673157,0.0395673082027092,0.9050249755382538,0.0372999906539917,8.407992181368172,0.6892484764853831
cot_flow_matching,ode-rk45-adaptive,time_mlp,gaussian_linear_uniform,0.504295003414154,0.0032801280163797255,0.5033500045537949,0.0027250051498413086,8.968131545837968,0.7027977544196164
cot_flow_matching,ode-rk45-adaptive,time_mlp,slcp,0.6354600071907044,0.09500118397869785,0.5861749947071075,0.03327497839927673,8.588853160198777,0.6727319787694124
cot_flow_matching,ode-rk45-adaptive,time_mlp,sir,0.5734200060367585,0.054466635792827844,0.5545249879360199,0.02787497639656067,9.078960483241826,0.6051063946975517
cot_flow_matching,ode-rk45-adaptive,time_mlp,gaussian_linear,0.5034700036048889,0.0017638243262968409,0.5027750134468079,0.000974997878074646,8.48303537638858,0.7222219508893194
cot_flow_matching,ode-rk45-adaptive,time_mlp,two_moons,0.5529750049114227,0.040610879147168454,0.5439749956130981,0.03287497162818909,8.60098125524819,0.7065825427643598
cot_flow_matching,ode-rk45-adaptive,time_mlp,bernoulli_glm,0.5108150035142899,0.006505001862653018,0.5114500224590302,0.005474984645843506,8.45096675902605,0.6859735542507356
cot_flow_matching,ode-rk45-adaptive,time_mlp,gaussian_mixture,0.5661950051784516,0.03588985488311323,0.5517500042915344,0.02232500910758972,8.588042053952814,0.7077155737497435
cot_flow_matching,ode-rk45-adaptive,time_mlp,lotka_volterra,0.6905350029468537,0.08928016493508059,0.6597999930381775,0.03805002570152283,8.594466485083103,0.6732321477683737
cot_flow_matching,ode-rk45-adaptive,time_mlp,slcp_distractors,0.6349200069904327,0.08924077119042151,0.5782000124454498,0.029300004243850708,8.351897354144603,0.6440346726531777
cot_flow_matching,ode-rk45-adaptive,time_mlp,bernoulli_glm_raw,0.5150950014591217,0.007451192368589374,0.5164250135421753,0.004624992609024048,8.466579314693808,0.689784086854918
cot_0_02_flow_matching,ode-rk45-adaptive,time_mlp,gaussian_linear_uniform,0.5046700000762939,0.0020771621516874296,0.5046750009059906,0.0015250146389007568,8.494004372414201,0.6638667961999206
cot_0_02_flow_matching,ode-rk45-adaptive,time_mlp,slcp,0.6554250061511994,0.0827913689933409,0.6146500110626221,0.041550010442733765,8.365084723569453,0.6465346335257354
cot_0_02_flow_matching,ode-rk45-adaptive,time_mlp,sir,0.6060449838638305,0.0932820076261524,0.5776249766349792,0.04217499494552612,8.610679357033224,0.6610545860071676
cot_0_02_flow_matching,ode-rk45-adaptive,time_mlp,gaussian_linear,0.5100099980831146,0.009031190092309776,0.5063000023365021,0.003425002098083496,8.54445998519659,0.6878077126685135
cot_0_02_flow_matching,ode-rk45-adaptive,time_mlp,two_moons,0.562214994430542,0.04832068912722661,0.5531499981880188,0.04277500510215759,8.38459591269493,0.7092571770536121
cot_0_02_flow_matching,ode-rk45-adaptive,time_mlp,bernoulli_glm,0.5212900042533875,0.013177655253225133,0.5198749899864197,0.011649996042251587,8.455552526190877,0.6868394092433063
cot_0_02_flow_matching,ode-rk45-adaptive,time_mlp,gaussian_mixture,0.5892850041389466,0.04501804532961108,0.5745750069618225,0.030474990606307983,8.577459755167364,0.6859773415001593
cot_0_02_flow_matching,ode-rk45-adaptive,time_mlp,lotka_volterra,0.7196850001811981,0.10263526153523732,0.669050008058548,0.047600001096725464,8.621287415456028,0.7101085191366461
cot_0_02_flow_matching,ode-rk45-adaptive,time_mlp,slcp_distractors,0.6469199955463409,0.08642335903212486,0.6085749864578247,0.04364997148513794,9.320368994027376,0.790700749278686
cot_0_02_flow_matching,ode-rk45-adaptive,time_mlp,bernoulli_glm_raw,0.5172449946403503,0.0056765503330820245,0.5172750055789948,0.004124999046325684,8.647717150487006,0.9218474608468067
cot_0_05_flow_matching,ode-rk45-adaptive,time_mlp,gaussian_linear_uniform,0.540040010213852,0.018958701282506964,0.5357750058174133,0.013475000858306885,8.599721116013825,0.6894225101174496
cot_0_05_flow_matching,ode-rk45-adaptive,time_mlp,slcp,0.6878400027751923,0.0761833824914046,0.6648249924182892,0.04309996962547302,8.555983210355043,0.6964825563286577
cot_0_05_flow_matching,ode-rk45-adaptive,time_mlp,sir,0.6917549967765808,0.08618679587783903,0.6748749911785126,0.06927502155303955,8.729986204672604,0.6820785983376635
cot_0_05_flow_matching,ode-rk45-adaptive,time_mlp,gaussian_linear,0.5549950063228607,0.031090887829577418,0.5469000041484833,0.021724998950958252,8.538719303254037,0.687874019838439
cot_0_05_flow_matching,ode-rk45-adaptive,time_mlp,two_moons,0.616384994983673,0.06442907442952607,0.6208750009536743,0.05470001697540283,8.50336270853877,0.6699388579857468
cot_0_05_flow_matching,ode-rk45-adaptive,time_mlp,bernoulli_glm,0.5684050023555756,0.04648554232825421,0.5689250230789185,0.04937499761581421,8.591844817623496,0.7168546678407933
cot_0_05_flow_matching,ode-rk45-adaptive,time_mlp,gaussian_mixture,0.6590700089931488,0.06098860537820768,0.6451750099658966,0.05322501063346863,8.469125866144896,0.6860266532791329
cot_0_05_flow_matching,ode-rk45-adaptive,time_mlp,lotka_volterra,0.7650399923324585,0.08533628352171314,0.7309999763965607,0.047600001096725464,8.414073354937136,0.6713415682506744
cot_0_05_flow_matching,ode-rk45-adaptive,time_mlp,slcp_distractors,0.6677049994468689,0.09326066791722702,0.6416749954223633,0.06947499513626099,8.410703467670828,0.6497986320925891
cot_0_05_flow_matching,ode-rk45-adaptive,time_mlp,bernoulli_glm_raw,0.5398549973964691,0.02920989286482294,0.5328750014305115,0.02372497320175171,8.659856325294822,0.6910651603781566
cot_0_1_flow_matching,ode-rk45-adaptive,time_mlp,gaussian_linear_uniform,0.6114299952983856,0.0335039257634183,0.6158249974250793,0.02529999613761902,8.509841875173151,0.6779535541179577
cot_0_1_flow_matching,ode-rk45-adaptive,time_mlp,slcp,0.717484998703003,0.054895555081314364,0.7265750169754028,0.04524996876716614,8.581309309601783,0.700511592630319
cot_0_1_flow_matching,ode-rk45-adaptive,time_mlp,sir,0.738115006685257,0.07807549047716837,0.7294999957084656,0.07307499647140503,8.375553938280792,0.645884286913502
cot_0_1_flow_matching,ode-rk45-adaptive,time_mlp,gaussian_linear,0.6096250057220459,0.03903415054299939,0.6020500063896179,0.035899996757507324,8.410279965214432,0.6328311301512736
cot_0_1_flow_matching,ode-rk45-adaptive,time_mlp,two_moons,0.664849990606308,0.06303909351651106,0.6401749849319458,0.044349998235702515,8.580654500424862,0.7060482915574504
cot_0_1_flow_matching,ode-rk45-adaptive,time_mlp,bernoulli_glm,0.629324996471405,0.08237696244829386,0.6450999975204468,0.07102501392364502,8.50542235383764,0.6997878005336895
cot_0_1_flow_matching,ode-rk45-adaptive,time_mlp,gaussian_mixture,0.7138249993324279,0.06428452567740393,0.7041999995708466,0.055575013160705566,8.507755095604807,0.682853583879184
cot_0_1_flow_matching,ode-rk45-adaptive,time_mlp,lotka_volterra,0.8144250035285949,0.08599952662829692,0.7888249754905701,0.060950011014938354,8.689108262956143,0.6762300560319402
cot_0_1_flow_matching,ode-rk45-adaptive,time_mlp,slcp_distractors,0.7038749992847443,0.049298491303172355,0.6967249810695648,0.0359250009059906,8.497397783119231,0.6489215872458421
cot_0_1_flow_matching,ode-rk45-adaptive,time_mlp,bernoulli_glm_raw,0.61147500872612,0.07930808498185227,0.6063250005245209,0.08009999990463257,8.784847593586893,0.5834907769972948
cot_partial_flow_matching,ode-rk45-adaptive,time_mlp,gaussian_linear_uniform,0.507410004734993,0.005694028971776349,0.5053499937057495,0.002724975347518921,8.630101809836924,0.6668939235041937
cot_partial_flow_matching,ode-rk45-adaptive,time_mlp,slcp,0.6542649924755096,0.07474943819478098,0.6466749906539917,0.05517500638961792,8.58983213827014,0.6656479146511167
cot_partial_flow_matching,ode-rk45-adaptive,time_mlp,sir,0.5839550077915192,0.06346272540152022,0.5587249994277954,0.02059999108314514,9.131518583558499,0.886040060518981
cot_partial_flow_matching,ode-rk45-adaptive,time_mlp,gaussian_linear,0.5147100031375885,0.010331720174900291,0.5112249851226807,0.004575014114379883,8.481230405159295,0.701878494511592
cot_partial_flow_matching,ode-rk45-adaptive,time_mlp,two_moons,0.5733049988746644,0.0613147311626102,0.56147500872612,0.041175007820129395,8.57836480056867,0.7026338140540302
cot_partial_flow_matching,ode-rk45-adaptive,time_mlp,bernoulli_glm,0.5423549950122833,0.03996224095553893,0.529574990272522,0.022549986839294434,9.34696151446551,0.7450392017423214
cot_partial_flow_matching,ode-rk45-adaptive,time_mlp,gaussian_mixture,0.6024649918079377,0.06725677420565247,0.576324999332428,0.02695000171661377,8.388282153010369,0.6191360209225658
cot_partial_flow_matching,ode-rk45-adaptive,time_mlp,lotka_volterra,0.7067200005054474,0.09400059079643282,0.6610250174999237,0.03299999237060547,8.50347342332825,0.6673322821985934
cot_partial_flow_matching,ode-rk45-adaptive,time_mlp,slcp_distractors,0.6584550023078919,0.08893864083648308,0.6334750056266785,0.05500000715255737,8.574655365943908,0.6649605668007884
cot_partial_flow_matching,ode-rk45-adaptive,time_mlp,bernoulli_glm_raw,0.5324000000953675,0.023905743763696224,0.5271750092506409,0.017750024795532227,8.476262272987515,0.6663765667107479
diffusion_edm_vp,ode-rk45-adaptive,time_mlp,gaussian_linear_uniform,0.5146199941635132,0.0027133141039756437,0.5153000056743622,0.0021499991416931152,9.79423466688022,0.423874312492397
diffusion_edm_vp,ode-rk45-adaptive,time_mlp,slcp,0.6505499958992005,0.0895330647960241,0.6254000067710876,0.05950000882148743,9.678220746014267,0.4344998574945006
diffusion_edm_vp,ode-rk45-adaptive,time_mlp,sir,0.5333300054073333,0.01843066130042671,0.53370001912117,0.015499979257583618,9.668850255850703,0.39261988504682627
diffusion_edm_vp,ode-rk45-adaptive,time_mlp,gaussian_linear,0.5034050047397614,0.0025973456174637273,0.5024749934673309,0.0013750046491622925,9.815617429558188,0.4951488737141012
diffusion_edm_vp,ode-rk45-adaptive,time_mlp,two_moons,0.5204700052738189,0.011352774200333744,0.5172249972820282,0.00619998574256897,9.609369754977525,0.47313339576161206
diffusion_edm_vp,ode-rk45-adaptive,time_mlp,bernoulli_glm,0.5207899987697602,0.006239025218828011,0.5183500051498413,0.00377500057220459,9.895302393473685,0.4201071381807133
diffusion_edm_vp,ode-rk45-adaptive,time_mlp,gaussian_mixture,0.5257300019264222,0.006227092141529678,0.5257500112056732,0.003850013017654419,9.832592713553458,0.5089332918598821
diffusion_edm_vp,ode-rk45-adaptive,time_mlp,lotka_volterra,0.7148049950599671,0.09198618589355821,0.684149980545044,0.03662499785423279,9.854022819176317,0.43251040020480613
diffusion_edm_vp,ode-rk45-adaptive,time_mlp,slcp_distractors,0.6530399978160858,0.07216085412162904,0.6428250074386597,0.06597501039505005,9.715231340005994,0.3855410191286198
diffusion_edm_vp,ode-rk45-adaptive,time_mlp,bernoulli_glm_raw,0.5214600086212158,0.0053347780543803154,0.5199249982833862,0.005549997091293335,9.677525186911225,0.43233868741126175
diffusion_edm_vp_ema,ode-rk45-adaptive,time_mlp,gaussian_linear_uniform,0.512514990568161,0.0035123458352304356,0.5145500004291534,0.0015999972820281982,9.891501632146538,0.3991545749657151
diffusion_edm_vp_ema,ode-rk45-adaptive,time_mlp,slcp,0.6329199969768524,0.0623948290129249,0.616100013256073,0.026024967432022095,9.787201653327793,0.4361617186625166
diffusion_edm_vp_ema,ode-rk45-adaptive,time_mlp,sir,0.5388300001621247,0.01806388775503274,0.5393750071525574,0.0107249915599823,9.812625251151621,0.43491037878051886
diffusion_edm_vp_ema,ode-rk45-adaptive,time_mlp,gaussian_linear,0.5035100102424621,0.002305842433540185,0.5036250054836273,0.00210002064704895,9.64560026442632,0.4040101735682968
diffusion_edm_vp_ema,ode-rk45-adaptive,time_mlp,two_moons,0.5150849997997284,0.014378355931056788,0.512924998998642,0.0068750083446502686,10.466311783250422,0.587009772464136
diffusion_edm_vp_ema,ode-rk45-adaptive,time_mlp,bernoulli_glm,0.518940007686615,0.006601665753408749,0.5170250236988068,0.0045999884605407715,10.092143563646824,0.5290718637947194
diffusion_edm_vp_ema,ode-rk45-adaptive,time_mlp,gaussian_mixture,0.528329998254776,0.008584420778518209,0.530599981546402,0.003649979829788208,9.653253717720508,0.4209516451808788
diffusion_edm_vp_ema,ode-rk45-adaptive,time_mlp,lotka_volterra,0.7006100058555603,0.09138039169675971,0.6492249965667725,0.021924972534179688,10.465421569067985,0.2577899344700047
diffusion_edm_vp_ema,ode-rk45-adaptive,time_mlp,slcp_distractors,0.6608049988746643,0.08441457832719068,0.6237249970436096,0.05500000715255737,9.503531834390014,0.41075170524457516
diffusion_edm_vp_ema,ode-rk45-adaptive,time_mlp,bernoulli_glm_raw,0.5197700023651123,0.008611307084570691,0.5211500227451324,0.006624966859817505,9.564266556035728,0.3936092105219311
diffusion_edm_ve,ode-rk45-adaptive,time_mlp,gaussian_linear_uniform,0.8461400032043457,0.032866106661276734,0.8522500097751617,0.02717500925064087,9.78504560412839,0.446914944661331
diffusion_edm_ve,ode-rk45-adaptive,time_mlp,slcp,0.8248049974441528,0.044186765375744,0.8399999737739563,0.020424991846084595,9.542768895998597,0.4461563501912526
diffusion_edm_ve,ode-rk45-adaptive,time_mlp,sir,0.7010850012302399,0.06925691701752812,0.7025749981403351,0.06937500834465027,9.297580609470605,0.407619734396623
diffusion_edm_ve,ode-rk45-adaptive,time_mlp,gaussian_linear,0.8534349977970124,0.03337530862524889,0.8550499975681305,0.024500012397766113,9.553209315706045,0.4037004095472013
diffusion_edm_ve,ode-rk45-adaptive,time_mlp,two_moons,0.7233950197696686,0.06504937937136958,0.7169750034809113,0.04975000023841858,9.610805804189294,0.4737228517931886
diffusion_edm_ve,ode-rk45-adaptive,time_mlp,bernoulli_glm,0.8639749944210052,0.08403559655720597,0.8761249780654907,0.06767499446868896,9.640634263399988,0.4394547788026305
diffusion_edm_ve,ode-rk45-adaptive,time_mlp,gaussian_mixture,0.7410249948501587,0.07084121986669538,0.7531499862670898,0.05592501163482666,9.678564185183495,0.47222594105807464
diffusion_edm_ve,ode-rk45-adaptive,time_mlp,lotka_volterra,0.8592599987983703,0.0757737568758787,0.8628749847412109,0.0796000063419342,9.27840932821855,0.409806113615827
diffusion_edm_ve,ode-rk45-adaptive,time_mlp,slcp_distractors,0.8226249933242797,0.04232608130264438,0.8397499918937683,0.020350009202957153,7.766453228425235,0.36853601619693366
diffusion_edm_ve,ode-rk45-adaptive,time_mlp,bernoulli_glm_raw,0.8669999957084655,0.07950083814967995,0.8821499943733215,0.06257501244544983,8.276259328518062,0.39175440266021844
diffusion_cosine_F,ode-rk45-adaptive,time_mlp,gaussian_linear_uniform,0.5075199961662292,0.003700827130652925,0.5057750046253204,0.0011749863624572754,9.910681165009738,0.6919285270488423
diffusion_cosine_F,ode-rk45-adaptive,time_mlp,slcp,0.6624500036239624,0.10385122389274837,0.596450001001358,0.03349998593330383,9.745105842314661,0.68929297853448
diffusion_cosine_F,ode-rk45-adaptive,time_mlp,sir,0.5436199963092804,0.01540116208028809,0.5408999919891357,0.01320001482963562,10.232507321238518,0.5830224364770539
diffusion_cosine_F,ode-rk45-adaptive,time_mlp,gaussian_linear,0.5052449911832809,0.0031147625375514036,0.5051249861717224,0.0013000071048736572,9.723460040055215,0.6566090313844587
diffusion_cosine_F,ode-rk45-adaptive,time_mlp,two_moons,0.5148350059986114,0.010036162734883575,0.5136500000953674,0.009799987077713013,10.218708447180688,0.6938264109513524
diffusion_cosine_F,ode-rk45-adaptive,time_mlp,bernoulli_glm,0.5136899948120117,0.006392755264572326,0.5145249962806702,0.005899995565414429,9.812973521184176,0.710399914433193
diffusion_cosine_F,ode-rk45-adaptive,time_mlp,gaussian_mixture,0.5258600056171417,0.010802032944456648,0.5221750140190125,0.007500022649765015,9.892991345468909,0.6817024755497463
diffusion_cosine_F,ode-rk45-adaptive,time_mlp,lotka_volterra,0.7279949963092804,0.07116047323881833,0.6997250020503998,0.03305000066757202,10.34859704170376,0.7111756967381577
diffusion_cosine_F,ode-rk45-adaptive,time_mlp,slcp_distractors,0.6645300030708313,0.09378481215799865,0.6171750128269196,0.03780001401901245,10.044284672755747,0.6730955139465786
diffusion_cosine_F,ode-rk45-adaptive,time_mlp,bernoulli_glm_raw,0.516715008020401,0.0069650961032590225,0.5161499977111816,0.004949986934661865,10.685193979274482,0.7861674557600294
diffusion_cosine_v,ode-rk45-adaptive,time_mlp,gaussian_linear_uniform,0.505620002746582,0.0022111180809313833,0.5053000152111053,0.0013750195503234863,9.67422148771584,0.7011391822655423
diffusion_cosine_v,ode-rk45-adaptive,time_mlp,slcp,0.6472250044345855,0.09835950041462366,0.5911499857902527,0.029474973678588867,9.929248599428684,0.7603978643493147
diffusion_cosine_v,ode-rk45-adaptive,time_mlp,sir,0.5397449910640717,0.018421769156480902,0.5311749875545502,0.009849995374679565,9.88617807328701,0.575892569881531
diffusion_cosine_v,ode-rk45-adaptive,time_mlp,gaussian_linear,0.5024600028991699,0.001825076279103882,0.5020000040531158,0.0011249929666519165,9.478920985199512,0.6709322434067525
diffusion_cosine_v,ode-rk45-adaptive,time_mlp,two_moons,0.5070000052452087,0.005111600150709734,0.5066250264644623,0.0049000084400177,10.06126281004399,0.7406329431015366
diffusion_cosine_v,ode-rk45-adaptive,time_mlp,bernoulli_glm,0.5154300034046173,0.005600672617409565,0.5155750215053558,0.005374997854232788,9.415446190256626,0.689955181161737
diffusion_cosine_v,ode-rk45-adaptive,time_mlp,gaussian_mixture,0.5285300076007843,0.009124513176707568,0.5254749953746796,0.005750000476837158,9.500113698653877,0.6780517720831934
diffusion_cosine_v,ode-rk45-adaptive,time_mlp,lotka_volterra,0.7400900006294251,0.09537238182798395,0.7046500146389008,0.050074994564056396,10.002932502515614,0.7346752322644056
diffusion_cosine_v,ode-rk45-adaptive,time_mlp,slcp_distractors,0.6366700053215026,0.09103069919333752,0.5822000205516815,0.019175022840499878,9.830295107606798,0.6647800152433516
diffusion_cosine_v,ode-rk45-adaptive,time_mlp,bernoulli_glm_raw,0.5172849953174591,0.006925573320965534,0.5172749757766724,0.00610002875328064,9.618421084061264,0.6740400321021786
diffusion_cosine_v_lw,ode-rk45-adaptive,time_mlp,gaussian_linear_uniform,0.5059650003910064,0.004064920503934474,0.5058749914169312,0.0036999881267547607,9.738931621517986,0.6846226510764453
diffusion_cosine_v_lw,ode-rk45-adaptive,time_mlp,slcp,0.6510950088500976,0.09742606615111403,0.609375,0.050999999046325684,10.513006556779146,0.8447740389794517
diffusion_cosine_v_lw,ode-rk45-adaptive,time_mlp,sir,0.539944988489151,0.019751464213360374,0.5313499867916107,0.010224997997283936,9.81892380574718,0.6220514001344408
diffusion_cosine_v_lw,ode-rk45-adaptive,time_mlp,gaussian_linear,0.5061349987983703,0.0021268573665820674,0.5062249898910522,0.0011249780654907227,9.570307507459074,0.6657847649054611
diffusion_cosine_v_lw,ode-rk45-adaptive,time_mlp,two_moons,0.529185003042221,0.009684894717268333,0.5293999910354614,0.005499988794326782,10.71314386529848,0.7810346050350381
diffusion_cosine_v_lw,ode-rk45-adaptive,time_mlp,bernoulli_glm,0.5156199991703033,0.008155684177612327,0.514724999666214,0.006049990653991699,9.608310941047966,0.6994032707602219
diffusion_cosine_v_lw,ode-rk45-adaptive,time_mlp,gaussian_mixture,0.5395749926567077,0.00998944370702957,0.5395749807357788,0.005575001239776611,9.64663811698556,0.6728082053625646
diffusion_cosine_v_lw,ode-rk45-adaptive,time_mlp,lotka_volterra,0.729940003156662,0.07898744552373732,0.7091749906539917,0.024949997663497925,10.06252739150077,0.7251683524613921
diffusion_cosine_v_lw,ode-rk45-adaptive,time_mlp,slcp_distractors,0.6568599998950958,0.09686741009587944,0.607274979352951,0.037949979305267334,10.17826019860804,0.7605730889830147
diffusion_cosine_v_lw,ode-rk45-adaptive,time_mlp,bernoulli_glm_raw,0.5210199952125549,0.005737162656386639,0.5196000039577484,0.0027749836444854736,9.713722194265575,0.6582668216986126
diffusion_cosine_noise,ode-rk45-adaptive,time_mlp,gaussian_linear_uniform,0.5688549995422363,0.008081481945055783,0.5726499855518341,0.003524988889694214,10.89799580015242,1.0738607422621496
diffusion_cosine_noise,ode-rk45-adaptive,time_mlp,slcp,0.6967649936676026,0.07571980125586503,0.6670500040054321,0.02482500672340393,10.314933401346206,0.8819428208081951
diffusion_cosine_noise,ode-rk45-adaptive,time_mlp,sir,0.5742428839206696,0.014500617538196287,0.5740749835968018,0.010300010442733765,10.487369094695897,0.6362479938521295
diffusion_cosine_noise,ode-rk45-adaptive,time_mlp,gaussian_linear,0.5754200041294097,0.007315642846228253,0.5749250054359436,0.0033500194549560547,10.304178596008569,0.6528749969907388
diffusion_cosine_noise,ode-rk45-adaptive,time_mlp,two_moons,0.5417449951171875,0.024480311389380636,0.539000004529953,0.022549986839294434,10.839068234246223,0.8927505251804442
diffusion_cosine_noise,ode-rk45-adaptive,time_mlp,bernoulli_glm,0.6083699941635132,0.023745469100737562,0.6019749939441681,0.006974995136260986,11.11213195854798,1.1339803568954738
diffusion_cosine_noise,ode-rk45-adaptive,time_mlp,gaussian_mixture,0.5788350045681,0.00787511186026834,0.5775499939918518,0.0034999847412109375,10.371201136987656,0.7131133883241421
diffusion_cosine_noise,ode-rk45-adaptive,time_mlp,lotka_volterra,0.7256150007247925,0.10697212534736174,0.6930750012397766,0.06255000829696655,10.594891646131874,0.8787014947583569
diffusion_cosine_noise,ode-rk45-adaptive,time_mlp,slcp_distractors,0.6983199954032898,0.09186562239938637,0.6868999898433685,0.05572497844696045,10.556982135772705,0.9815987319910869
diffusion_cosine_noise,ode-rk45-adaptive,time_mlp,bernoulli_glm_raw,0.5817200064659118,0.013014665882858309,0.5809250175952911,0.0098000168800354,10.615223103575408,0.9800677877769173
flow_matching,ode-rk45-adaptive-joint,time_mlp,gaussian_linear_uniform,0.5053900063037873,0.003682851937219701,0.5048000067472458,0.0013499855995178223,12.620061089284718,0.0
flow_matching,ode-rk45-adaptive-joint,time_mlp,slcp,0.6393250048160553,0.0966774962587493,0.5815249979496002,0.01994997262954712,12.638871335424483,0.0
flow_matching,ode-rk45-adaptive-joint,time_mlp,sir,0.5448950111865998,0.02184255951674293,0.5403250157833099,0.007950007915496826,12.563264643773437,0.0
flow_matching,ode-rk45-adaptive-joint,time_mlp,gaussian_linear,0.5050249934196472,0.0034691677382468243,0.5046250075101852,0.002849981188774109,12.601872378960252,0.0
flow_matching,ode-rk45-adaptive-joint,time_mlp,two_moons,0.5217949986457825,0.012262506845329785,0.5178999900817871,0.006000012159347534,12.550672800280154,0.0
flow_matching,ode-rk45-adaptive-joint,time_mlp,bernoulli_glm,0.5114950060844421,0.003742827603977553,0.5114499926567078,0.003425002098083496,12.61004536319524,0.0
flow_matching,ode-rk45-adaptive-joint,time_mlp,gaussian_mixture,0.5421099960803986,0.01010605847173257,0.5383999943733215,0.006999999284744263,12.548680800944567,0.0
flow_matching,ode-rk45-adaptive-joint,time_mlp,lotka_volterra,0.7068900048732758,0.1032631261030477,0.6758749783039093,0.05525001883506775,12.561876419000328,0.0
flow_matching,ode-rk45-adaptive-joint,time_mlp,slcp_distractors,0.6719750046730042,0.10544833826909705,0.6216250061988831,0.055299997329711914,12.59629313275218,0.0
flow_matching,ode-rk45-adaptive-joint,time_mlp,bernoulli_glm_raw,0.5149600088596344,0.005428762400371175,0.5136000216007233,0.0028499960899353027,12.609832284040749,0.0
flow_matching_edm,ode-rk45-adaptive-joint,time_mlp,gaussian_linear_uniform,0.5051100015640259,0.003112770481816733,0.5051999986171722,0.0016749799251556396,12.609985250979662,0.0
flow_matching_edm,ode-rk45-adaptive-joint,time_mlp,slcp,0.6223250031471252,0.08794667169807616,0.5706500113010406,0.023900002241134644,12.573634813539684,0.0
flow_matching_edm,ode-rk45-adaptive-joint,time_mlp,sir,0.5374900043010712,0.011788231714416645,0.5346250236034393,0.00415000319480896,12.558566141873598,0.0
flow_matching_edm,ode-rk45-adaptive-joint,time_mlp,gaussian_linear,0.5051600009202957,0.003511044705845027,0.5050750076770782,0.0029000043869018555,12.61750197224319,0.0
flow_matching_edm,ode-rk45-adaptive-joint,time_mlp,two_moons,0.5241100072860718,0.009363597912251938,0.5211250185966492,0.0071250200271606445,12.52659497782588,0.0
flow_matching_edm,ode-rk45-adaptive-joint,time_mlp,bernoulli_glm,0.5144899964332581,0.006327585178041326,0.5147500038146973,0.005549997091293335,12.61073843576014,0.0
flow_matching_edm,ode-rk45-adaptive-joint,time_mlp,gaussian_mixture,0.5417900025844574,0.008035634134766942,0.5446749925613403,0.0045500099658966064,12.55983559973538,0.0
flow_matching_edm,ode-rk45-adaptive-joint,time_mlp,lotka_volterra,0.6871750056743622,0.09336555507728278,0.6638000011444092,0.06337499618530273,12.569502362981439,0.0
flow_matching_edm,ode-rk45-adaptive-joint,time_mlp,slcp_distractors,0.6520100116729737,0.08043224298034683,0.644225001335144,0.05835002660751343,12.594471861608326,0.0
flow_matching_edm,ode-rk45-adaptive-joint,time_mlp,bernoulli_glm_raw,0.516745001077652,0.005706030552264189,0.5175750255584717,0.004624992609024048,12.60448710527271,0.0
ot_flow_matching,ode-rk45-adaptive-joint,time_mlp,gaussian_linear_uniform,0.8358000040054321,0.01906898678360931,0.8360750079154968,0.011824995279312134,12.611227971501648,0.0
ot_flow_matching,ode-rk45-adaptive-joint,time_mlp,slcp,0.8633000075817108,0.041077460439737784,0.8731250166893005,0.024574995040893555,12.550087905488908,0.0
ot_flow_matching,ode-rk45-adaptive-joint,time_mlp,sir,0.8939800024032593,0.026712752274660394,0.8940000236034393,0.026449978351593018,12.569425077177584,0.0
ot_flow_matching,ode-rk45-adaptive-joint,time_mlp,gaussian_linear,0.7645650029182434,0.0396271297643837,0.7594000101089478,0.0328499972820282,12.621820307336748,0.0
ot_flow_matching,ode-rk45-adaptive-joint,time_mlp,two_moons,0.8591600000858307,0.03565993592188189,0.8471499979496002,0.02959999442100525,12.529954832047224,0.0
ot_flow_matching,ode-rk45-adaptive-joint,time_mlp,bernoulli_glm,0.889425003528595,0.02199468910636922,0.893449991941452,0.019374996423721313,12.596034263260663,0.0
ot_flow_matching,ode-rk45-adaptive-joint,time_mlp,gaussian_mixture,0.909455007314682,0.023899599893767245,0.9103250205516815,0.01947501301765442,12.541548380628228,0.0
ot_flow_matching,ode-rk45-adaptive-joint,time_mlp,lotka_volterra,0.9610600054264069,0.017026874896670825,0.9563000202178955,0.012749999761581421,12.574986199848354,0.0
ot_flow_matching,ode-rk45-adaptive-joint,time_mlp,slcp_distractors,0.863604998588562,0.0382748320861256,0.869949996471405,0.03360000252723694,12.604885807260871,0.0
ot_flow_matching,ode-rk45-adaptive-joint,time_mlp,bernoulli_glm_raw,0.8920399963855743,0.023789060397367064,0.8916999995708466,0.021549999713897705,12.61209968291223,0.0
ot_partial_flow_matching,ode-rk45-adaptive-joint,time_mlp,gaussian_linear_uniform,0.8530199944972991,0.024409111954144337,0.8576500117778778,0.018000006675720215,12.623450215905905,0.0
ot_partial_flow_matching,ode-rk45-adaptive-joint,time_mlp,slcp,0.8798649966716766,0.03786437465088928,0.8803000152111053,0.03512498736381531,12.668031230568886,0.0
ot_partial_flow_matching,ode-rk45-adaptive-joint,time_mlp,sir,0.9174799978733063,0.02258616294567446,0.9207749962806702,0.022725015878677368,12.56638169195503,0.0
ot_partial_flow_matching,ode-rk45-adaptive-joint,time_mlp,gaussian_linear,0.7846699953079224,0.05150428236905119,0.7798500061035156,0.03744998574256897,12.649056216701865,0.0
ot_partial_flow_matching,ode-rk45-adaptive-joint,time_mlp,two_moons,0.8824900031089783,0.0330735597332899,0.874349981546402,0.02672499418258667,12.550437624566257,0.0
ot_partial_flow_matching,ode-rk45-adaptive-joint,time_mlp,bernoulli_glm,0.9088149905204773,0.03664137262352946,0.9072999954223633,0.03450000286102295,12.603527226485312,0.0
ot_partial_flow_matching,ode-rk45-adaptive-joint,time_mlp,gaussian_mixture,0.9268199980258942,0.019412651814325787,0.927524983882904,0.01372501254081726,12.53729844558984,0.0
ot_partial_flow_matching,ode-rk45-adaptive-joint,time_mlp,lotka_volterra,0.9704950034618378,0.01675200543685639,0.9686750173568726,0.014825016260147095,12.657280558720231,0.0
ot_partial_flow_matching,ode-rk45-adaptive-joint,time_mlp,slcp_distractors,0.8792550086975097,0.03756535294518429,0.881725013256073,0.030774980783462524,12.600525930523872,0.0
ot_partial_flow_matching,ode-rk45-adaptive-joint,time_mlp,bernoulli_glm_raw,0.9085299968719482,0.03728867614802658,0.9061000049114227,0.03502503037452698,12.621731175109744,0.0
cot_flow_matching,ode-rk45-adaptive-joint,time_mlp,gaussian_linear_uniform,0.5042699933052063,0.0021928497720657826,0.5044499933719635,0.0021499991416931152,12.776938368566334,0.0
cot_flow_matching,ode-rk45-adaptive-joint,time_mlp,slcp,0.6372750043869019,0.09664287922274989,0.5842750072479248,0.02897500991821289,12.580376288853586,0.0
cot_flow_matching,ode-rk45-adaptive-joint,time_mlp,sir,0.5716449975967407,0.055321902073701607,0.5522750020027161,0.02647501230239868,12.705917188897729,0.0
cot_flow_matching,ode-rk45-adaptive-joint,time_mlp,gaussian_linear,0.5034150123596192,0.0029980088139074873,0.5026500225067139,0.0011250078678131104,12.618203182704747,0.0
cot_flow_matching,ode-rk45-adaptive-joint,time_mlp,two_moons,0.5549400091171265,0.042955313990957575,0.5471500158309937,0.04277500510215759,12.548649365082383,0.0
cot_flow_matching,ode-rk45-adaptive-joint,time_mlp,bernoulli_glm,0.5130549967288971,0.005159432664792633,0.5138500034809113,0.004825025796890259,12.596516832709312,0.0
cot_flow_matching,ode-rk45-adaptive-joint,time_mlp,gaussian_mixture,0.5680050075054168,0.036933446596769046,0.5509999990463257,0.021574974060058594,12.551782578229904,0.0
cot_flow_matching,ode-rk45-adaptive-joint,time_mlp,lotka_volterra,0.6937450051307679,0.08703677488173533,0.6637250185012817,0.039449989795684814,12.575753891840577,0.0
cot_flow_matching,ode-rk45-adaptive-joint,time_mlp,slcp_distractors,0.6366449952125549,0.0884600585521992,0.5774750113487244,0.024075031280517578,12.588314281776547,0.0
cot_flow_matching,ode-rk45-adaptive-joint,time_mlp,bernoulli_glm_raw,0.5154800057411194,0.00528877046501318,0.5156500041484833,0.0045500099658966064,12.606074655428529,0.0
cot_0_02_flow_matching,ode-rk45-adaptive-joint,time_mlp,gaussian_linear_uniform,0.5054200053215027,0.003020781780301207,0.5060999989509583,0.002200007438659668,12.62287547532469,0.0
cot_0_02_flow_matching,ode-rk45-adaptive-joint,time_mlp,slcp,0.6537950038909912,0.08165993246541334,0.6178500056266785,0.047374993562698364,12.564253374934196,0.0
cot_0_02_flow_matching,ode-rk45-adaptive-joint,time_mlp,sir,0.6073599994182587,0.09209470192753301,0.582524985074997,0.04387500882148743,12.574564135633409,0.0
cot_0_02_flow_matching,ode-rk45-adaptive-joint,time_mlp,gaussian_linear,0.5125800013542176,0.006531627239353648,0.5118000209331512,0.005524992942810059,12.626951899379492,0.0
cot_0_02_flow_matching,ode-rk45-adaptive-joint,time_mlp,two_moons,0.5627399981021881,0.04730875469084405,0.5552749931812286,0.04224999248981476,12.530657171271741,0.0
cot_0_02_flow_matching,ode-rk45-adaptive-joint,time_mlp,bernoulli_glm,0.5204599916934967,0.011453158205318247,0.523624986410141,0.005750000476837158,12.595637532882392,0.0
cot_0_02_flow_matching,ode-rk45-adaptive-joint,time_mlp,gaussian_mixture,0.5876700043678283,0.04865030486283445,0.5696000158786774,0.03315001726150513,12.555184842087328,0.0
cot_0_02_flow_matching,ode-rk45-adaptive-joint,time_mlp,lotka_volterra,0.7217050015926361,0.10283692592263696,0.6738499999046326,0.05222499370574951,12.56667151581496,0.0
cot_0_02_flow_matching,ode-rk45-adaptive-joint,time_mlp,slcp_distractors,0.6497549951076508,0.08689268330096975,0.6085250079631805,0.039275020360946655,12.736845819279552,0.0
cot_0_02_flow_matching,ode-rk45-adaptive-joint,time_mlp,bernoulli_glm_raw,0.5161399900913238,0.008019282489905605,0.5179750025272369,0.005674988031387329,12.643637501634657,0.0
cot_0_05_flow_matching,ode-rk45-adaptive-joint,time_mlp,gaussian_linear_uniform,0.5412749886512757,0.019255848310869426,0.5373999774456024,0.015375018119812012,12.629677888005972,0.0
cot_0_05_flow_matching,ode-rk45-adaptive-joint,time_mlp,slcp,0.6873099982738495,0.07620428896890905,0.6651250123977661,0.04250001907348633,12.578350025229156,0.0
cot_0_05_flow_matching,ode-rk45-adaptive-joint,time_mlp,sir,0.6924300014972686,0.08648002811281705,0.6747249960899353,0.06622499227523804,12.57158087939024,0.0
cot_0_05_flow_matching,ode-rk45-adaptive-joint,time_mlp,gaussian_linear,0.5549700081348419,0.03038832112745325,0.5478500127792358,0.021400004625320435,12.608804179355502,0.0
cot_0_05_flow_matching,ode-rk45-adaptive-joint,time_mlp,two_moons,0.6163300096988678,0.0621559505033935,0.6212500035762787,0.0515500009059906,12.540823252871633,0.0
cot_0_05_flow_matching,ode-rk45-adaptive-joint,time_mlp,bernoulli_glm,0.5659800052642823,0.04905496545148226,0.5648249983787537,0.048724979162216187,12.61392119154334,0.0
cot_0_05_flow_matching,ode-rk45-adaptive-joint,time_mlp,gaussian_mixture,0.6592749953269958,0.06021535996693945,0.645799994468689,0.04967498779296875,12.549361244775355,0.0
cot_0_05_flow_matching,ode-rk45-adaptive-joint,time_mlp,lotka_volterra,0.7666600048542023,0.08459374286485011,0.7308250069618225,0.049049973487854004,12.561303796246648,0.0
cot_0_05_flow_matching,ode-rk45-adaptive-joint,time_mlp,slcp_distractors,0.6684449970722198,0.09160907652562883,0.6441499888896942,0.07005000114440918,12.588039466179907,0.0
cot_0_05_flow_matching,ode-rk45-adaptive-joint,time_mlp,bernoulli_glm_raw,0.5406300127506256,0.028136603957602088,0.535874992609024,0.024074971675872803,12.624349221587181,0.0
cot_0_1_flow_matching,ode-rk45-adaptive-joint,time_mlp,gaussian_linear_uniform,0.6108149886131287,0.03252949014835271,0.6093249917030334,0.027899980545043945,12.624301444739103,0.0
cot_0_1_flow_matching,ode-rk45-adaptive-joint,time_mlp,slcp,0.7174800038337708,0.056425798701706824,0.7235000133514404,0.04944998025894165,12.586511192843318,0.0
cot_0_1_flow_matching,ode-rk45-adaptive-joint,time_mlp,sir,0.7399999976158143,0.07915105980709516,0.7323000133037567,0.07452502846717834,12.556950910016894,0.0
cot_0_1_flow_matching,ode-rk45-adaptive-joint,time_mlp,gaussian_linear,0.6108399987220764,0.03940528980003208,0.6033749878406525,0.03395000100135803,12.607839717529714,0.0
cot_0_1_flow_matching,ode-rk45-adaptive-joint,time_mlp,two_moons,0.6663899958133698,0.06313804445330708,0.6428000032901764,0.04845002293586731,12.555900633335114,0.0
cot_0_1_flow_matching,ode-rk45-adaptive-joint,time_mlp,bernoulli_glm,0.6323199987411499,0.08704509778223592,0.6490750014781952,0.07677501440048218,12.617583233863115,0.0
cot_0_1_flow_matching,ode-rk45-adaptive-joint,time_mlp,gaussian_mixture,0.713465005159378,0.06524321766254727,0.6983000040054321,0.04829999804496765,12.538753190077841,0.0
cot_0_1_flow_matching,ode-rk45-adaptive-joint,time_mlp,lotka_volterra,0.8142350018024445,0.08523564122383886,0.7866500020027161,0.05917501449584961,12.581850634887815,0.0
cot_0_1_flow_matching,ode-rk45-adaptive-joint,time_mlp,slcp_distractors,0.7024850010871887,0.050268481372122926,0.696274995803833,0.041874974966049194,12.59794228989631,0.0
cot_0_1_flow_matching,ode-rk45-adaptive-joint,time_mlp,bernoulli_glm_raw,0.613525003194809,0.0808160240446272,0.6094750165939331,0.07885000109672546,12.68868653755635,0.0
cot_partial_flow_matching,ode-rk45-adaptive-joint,time_mlp,gaussian_linear_uniform,0.5093400001525878,0.00605721154885233,0.5111000239849091,0.0042999982833862305,12.625716748647392,0.0
cot_partial_flow_matching,ode-rk45-adaptive-joint,time_mlp,slcp,0.6533699989318847,0.07296664913362425,0.6428499817848206,0.045649975538253784,12.587519044056535,0.0
cot_partial_flow_matching,ode-rk45-adaptive-joint,time_mlp,sir,0.5837899923324585,0.06541293861497224,0.5598749816417694,0.02114999294281006,14.276611366309226,0.0
cot_partial_flow_matching,ode-rk45-adaptive-joint,time_mlp,gaussian_linear,0.512279999256134,0.00913030962257776,0.5100750029087067,0.005874991416931152,12.622669463977218,0.0
cot_partial_flow_matching,ode-rk45-adaptive-joint,time_mlp,two_moons,0.5721599936485291,0.061898026692221705,0.5586999952793121,0.03962501883506775,12.545159122906625,0.0
cot_partial_flow_matching,ode-rk45-adaptive-joint,time_mlp,bernoulli_glm,0.5447550058364868,0.04041573292268401,0.5353499948978424,0.027350008487701416,12.76429158821702,0.0
cot_partial_flow_matching,ode-rk45-adaptive-joint,time_mlp,gaussian_mixture,0.5999849975109101,0.06463965758931393,0.5776999890804291,0.03202497959136963,12.540860304608941,0.0
cot_partial_flow_matching,ode-rk45-adaptive-joint,time_mlp,lotka_volterra,0.7072949945926666,0.09558684380953836,0.6616249978542328,0.031599998474121094,12.566028502769768,0.0
cot_partial_flow_matching,ode-rk45-adaptive-joint,time_mlp,slcp_distractors,0.6603749990463257,0.08961701209289986,0.6409749984741211,0.06470000743865967,12.605251621454954,0.0
cot_partial_flow_matching,ode-rk45-adaptive-joint,time_mlp,bernoulli_glm_raw,0.5325550019741059,0.025419269370915556,0.5203999876976013,0.011274993419647217,12.616974281147122,0.0
diffusion_edm_vp,ode-rk45-adaptive-joint,time_mlp,gaussian_linear_uniform,0.514394998550415,0.005122172061266757,0.5150499939918518,0.0031249821186065674,12.745840756222606,0.0
diffusion_edm_vp,ode-rk45-adaptive-joint,time_mlp,slcp,0.6478349983692169,0.09210697795271668,0.6230500042438507,0.06675001978874207,12.692332344129682,0.0
diffusion_edm_vp,ode-rk45-adaptive-joint,time_mlp,sir,0.5355199933052063,0.016720138673374633,0.5333749949932098,0.01132500171661377,12.665539387613535,0.0
diffusion_edm_vp,ode-rk45-adaptive-joint,time_mlp,gaussian_linear,0.5046400010585785,0.0030426781727308375,0.5050750076770782,0.0025250017642974854,12.755450027063489,0.0
diffusion_edm_vp,ode-rk45-adaptive-joint,time_mlp,two_moons,0.5246950030326843,0.011229209995516866,0.5244249999523163,0.007350027561187744,12.642165848985314,0.0
diffusion_edm_vp,ode-rk45-adaptive-joint,time_mlp,bernoulli_glm,0.5189650058746338,0.003943607659497416,0.5187750160694122,0.0016750097274780273,12.757293647155166,0.0
diffusion_edm_vp,ode-rk45-adaptive-joint,time_mlp,gaussian_mixture,0.5275050103664398,0.007065462920585122,0.5278750061988831,0.003800004720687866,12.691407158970833,0.0
diffusion_edm_vp,ode-rk45-adaptive-joint,time_mlp,lotka_volterra,0.7134249985218049,0.09220166505224332,0.68299999833107,0.03979998826980591,12.69589176401496,0.0
diffusion_edm_vp,ode-rk45-adaptive-joint,time_mlp,slcp_distractors,0.6510949909687043,0.07518585162124472,0.6405499875545502,0.06944999098777771,12.709648054093122,0.0
diffusion_edm_vp,ode-rk45-adaptive-joint,time_mlp,bernoulli_glm_raw,0.5182150065898895,0.005221489378941368,0.5192750096321106,0.0024499893188476562,12.780616352334619,0.0
diffusion_edm_vp_ema,ode-rk45-adaptive-joint,time_mlp,gaussian_linear_uniform,0.5131099998950959,0.003227682971478632,0.5133500099182129,0.002750009298324585,12.757261397317052,0.0
diffusion_edm_vp_ema,ode-rk45-adaptive-joint,time_mlp,slcp,0.6332300066947937,0.06210729930236317,0.6131500005722046,0.028349995613098145,12.71272555552423,0.0
diffusion_edm_vp_ema,ode-rk45-adaptive-joint,time_mlp,sir,0.5399399995803833,0.019563470899621734,0.5411249995231628,0.009725004434585571,12.672918340191245,0.0
diffusion_edm_vp_ema,ode-rk45-adaptive-joint,time_mlp,gaussian_linear,0.5040149956941604,0.0034361351317137787,0.5036749988794327,0.002950012683868408,12.73365272860974,0.0
diffusion_edm_vp_ema,ode-rk45-adaptive-joint,time_mlp,two_moons,0.5148149967193604,0.014595287902008258,0.5080749988555908,0.005174994468688965,12.805986954830587,0.0
diffusion_edm_vp_ema,ode-rk45-adaptive-joint,time_mlp,bernoulli_glm,0.520310002565384,0.008222147950850895,0.519225001335144,0.005199998617172241,12.84592488501221,0.0
diffusion_edm_vp_ema,ode-rk45-adaptive-joint,time_mlp,gaussian_mixture,0.5259849965572357,0.007393647443729171,0.5261749923229218,0.007124990224838257,12.66172584053129,0.0
diffusion_edm_vp_ema,ode-rk45-adaptive-joint,time_mlp,lotka_volterra,0.7009450018405914,0.08991662198501428,0.6517249941825867,0.02432498335838318,12.900067821145058,0.0
diffusion_edm_vp_ema,ode-rk45-adaptive-joint,time_mlp,slcp_distractors,0.6595899999141693,0.08454747650488013,0.6244249939918518,0.05410000681877136,12.714385447092354,0.0
diffusion_edm_vp_ema,ode-rk45-adaptive-joint,time_mlp,bernoulli_glm_raw,0.522709995508194,0.006631606648931585,0.5235999822616577,0.00242498517036438,12.747528900392354,0.0
diffusion_edm_ve,ode-rk45-adaptive-joint,time_mlp,gaussian_linear_uniform,0.847489994764328,0.03180127845789682,0.8497749865055084,0.024925023317337036,12.782594680786133,0.0
diffusion_edm_ve,ode-rk45-adaptive-joint,time_mlp,slcp,0.8241150081157684,0.04461923501348446,0.8370999991893768,0.02127501368522644,12.71861770376563,0.0
diffusion_edm_ve,ode-rk45-adaptive-joint,time_mlp,sir,0.7005949974060058,0.07010544717860555,0.7045250236988068,0.07360002398490906,12.66604012902826,0.0
diffusion_edm_ve,ode-rk45-adaptive-joint,time_mlp,gaussian_linear,0.8553449988365174,0.03416865807570428,0.8555499911308289,0.024800002574920654,12.773519911803305,0.0
diffusion_edm_ve,ode-rk45-adaptive-joint,time_mlp,two_moons,0.7238049983978272,0.06458210452121352,0.7176750004291534,0.04972502589225769,12.94470939412713,0.0
diffusion_edm_ve,ode-rk45-adaptive-joint,time_mlp,bernoulli_glm,0.8647550046443939,0.08334240282871463,0.8774250149726868,0.06434997916221619,12.784102318808436,0.0
diffusion_edm_ve,ode-rk45-adaptive-joint,time_mlp,gaussian_mixture,0.7418050050735474,0.07034937832751298,0.75142502784729,0.05535000562667847,12.707050491124392,0.0
diffusion_edm_ve,ode-rk45-adaptive-joint,time_mlp,lotka_volterra,0.8578850030899048,0.0764910940043514,0.858474999666214,0.07734999060630798,12.663715302944183,0.0
diffusion_edm_ve,ode-rk45-adaptive-joint,time_mlp,slcp_distractors,0.8247249960899353,0.0424136811223794,0.8430749773979187,0.024049997329711914,12.64431102015078,0.0
diffusion_edm_ve,ode-rk45-adaptive-joint,time_mlp,bernoulli_glm_raw,0.8668650031089783,0.08124320974669062,0.8839000165462494,0.06029999256134033,12.731371906585991,0.0
diffusion_cosine_F,ode-rk45-adaptive-joint,time_mlp,gaussian_linear_uniform,0.5039099901914597,0.002931531284458433,0.503849983215332,0.0017000138759613037,12.782582733780146,0.0
diffusion_cosine_F,ode-rk45-adaptive-joint,time_mlp,slcp,0.6628849983215332,0.10291359706546402,0.5976499915122986,0.03270000219345093,13.189584350213408,0.0
diffusion_cosine_F,ode-rk45-adaptive-joint,time_mlp,sir,0.5448750078678131,0.01628863048382922,0.5394749939441681,0.014075011014938354,13.181013016961515,0.0
diffusion_cosine_F,ode-rk45-adaptive-joint,time_mlp,gaussian_linear,0.5051099985837937,0.003001397129283861,0.5047749876976013,0.002549991011619568,12.76496515981853,0.0
diffusion_cosine_F,ode-rk45-adaptive-joint,time_mlp,two_moons,0.5116249918937683,0.005374443187811996,0.5119499862194061,0.0024749934673309326,13.179050216451287,0.0
diffusion_cosine_F,ode-rk45-adaptive-joint,time_mlp,bernoulli_glm,0.5108749985694885,0.005386060608407024,0.5100750029087067,0.0032500028610229492,12.76743286754936,0.0
diffusion_cosine_F,ode-rk45-adaptive-joint,time_mlp,gaussian_mixture,0.5234250068664551,0.010807905343521112,0.5183499753475189,0.005774974822998047,12.666016752831638,0.0
diffusion_cosine_F,ode-rk45-adaptive-joint,time_mlp,lotka_volterra,0.7260350108146667,0.07230460920064262,0.6982499957084656,0.03662499785423279,13.194084340706468,0.0
diffusion_cosine_F,ode-rk45-adaptive-joint,time_mlp,slcp_distractors,0.6639750063419342,0.09542321854697543,0.6157000064849854,0.04254999756813049,12.722725045867264,0.0
diffusion_cosine_F,ode-rk45-adaptive-joint,time_mlp,bernoulli_glm_raw,0.5167849957942963,0.0046418794318654226,0.5171250104904175,0.0006749927997589111,12.958816134370863,0.0
diffusion_cosine_v,ode-rk45-adaptive-joint,time_mlp,gaussian_linear_uniform,0.5046699941158295,0.0020598797885976803,0.5042999982833862,0.0006500184535980225,12.762590300291777,0.0
diffusion_cosine_v,ode-rk45-adaptive-joint,time_mlp,slcp,0.6474650025367736,0.09942833822557641,0.5943500101566315,0.03275001049041748,13.290402616374195,0.0
diffusion_cosine_v,ode-rk45-adaptive-joint,time_mlp,sir,0.539820009469986,0.01803783032931654,0.5324750244617462,0.009074985980987549,13.168250940740108,0.0
diffusion_cosine_v,ode-rk45-adaptive-joint,time_mlp,gaussian_linear,0.5055300027132035,0.003225307782606056,0.5053749978542328,0.0025500059127807617,12.758318620733917,0.0
diffusion_cosine_v,ode-rk45-adaptive-joint,time_mlp,two_moons,0.5079350024461746,0.007029289367687962,0.50627501308918,0.0033749938011169434,13.178302962332964,0.0
diffusion_cosine_v,ode-rk45-adaptive-joint,time_mlp,bernoulli_glm,0.514300012588501,0.0052427545483477896,0.5130750238895416,0.0011999905109405518,12.75026336684823,0.0
diffusion_cosine_v,ode-rk45-adaptive-joint,time_mlp,gaussian_mixture,0.5286750078201294,0.009373764897595744,0.5263000130653381,0.005624979734420776,12.653240752406418,0.0
diffusion_cosine_v,ode-rk45-adaptive-joint,time_mlp,lotka_volterra,0.7410999953746795,0.09627017285473052,0.7049749791622162,0.04890000820159912,13.188073330558836,0.0
diffusion_cosine_v,ode-rk45-adaptive-joint,time_mlp,slcp_distractors,0.6349649965763092,0.09145460250089224,0.5771250128746033,0.014975011348724365,13.225853213109076,0.0
diffusion_cosine_v,ode-rk45-adaptive-joint,time_mlp,bernoulli_glm_raw,0.5193199992179871,0.007019695938835005,0.5183500051498413,0.004200011491775513,12.778189703822136,0.0
diffusion_cosine_v_lw,ode-rk45-adaptive-joint,time_mlp,gaussian_linear_uniform,0.505155012011528,0.0034664416508642594,0.5054500102996826,0.0033249855041503906,12.755060906521976,0.0
diffusion_cosine_v_lw,ode-rk45-adaptive-joint,time_mlp,slcp,0.6507699906826019,0.09582591510726657,0.6079750061035156,0.04340001940727234,14.474205370992422,0.0
diffusion_cosine_v_lw,ode-rk45-adaptive-joint,time_mlp,sir,0.5427750051021576,0.017060172656332237,0.5341500043869019,0.006150007247924805,13.160866428166628,0.0
diffusion_cosine_v_lw,ode-rk45-adaptive-joint,time_mlp,gaussian_linear,0.5046899974346161,0.0027396871620302293,0.5044749975204468,0.0027000010013580322,12.738108850084245,0.0
diffusion_cosine_v_lw,ode-rk45-adaptive-joint,time_mlp,two_moons,0.5287749946117402,0.008255258887756951,0.530174970626831,0.0054750144481658936,13.94366046320647,0.0
diffusion_cosine_v_lw,ode-rk45-adaptive-joint,time_mlp,bernoulli_glm,0.5138599932193756,0.006862206581862371,0.5133500099182129,0.005575031042098999,12.7473299279809,0.0
diffusion_cosine_v_lw,ode-rk45-adaptive-joint,time_mlp,gaussian_mixture,0.5394050002098083,0.009610939646585633,0.5405499935150146,0.004124999046325684,12.662326556630433,0.0
diffusion_cosine_v_lw,ode-rk45-adaptive-joint,time_mlp,lotka_volterra,0.7280400037765503,0.0787377281952776,0.7040500044822693,0.029925018548965454,13.181379542686045,0.0
diffusion_cosine_v_lw,ode-rk45-adaptive-joint,time_mlp,slcp_distractors,0.6573050022125244,0.09934783806486289,0.606124997138977,0.03834998607635498,14.229588026180863,0.0
diffusion_cosine_v_lw,ode-rk45-adaptive-joint,time_mlp,bernoulli_glm_raw,0.5199999928474426,0.006465331748203103,0.5178999900817871,0.004799991846084595,12.769292525947094,0.0
diffusion_cosine_noise,ode-rk45-adaptive-joint,time_mlp,gaussian_linear_uniform,0.5705399930477142,0.0071203438918467435,0.5711999833583832,0.00550001859664917,13.93131423741579,0.0
diffusion_cosine_noise,ode-rk45-adaptive-joint,time_mlp,slcp,0.6973549962043762,0.07523372552590506,0.6693249940872192,0.025875002145767212,13.441475448198617,0.0
diffusion_cosine_noise,ode-rk45-adaptive-joint,time_mlp,sir,0.5800400018692017,0.015503964528848585,0.580949991941452,0.013750016689300537,13.434280186891556,0.0
diffusion_cosine_noise,ode-rk45-adaptive-joint,time_mlp,gaussian_linear,0.5716550052165985,0.009449964217178025,0.5721500217914581,0.005250036716461182,17.69520609267056,0.0
diffusion_cosine_noise,ode-rk45-adaptive-joint,time_mlp,two_moons,0.5413500070571899,0.02597691192759581,0.5387250185012817,0.02082499861717224,13.418269345536828,0.0
diffusion_cosine_noise,ode-rk45-adaptive-joint,time_mlp,bernoulli_glm,0.6088049948215485,0.022422355547735005,0.6019499897956848,0.005750000476837158,13.522403533570468,0.0
diffusion_cosine_noise,ode-rk45-adaptive-joint,time_mlp,gaussian_mixture,0.5791300058364868,0.0064916145669846265,0.5780999958515167,0.0033999979496002197,13.67486232612282,0.0
diffusion_cosine_noise,ode-rk45-adaptive-joint,time_mlp,lotka_volterra,0.7204471826553345,0.10843536279123853,0.6870999932289124,0.06825000047683716,13.936478070914745,0.0
diffusion_cosine_noise,ode-rk45-adaptive-joint,time_mlp,slcp_distractors,0.6997800052165986,0.09234996177475112,0.6862500011920929,0.05412501096725464,13.465236808173358,0.0
diffusion_cosine_noise,ode-rk45-adaptive-joint,time_mlp,bernoulli_glm_raw,0.5806499898433686,0.015454619814359524,0.5750249922275543,0.007299989461898804,13.802861724980175,0.0
flow_matching,ode-tsit5-adaptive,time_mlp,gaussian_linear_uniform,0.5058649986982345,0.0034494170523843384,0.5054500102996826,0.0014999806880950928,8.302448723278939,0.011620346549170307
flow_matching,ode-tsit5-adaptive,time_mlp,slcp,0.6387649953365326,0.09936776209411752,0.5785999894142151,0.019724994897842407,8.216036455333233,0.05004567261079275
flow_matching,ode-tsit5-adaptive,time_mlp,sir,0.5441850006580353,0.02184978960004474,0.540800005197525,0.0104999840259552,8.260842946730554,0.010526371914271427
flow_matching,ode-tsit5-adaptive,time_mlp,gaussian_linear,0.502634996175766,0.001730177283899609,0.5022749900817871,0.0013749897480010986,8.196055310312659,0.02626096769023158
flow_matching,ode-tsit5-adaptive,time_mlp,two_moons,0.5195199966430664,0.008670394162306447,0.5194500088691711,0.0031499862670898438,8.448568973969667,0.06654880861009513
flow_matching,ode-tsit5-adaptive,time_mlp,bernoulli_glm,0.511080002784729,0.0049485040251409755,0.5109499990940094,0.0038250088691711426,8.306358288787305,0.007781561257085303
flow_matching,ode-tsit5-adaptive,time_mlp,gaussian_mixture,0.5401799976825714,0.009012810027949876,0.5367499887943268,0.006650000810623169,8.351522161625326,0.037188701573122464
flow_matching,ode-tsit5-adaptive,time_mlp,lotka_volterra,0.7084249973297119,0.10259684760072277,0.6794500052928925,0.05134999752044678,8.319042634777725,0.044575044663597005
flow_matching,ode-tsit5-adaptive,time_mlp,slcp_distractors,0.6715199947357178,0.1063325056816027,0.6174249947071075,0.05449998378753662,8.394409958273172,0.012077613954090353
flow_matching,ode-tsit5-adaptive,time_mlp,bernoulli_glm_raw,0.5117449998855591,0.005897522295980596,0.5110750198364258,0.0036750435829162598,8.132434529811144,0.008851789290212098
flow_matching_edm,ode-tsit5-adaptive,time_mlp,gaussian_linear_uniform,0.5086300015449524,0.0031900017799951974,0.5086250007152557,0.002875000238418579,8.3122523390688,0.0071769323165864225
flow_matching_edm,ode-tsit5-adaptive,time_mlp,slcp,0.6217200040817261,0.08619596351169413,0.5742250084877014,0.028724998235702515,8.369605302624404,0.013841001137902736
flow_matching_edm,ode-tsit5-adaptive,time_mlp,sir,0.5372099995613098,0.012390889953589869,0.5347999930381775,0.004924982786178589,8.25871990751475,0.16869873148378378
flow_matching_edm,ode-tsit5-adaptive,time_mlp,gaussian_linear,0.5024499922990799,0.001676600450750812,0.5023999959230423,0.001100003719329834,8.28067718334496,0.009433789518958843
flow_matching_edm,ode-tsit5-adaptive,time_mlp,two_moons,0.5226600050926209,0.01122363649862985,0.5175749957561493,0.006300002336502075,7.672009419649839,0.11034101032868167
flow_matching_edm,ode-tsit5-adaptive,time_mlp,bernoulli_glm,0.512770003080368,0.0045558870217233035,0.5102500021457672,0.002450019121170044,8.164857781399041,0.01805960370964943
flow_matching_edm,ode-tsit5-adaptive,time_mlp,gaussian_mixture,0.5419950008392334,0.0077991537082313855,0.5434499979019165,0.003725022077560425,8.427381581719965,0.013336660832336427
flow_matching_edm,ode-tsit5-adaptive,time_mlp,lotka_volterra,0.6845650017261505,0.09341466522729602,0.6629500091075897,0.061499983072280884,8.66552822077647,0.18609293859520312
flow_matching_edm,ode-tsit5-adaptive,time_mlp,slcp_distractors,0.6545100033283233,0.07991898307416102,0.6516499817371368,0.06319999694824219,8.24776076860726,0.008665436788745779
flow_matching_edm,ode-tsit5-adaptive,time_mlp,bernoulli_glm_raw,0.5154100000858307,0.0068091059598828305,0.5130500197410583,0.0033250153064727783,8.204619187489152,0.01759750249089308
ot_flow_matching,ode-tsit5-adaptive,time_mlp,gaussian_linear_uniform,0.835400003194809,0.01901970292739926,0.837550014257431,0.011375010013580322,8.226971680205315,0.024375377485754458
ot_flow_matching,ode-tsit5-adaptive,time_mlp,slcp,0.8654099941253662,0.041655971450044585,0.8744499981403351,0.023649990558624268,7.648927601892501,0.060815924271370156
ot_flow_matching,ode-tsit5-adaptive,time_mlp,sir,0.8937300086021424,0.02673844666096218,0.8921500146389008,0.026674985885620117,8.366988762002439,0.005530202025538306
ot_flow_matching,ode-tsit5-adaptive,time_mlp,gaussian_linear,0.7647149920463562,0.040146364607006144,0.7632249891757965,0.029549986124038696,8.31172639289871,0.008370843187192945
ot_flow_matching,ode-tsit5-adaptive,time_mlp,two_moons,0.8600799977779389,0.03515114289130514,0.8492749929428101,0.03167501091957092,8.204501022398471,0.01297831594690274
ot_flow_matching,ode-tsit5-adaptive,time_mlp,bernoulli_glm,0.8911749958992005,0.021794771737327065,0.8906500041484833,0.02090001106262207,8.163969975151122,0.009860764790241549
ot_flow_matching,ode-tsit5-adaptive,time_mlp,gaussian_mixture,0.9101200044155121,0.023931957533086832,0.9107249975204468,0.018325001001358032,8.299660314712673,0.046254883578365755
ot_flow_matching,ode-tsit5-adaptive,time_mlp,lotka_volterra,0.9605549991130828,0.016877477795536586,0.9547250270843506,0.01199999451637268,8.45623736390844,0.009099695491189181
ot_flow_matching,ode-tsit5-adaptive,time_mlp,slcp_distractors,0.8628299951553344,0.0386336116620838,0.8721249997615814,0.03162500262260437,8.307959706895053,0.04416381870234013
ot_flow_matching,ode-tsit5-adaptive,time_mlp,bernoulli_glm_raw,0.889790004491806,0.023090334798867528,0.8941249847412109,0.021250009536743164,8.155766687728464,0.013707962726922937
ot_partial_flow_matching,ode-tsit5-adaptive,time_mlp,gaussian_linear_uniform,0.8546149969100952,0.023194712663378,0.8556750118732452,0.014475017786026001,8.303219614923,0.025970862715100497
ot_partial_flow_matching,ode-tsit5-adaptive,time_mlp,slcp,0.8791600048542023,0.038989538001913134,0.8803749978542328,0.03450000286102295,8.484597973618657,0.04112714226525416
ot_partial_flow_matching,ode-tsit5-adaptive,time_mlp,sir,0.9167950034141541,0.0232804973893294,0.9208999872207642,0.022525012493133545,8.198123201169073,0.01394603081242717
ot_partial_flow_matching,ode-tsit5-adaptive,time_mlp,gaussian_linear,0.7853499948978424,0.050732311146492376,0.7800500094890594,0.04082497954368591,8.315472589805722,0.01547113203457226
ot_partial_flow_matching,ode-tsit5-adaptive,time_mlp,two_moons,0.8838149964809418,0.033237360903111614,0.873199999332428,0.027350008487701416,8.475122634880245,0.00583869810135147
ot_partial_flow_matching,ode-tsit5-adaptive,time_mlp,bernoulli_glm,0.9094050109386445,0.03604030901820167,0.9084750115871429,0.03557500243186951,7.792301034927368,0.2289947351210564
ot_partial_flow_matching,ode-tsit5-adaptive,time_mlp,gaussian_mixture,0.9265750050544739,0.01969847372845671,0.9265750050544739,0.014600008726119995,8.153789749369025,0.018305555569559092
ot_partial_flow_matching,ode-tsit5-adaptive,time_mlp,lotka_volterra,0.9697999894618988,0.017203289812767735,0.967974990606308,0.014575004577636719,8.418708512745798,0.03432270355864063
ot_partial_flow_matching,ode-tsit5-adaptive,time_mlp,slcp_distractors,0.8797549962997436,0.035941216457594925,0.8819000124931335,0.029375016689300537,8.38929828023538,0.005320028572443335
ot_partial_flow_matching,ode-tsit5-adaptive,time_mlp,bernoulli_glm_raw,0.9070549964904785,0.038940785031853754,0.9049249887466431,0.03674998879432678,8.18096804395318,0.010687776947219218
cot_flow_matching,ode-tsit5-adaptive,time_mlp,gaussian_linear_uniform,0.5055100053548813,0.002061169058344876,0.5055499970912933,0.0010000169277191162,8.739464471209795,0.16444238549600657
cot_flow_matching,ode-tsit5-adaptive,time_mlp,slcp,0.6395649969577789,0.09711898401751413,0.5888999998569489,0.03350001573562622,8.376444001961499,0.006703235769458833
cot_flow_matching,ode-tsit5-adaptive,time_mlp,sir,0.5694600045681,0.05579643569782615,0.5493000149726868,0.025000005960464478,8.864688107930125,0.41487704699942735
cot_flow_matching,ode-tsit5-adaptive,time_mlp,gaussian_linear,0.5027500063180923,0.0028479723450364875,0.5019000172615051,0.0011250078678131104,8.237311436049641,0.0423383694486056
cot_flow_matching,ode-tsit5-adaptive,time_mlp,two_moons,0.554245001077652,0.03929855798996481,0.543749988079071,0.0307999849319458,8.357373579591513,0.029926425792491006
cot_flow_matching,ode-tsit5-adaptive,time_mlp,bernoulli_glm,0.5121849954128266,0.005866560256631428,0.5142499804496765,0.003550022840499878,8.247327538393439,0.016413126219332518
cot_flow_matching,ode-tsit5-adaptive,time_mlp,gaussian_mixture,0.5676100015640259,0.03621006105567762,0.5543999969959259,0.026299983263015747,8.367392778489739,0.03199312062113531
cot_flow_matching,ode-tsit5-adaptive,time_mlp,lotka_volterra,0.6930750131607055,0.08762340411573799,0.6617999970912933,0.04095003008842468,8.424715252034366,0.10959443019379532
cot_flow_matching,ode-tsit5-adaptive,time_mlp,slcp_distractors,0.6362449944019317,0.08813415409885261,0.5817000269889832,0.03115004301071167,8.143021165858954,0.010856181771720411
cot_flow_matching,ode-tsit5-adaptive,time_mlp,bernoulli_glm_raw,0.5160350024700164,0.006976930733457735,0.5176499783992767,0.00685003399848938,8.244521354977042,0.00789594555865017
cot_0_02_flow_matching,ode-tsit5-adaptive,time_mlp,gaussian_linear_uniform,0.5075500041246415,0.004388276639566951,0.5063500106334686,0.0028749853372573853,8.28989854361862,0.019065899862597883
cot_0_02_flow_matching,ode-tsit5-adaptive,time_mlp,slcp,0.6564649999141693,0.08202239516520014,0.6239250004291534,0.04997500777244568,8.138923816476018,0.08640058895372893
cot_0_02_flow_matching,ode-tsit5-adaptive,time_mlp,sir,0.6063650071620941,0.09286714256938251,0.5767750144004822,0.042900025844573975,8.499602721072733,0.22147061257356992
cot_0_02_flow_matching,ode-tsit5-adaptive,time_mlp,gaussian_linear,0.511839997768402,0.00760214624799142,0.5104250013828278,0.004600018262863159,8.325095906853676,0.03156837032637903
cot_0_02_flow_matching,ode-tsit5-adaptive,time_mlp,two_moons,0.5616849929094314,0.04749191732551239,0.5496249794960022,0.036724984645843506,8.155100398138165,0.0035652960574476013
cot_0_02_flow_matching,ode-tsit5-adaptive,time_mlp,bernoulli_glm,0.519650000333786,0.012907517492252357,0.5176250040531158,0.008700013160705566,8.248303764220328,0.01641873661209484
cot_0_02_flow_matching,ode-tsit5-adaptive,time_mlp,gaussian_mixture,0.5896750032901764,0.047969103174614294,0.5785000026226044,0.03584998846054077,8.356926502659917,0.03571678793097609
cot_0_02_flow_matching,ode-tsit5-adaptive,time_mlp,lotka_volterra,0.7206549942493439,0.1024310900066636,0.6716249883174896,0.05157500505447388,8.478762799873948,0.1601327869461947
cot_0_02_flow_matching,ode-tsit5-adaptive,time_mlp,slcp_distractors,0.6502749979496002,0.0860328173936023,0.6099250018596649,0.04172500967979431,9.074788278713822,0.03131528960691981
cot_0_02_flow_matching,ode-tsit5-adaptive,time_mlp,bernoulli_glm_raw,0.5195950031280517,0.005349274495087884,0.5190750062465668,0.0040000081062316895,8.392568936850875,0.21315740102955794
cot_0_05_flow_matching,ode-tsit5-adaptive,time_mlp,gaussian_linear_uniform,0.5400650084018708,0.01959642125778885,0.5364250242710114,0.011199980974197388,8.381352435424924,0.004990858605112977
cot_0_05_flow_matching,ode-tsit5-adaptive,time_mlp,slcp,0.6881899893283844,0.07651594228107916,0.6634499728679657,0.04067498445510864,8.342578189540655,0.008493092052569776
cot_0_05_flow_matching,ode-tsit5-adaptive,time_mlp,sir,0.6939800024032593,0.08481213291461395,0.6737250089645386,0.06745001673698425,8.514035064540803,0.1301744789893563
cot_0_05_flow_matching,ode-tsit5-adaptive,time_mlp,gaussian_linear,0.5543599963188172,0.02902654068272424,0.5447250008583069,0.018849998712539673,8.316158561315387,0.008147540192970981
cot_0_05_flow_matching,ode-tsit5-adaptive,time_mlp,two_moons,0.6154599964618683,0.06279880573899285,0.621275007724762,0.0517750084400177,8.288742136396468,0.009261743275252933
cot_0_05_flow_matching,ode-tsit5-adaptive,time_mlp,bernoulli_glm,0.5658649981021882,0.04886026400616838,0.5633000135421753,0.04492500424385071,8.374568083323538,0.08608018023574635
cot_0_05_flow_matching,ode-tsit5-adaptive,time_mlp,gaussian_mixture,0.6598050057888031,0.06025566490083309,0.6479749977588654,0.05327498912811279,8.248844423796982,0.008401762905077617
cot_0_05_flow_matching,ode-tsit5-adaptive,time_mlp,lotka_volterra,0.7669550001621246,0.08563161828356394,0.733225017786026,0.05312499403953552,8.316567139979451,0.14031314244221624
cot_0_05_flow_matching,ode-tsit5-adaptive,time_mlp,slcp_distractors,0.667724996805191,0.0917919263911106,0.6401749849319458,0.06537500023841858,8.200046305451542,0.007971299111376236
cot_0_05_flow_matching,ode-tsit5-adaptive,time_mlp,bernoulli_glm_raw,0.5421949982643127,0.03025641038447659,0.536549985408783,0.024499982595443726,8.438774558342994,0.010799754809739198
cot_0_1_flow_matching,ode-tsit5-adaptive,time_mlp,gaussian_linear_uniform,0.6131399929523468,0.03307253117899042,0.6124999821186066,0.024325013160705566,8.2895272905007,0.007672998699620137
cot_0_1_flow_matching,ode-tsit5-adaptive,time_mlp,slcp,0.717884999513626,0.05453058698706398,0.7259249985218048,0.04582500457763672,8.360293206200003,0.009857568293823641
cot_0_1_flow_matching,ode-tsit5-adaptive,time_mlp,sir,0.7372849941253662,0.07848639724480412,0.7272250056266785,0.07215002179145813,8.242724345438182,0.1412154194967714
cot_0_1_flow_matching,ode-tsit5-adaptive,time_mlp,gaussian_linear,0.6106299936771393,0.04046392142223082,0.6052500009536743,0.02695000171661377,8.204579047020525,0.09609241238735713
cot_0_1_flow_matching,ode-tsit5-adaptive,time_mlp,two_moons,0.6650800049304962,0.06329777410379414,0.6450250148773193,0.05097499489784241,8.35767635665834,0.010750344618464159
cot_0_1_flow_matching,ode-tsit5-adaptive,time_mlp,bernoulli_glm,0.6326450049877167,0.08350016093756647,0.6495749950408936,0.06957501173019409,8.273062221053987,0.01010882208651599
cot_0_1_flow_matching,ode-tsit5-adaptive,time_mlp,gaussian_mixture,0.7132699966430665,0.06645933940171424,0.7019749879837036,0.05399999022483826,8.288550041709096,0.012757251542778509
cot_0_1_flow_matching,ode-tsit5-adaptive,time_mlp,lotka_volterra,0.8155799984931946,0.0868865499229646,0.7893750071525574,0.062225013971328735,8.490428154170512,0.050188234901722556
cot_0_1_flow_matching,ode-tsit5-adaptive,time_mlp,slcp_distractors,0.7037299990653991,0.05018902166756508,0.6956749856472015,0.039224982261657715,8.287835765071213,0.042450647619360314
cot_0_1_flow_matching,ode-tsit5-adaptive,time_mlp,bernoulli_glm_raw,0.6093199968338012,0.07824993553061878,0.6008000075817108,0.07407501339912415,8.556815688312053,0.11013097998878459
cot_partial_flow_matching,ode-tsit5-adaptive,time_mlp,gaussian_linear_uniform,0.5092849999666214,0.006731090967013046,0.5084249973297119,0.0044250041246414185,8.418082130793483,0.01306791313978959
cot_partial_flow_matching,ode-tsit5-adaptive,time_mlp,slcp,0.65348499417305,0.07397165691684608,0.6455999910831451,0.052799999713897705,8.376392218191176,0.016389319391978203
cot_partial_flow_matching,ode-tsit5-adaptive,time_mlp,sir,0.5828650057315826,0.06291082731670795,0.5574000179767609,0.018900036811828613,8.82426528884098,0.24899321246529943
cot_partial_flow_matching,ode-tsit5-adaptive,time_mlp,gaussian_linear,0.51319500207901,0.010070264884447908,0.5074500143527985,0.0030500292778015137,8.255958504229785,0.008774021979475504
cot_partial_flow_matching,ode-tsit5-adaptive,time_mlp,two_moons,0.5723900020122528,0.06098453834422973,0.5596749782562256,0.03692498803138733,8.384383520018309,0.10162468691718385
cot_partial_flow_matching,ode-tsit5-adaptive,time_mlp,bernoulli_glm,0.5434950113296508,0.0385471457610796,0.5315000116825104,0.025150001049041748,9.106925635784865,0.058627359499418184
cot_partial_flow_matching,ode-tsit5-adaptive,time_mlp,gaussian_mixture,0.6007149934768676,0.06697928246382054,0.5758249759674072,0.02852499485015869,8.175912893004716,0.03495494661833823
cot_partial_flow_matching,ode-tsit5-adaptive,time_mlp,lotka_volterra,0.7049399971961975,0.09479098128557058,0.659375011920929,0.03149998188018799,8.421245195623488,0.14748991999498692
cot_partial_flow_matching,ode-tsit5-adaptive,time_mlp,slcp_distractors,0.6604700028896332,0.08918414418929099,0.6317999958992004,0.05457499623298645,8.364104701019823,0.015279106553192201
cot_partial_flow_matching,ode-tsit5-adaptive,time_mlp,bernoulli_glm_raw,0.5322049975395202,0.022113252908422684,0.5262499749660492,0.015449970960617065,8.2611093766056,0.009114549157554566
diffusion_edm_vp,ode-tsit5-adaptive,time_mlp,gaussian_linear_uniform,0.5161799967288971,0.004708830834740614,0.5145249962806702,0.003425002098083496,9.668749228678644,0.01196814929432068
diffusion_edm_vp,ode-tsit5-adaptive,time_mlp,slcp,0.6493900001049042,0.09070687651898418,0.6251499950885773,0.0598750114440918,9.540253695379942,0.039336435475108684
diffusion_edm_vp,ode-tsit5-adaptive,time_mlp,sir,0.533799996972084,0.0191232885966359,0.5302749872207642,0.011400014162063599,9.544427337683738,0.0588776195822409
diffusion_edm_vp,ode-tsit5-adaptive,time_mlp,gaussian_linear,0.5030749946832657,0.002013109300778107,0.5024000108242035,0.0010750144720077515,9.672434052359312,0.05497837274589225
diffusion_edm_vp,ode-tsit5-adaptive,time_mlp,two_moons,0.5238100051879883,0.011446889429974905,0.5185500085353851,0.003425002098083496,9.523664580006152,0.09589171766961704
diffusion_edm_vp,ode-tsit5-adaptive,time_mlp,bernoulli_glm,0.5204050004482269,0.005028645790033385,0.5204750001430511,0.004325002431869507,9.774705498851835,0.010422182301881189
diffusion_edm_vp,ode-tsit5-adaptive,time_mlp,gaussian_mixture,0.5277549922466278,0.0069991938438171,0.5286999940872192,0.006725013256072998,9.698914228659124,0.06174964694340512
diffusion_edm_vp,ode-tsit5-adaptive,time_mlp,lotka_volterra,0.713334995508194,0.09274338666037546,0.6806249916553497,0.03707501292228699,9.722293559461832,0.017577911263389433
diffusion_edm_vp,ode-tsit5-adaptive,time_mlp,slcp_distractors,0.6498299956321716,0.07359983346587048,0.6372750103473663,0.0642000138759613,9.58455453980714,0.036847296351572634
diffusion_edm_vp,ode-tsit5-adaptive,time_mlp,bernoulli_glm_raw,0.5204799950122834,0.004461614397651845,0.5226749777793884,0.0020500123500823975,9.533031184785068,0.006213034506566827
diffusion_edm_vp_ema,ode-tsit5-adaptive,time_mlp,gaussian_linear_uniform,0.5139000058174134,0.004529398475150586,0.5138000249862671,0.0031999945640563965,9.768229721672833,0.01566569292498349
diffusion_edm_vp_ema,ode-tsit5-adaptive,time_mlp,slcp,0.6322499990463257,0.06356537586694423,0.612075001001358,0.028074979782104492,9.660650506801904,0.011228338596425438
diffusion_edm_vp_ema,ode-tsit5-adaptive,time_mlp,sir,0.5389599978923798,0.018548049656960733,0.5352250039577484,0.009925007820129395,9.680832079984247,0.01370478824720988
diffusion_edm_vp_ema,ode-tsit5-adaptive,time_mlp,gaussian_linear,0.5034399926662445,0.002688657625107689,0.5020999908447266,0.001600012183189392,9.525647644046694,0.017299330404656754
diffusion_edm_vp_ema,ode-tsit5-adaptive,time_mlp,two_moons,0.5149649947881698,0.0142251724259312,0.5124250054359436,0.008599996566772461,10.553960427921265,0.33858566533932205
diffusion_edm_vp_ema,ode-tsit5-adaptive,time_mlp,bernoulli_glm,0.5192149996757507,0.007301957475136373,0.5186000168323517,0.005399972200393677,9.929925498645753,0.12405398878431963
diffusion_edm_vp_ema,ode-tsit5-adaptive,time_mlp,gaussian_mixture,0.528629994392395,0.007786211631443071,0.5296249985694885,0.006899982690811157,9.526549430657179,0.011287566698434098
diffusion_edm_vp_ema,ode-tsit5-adaptive,time_mlp,lotka_volterra,0.699729996919632,0.09138996843700024,0.6478250026702881,0.018150001764297485,10.221432749088853,0.18538082457691135
diffusion_edm_vp_ema,ode-tsit5-adaptive,time_mlp,slcp_distractors,0.6594750106334686,0.08340833748635873,0.6238250136375427,0.05500000715255737,9.42004559552297,0.07390925964465725
diffusion_edm_vp_ema,ode-tsit5-adaptive,time_mlp,bernoulli_glm_raw,0.523024994134903,0.005155209265414654,0.5246999859809875,0.0018500089645385742,9.448041823878885,0.020378902939963545
diffusion_edm_ve,ode-tsit5-adaptive,time_mlp,gaussian_linear_uniform,0.8459600031375885,0.03318874634832142,0.8491249978542328,0.028950005769729614,9.654580605123192,0.08045491274179024
diffusion_edm_ve,ode-tsit5-adaptive,time_mlp,slcp,0.8241950035095215,0.043575953447409554,0.8367250263690948,0.020725011825561523,9.477724098227919,0.12013351082517043
diffusion_edm_ve,ode-tsit5-adaptive,time_mlp,sir,0.6998800039291382,0.07084480484962441,0.7034499943256378,0.07464998960494995,9.181519303005189,0.016307374169448666
diffusion_edm_ve,ode-tsit5-adaptive,time_mlp,gaussian_linear,0.8556899964809418,0.03464072599903533,0.8560000061988831,0.025750011205673218,9.417473924160003,0.03891075515777684
diffusion_edm_ve,ode-tsit5-adaptive,time_mlp,two_moons,0.7261150062084198,0.0653134151010788,0.7199999988079071,0.050399988889694214,9.692524615395815,0.2678238791047583
diffusion_edm_ve,ode-tsit5-adaptive,time_mlp,bernoulli_glm,0.8630850076675415,0.0855244588737954,0.8764249980449677,0.06912499666213989,9.539071433711797,0.09580727789437977
diffusion_edm_ve,ode-tsit5-adaptive,time_mlp,gaussian_mixture,0.7412050008773804,0.07129210709403652,0.7525250017642975,0.055200010538101196,9.55400991588831,0.0710189559450089
diffusion_edm_ve,ode-tsit5-adaptive,time_mlp,lotka_volterra,0.8585150003433227,0.07634227101907416,0.8603250086307526,0.07887500524520874,9.149573454912751,0.010832209328607087
diffusion_edm_ve,ode-tsit5-adaptive,time_mlp,slcp_distractors,0.8237749993801117,0.04282580976484189,0.84027498960495,0.022450000047683716,7.658576033264398,0.01645773212005153
diffusion_edm_ve,ode-tsit5-adaptive,time_mlp,bernoulli_glm_raw,0.8655600011348724,0.08050618568808726,0.8837249875068665,0.059725016355514526,8.164592777565122,0.1067179517128279
diffusion_cosine_F,ode-tsit5-adaptive,time_mlp,gaussian_linear_uniform,0.5041800022125245,0.0019325000656922166,0.5045500099658966,0.0014999806880950928,9.684052774030715,0.028926132951016342
diffusion_cosine_F,ode-tsit5-adaptive,time_mlp,slcp,0.6626200020313263,0.10234069744542712,0.6012000143527985,0.03720000386238098,9.934595771599561,0.007465123743092584
diffusion_cosine_F,ode-tsit5-adaptive,time_mlp,sir,0.542535001039505,0.01702541151805385,0.5359750092029572,0.011949986219406128,10.095228904951364,0.014848020248507501
diffusion_cosine_F,ode-tsit5-adaptive,time_mlp,gaussian_linear,0.504135000705719,0.0029139407699180593,0.5028499960899353,0.0018250048160552979,9.51027591228485,0.01431838890294046
diffusion_cosine_F,ode-tsit5-adaptive,time_mlp,two_moons,0.5129299998283386,0.008310329037235963,0.5130999982357025,0.006024986505508423,10.129821783024818,0.1257609842804305
diffusion_cosine_F,ode-tsit5-adaptive,time_mlp,bernoulli_glm,0.5109800040721894,0.005608582654728104,0.5102250277996063,0.005250006914138794,9.775827188417315,0.18321563105454833
diffusion_cosine_F,ode-tsit5-adaptive,time_mlp,gaussian_mixture,0.5286049902439117,0.010649917490744969,0.5285749733448029,0.006525009870529175,9.829372473713011,0.18424312184867192
diffusion_cosine_F,ode-tsit5-adaptive,time_mlp,lotka_volterra,0.7313500046730042,0.06873447056809344,0.7021250128746033,0.03130000829696655,10.229575502313674,0.12607858782678708
diffusion_cosine_F,ode-tsit5-adaptive,time_mlp,slcp_distractors,0.6627799928188324,0.09314711135171126,0.6114749908447266,0.03512498736381531,10.17321792030707,0.02620642090497019
diffusion_cosine_F,ode-tsit5-adaptive,time_mlp,bernoulli_glm_raw,0.5149249911308289,0.005650277791333524,0.515874981880188,0.00415000319480896,10.80342307621613,0.21716394464486186
diffusion_cosine_v,ode-tsit5-adaptive,time_mlp,gaussian_linear_uniform,0.5071900010108947,0.0038391974284127397,0.506850004196167,0.0026000142097473145,9.456167125329376,0.009812188836079198
diffusion_cosine_v,ode-tsit5-adaptive,time_mlp,slcp,0.647995001077652,0.09879553438646443,0.5978000164031982,0.03570002317428589,9.824768773838878,0.33378369146251835
diffusion_cosine_v,ode-tsit5-adaptive,time_mlp,sir,0.5422099947929382,0.017836601927722524,0.5373999774456024,0.00927501916885376,9.716120443865657,0.10892868356397617
diffusion_cosine_v,ode-tsit5-adaptive,time_mlp,gaussian_linear,0.502569991350174,0.002094779721784514,0.5024999976158142,0.0014000087976455688,9.26381474910304,0.013467891154943056
diffusion_cosine_v,ode-tsit5-adaptive,time_mlp,two_moons,0.5091599941253662,0.0076226900988782065,0.5071000158786774,0.004725039005279541,10.009138898737728,0.22803295787423483
diffusion_cosine_v,ode-tsit5-adaptive,time_mlp,bernoulli_glm,0.5148100018501282,0.00717087441232427,0.5153250098228455,0.004875004291534424,9.379833308141679,0.18127445339311757
diffusion_cosine_v,ode-tsit5-adaptive,time_mlp,gaussian_mixture,0.5275750041007996,0.009897483952862484,0.5251249969005585,0.003000020980834961,9.61280590267852,0.015050080657098485
diffusion_cosine_v,ode-tsit5-adaptive,time_mlp,lotka_volterra,0.7375600099563598,0.0971269725287992,0.7010000050067902,0.04670000076293945,9.878361063264311,0.11604674760837881
diffusion_cosine_v,ode-tsit5-adaptive,time_mlp,slcp_distractors,0.6366550028324127,0.08928802497044681,0.5806999802589417,0.01572495698928833,9.9177479384467,0.1088595699380778
diffusion_cosine_v,ode-tsit5-adaptive,time_mlp,bernoulli_glm_raw,0.517170000076294,0.006065641224585696,0.5163750052452087,0.003600001335144043,9.597985041886568,0.1801403678922528
diffusion_cosine_v_lw,ode-tsit5-adaptive,time_mlp,gaussian_linear_uniform,0.5065699994564057,0.0038540324899707487,0.5059249997138977,0.0027499794960021973,9.52345842057839,0.013652089745261454
diffusion_cosine_v_lw,ode-tsit5-adaptive,time_mlp,slcp,0.6521350085735321,0.09680391253440362,0.6117250025272369,0.050675004720687866,10.606826666463167,0.08688479996901717
diffusion_cosine_v_lw,ode-tsit5-adaptive,time_mlp,sir,0.5399349987506866,0.019191617251976163,0.5305000245571136,0.008225053548812866,9.667260528355836,0.04667885770485333
diffusion_cosine_v_lw,ode-tsit5-adaptive,time_mlp,gaussian_linear,0.5033149987459182,0.002181517678718893,0.5032750070095062,0.0010749995708465576,9.354065947048365,0.016053608708128664
diffusion_cosine_v_lw,ode-tsit5-adaptive,time_mlp,two_moons,0.5332050085067749,0.011760571322675373,0.5368500053882599,0.008899986743927002,10.659337743371726,0.31306055245696124
diffusion_cosine_v_lw,ode-tsit5-adaptive,time_mlp,bernoulli_glm,0.5143750071525574,0.005460414968430137,0.514724999666214,0.005349993705749512,9.570040874555707,0.1766933166025589
diffusion_cosine_v_lw,ode-tsit5-adaptive,time_mlp,gaussian_mixture,0.5374400019645691,0.010046191480620753,0.5382750034332275,0.007499992847442627,9.818737102393062,0.14003003550487958
diffusion_cosine_v_lw,ode-tsit5-adaptive,time_mlp,lotka_volterra,0.7290300011634827,0.07947629026544366,0.7085500061511993,0.02610000967979431,9.91829151948914,0.11271519311750161
diffusion_cosine_v_lw,ode-tsit5-adaptive,time_mlp,slcp_distractors,0.657829999923706,0.09634806809656994,0.6062000095844269,0.03507500886917114,10.282622182834894,0.14464985720550688
diffusion_cosine_v_lw,ode-tsit5-adaptive,time_mlp,bernoulli_glm_raw,0.52121000289917,0.006739131486276918,0.5211749970912933,0.004575014114379883,9.619759017508477,0.16849410027137193
diffusion_cosine_noise,ode-tsit5-adaptive,time_mlp,gaussian_linear_uniform,0.5719150006771088,0.008202047567910774,0.5756750106811523,0.0030749738216400146,10.313278146088123,0.3542138289097379
diffusion_cosine_noise,ode-tsit5-adaptive,time_mlp,slcp,0.6945749998092652,0.0768133047471892,0.6665000021457672,0.02869999408721924,9.915103754866868,0.09203162474522254
diffusion_cosine_noise,ode-tsit5-adaptive,time_mlp,sir,0.5727650046348571,0.015708064917317594,0.5687000155448914,0.011000007390975952,10.491365882847457,0.1661912891063559
diffusion_cosine_noise,ode-tsit5-adaptive,time_mlp,gaussian_linear,0.5728799998760223,0.007447591502943125,0.573725014925003,0.0065499842166900635,10.109338622912764,0.152351124691112
diffusion_cosine_noise,ode-tsit5-adaptive,time_mlp,two_moons,0.5403299927711487,0.024097272531113365,0.5369999706745148,0.018399983644485474,10.647898549307138,0.5293073882330677
diffusion_cosine_noise,ode-tsit5-adaptive,time_mlp,bernoulli_glm,0.6070650041103363,0.021894633813833594,0.6032499969005585,0.007899969816207886,10.697633027378469,0.509662712057965
diffusion_cosine_noise,ode-tsit5-adaptive,time_mlp,gaussian_mixture,0.5908750116825103,0.017095161398094704,0.5834750235080719,0.008275002241134644,10.340357004199177,0.14209581682569292
diffusion_cosine_noise,ode-tsit5-adaptive,time_mlp,lotka_volterra,0.7559698343276977,0.10589017281555999,0.7403750121593475,0.0798250138759613,10.219612212013454,0.13104212081729621
diffusion_cosine_noise,ode-tsit5-adaptive,time_mlp,slcp_distractors,0.7000700056552887,0.09376221541602056,0.683899998664856,0.05450001358985901,10.056052266899496,0.12766556037205326
diffusion_cosine_noise,ode-tsit5-adaptive,time_mlp,bernoulli_glm_raw,0.5781500041484833,0.01293124060423137,0.5761750042438507,0.008724987506866455,10.095495185814798,0.2077751374820347
flow_matching,ode-tsit5-adaptive-joint,time_mlp,gaussian_linear_uniform,0.5036350071430207,0.003112164975771274,0.502575010061264,0.0013750195503234863,12.622626558877528,0.0
flow_matching,ode-tsit5-adaptive-joint,time_mlp,slcp,0.6384850025177002,0.09979187845315374,0.5787749886512756,0.020274996757507324,12.643095495179296,0.0
flow_matching,ode-tsit5-adaptive-joint,time_mlp,sir,0.5433199942111969,0.021622649986901447,0.5379250049591064,0.00867500901222229,12.559321298263967,0.0
flow_matching,ode-tsit5-adaptive-joint,time_mlp,gaussian_linear,0.5030699908733368,0.001750462172308955,0.5034249722957611,0.0017249882221221924,12.601182349026203,0.0
flow_matching,ode-tsit5-adaptive-joint,time_mlp,two_moons,0.5218850046396255,0.012856878782027856,0.5203499794006348,0.006300002336502075,12.550356639549136,0.0
flow_matching,ode-tsit5-adaptive-joint,time_mlp,bernoulli_glm,0.5144099950790405,0.004550653075615129,0.5145500004291534,0.0035499930381774902,12.610872641205788,0.0
flow_matching,ode-tsit5-adaptive-joint,time_mlp,gaussian_mixture,0.5395549952983856,0.007073415128171987,0.5408249795436859,0.006899982690811157,12.54806559998542,0.0
flow_matching,ode-tsit5-adaptive-joint,time_mlp,lotka_volterra,0.7071250081062317,0.10228060790561963,0.6811499893665314,0.05125001072883606,13.806761773303151,0.0
flow_matching,ode-tsit5-adaptive-joint,time_mlp,slcp_distractors,0.6727599978446961,0.10508385594490027,0.6223749816417694,0.055074989795684814,12.595950622111559,0.0
flow_matching,ode-tsit5-adaptive-joint,time_mlp,bernoulli_glm_raw,0.5129400014877319,0.004892888054862653,0.5133750140666962,0.0020249783992767334,12.610442025586963,0.0
flow_matching_edm,ode-tsit5-adaptive-joint,time_mlp,gaussian_linear_uniform,0.5059000015258789,0.0041795884144138085,0.5043000280857086,0.0033500492572784424,12.612773843109608,0.0
flow_matching_edm,ode-tsit5-adaptive-joint,time_mlp,slcp,0.6211300015449523,0.08801285640719596,0.5702499747276306,0.02129995822906494,12.573818305507302,0.0
flow_matching_edm,ode-tsit5-adaptive-joint,time_mlp,sir,0.5382300019264221,0.014345059052937056,0.5394000113010406,0.0059999823570251465,13.051405107602477,0.0
flow_matching_edm,ode-tsit5-adaptive-joint,time_mlp,gaussian_linear,0.5052300035953522,0.0036239561234791533,0.5038000047206879,0.0025999844074249268,12.617118922062218,0.0
flow_matching_edm,ode-tsit5-adaptive-joint,time_mlp,two_moons,0.5235399901866913,0.011429363929401182,0.5206749737262726,0.008524984121322632,12.522762494161725,0.0
flow_matching_edm,ode-tsit5-adaptive-joint,time_mlp,bernoulli_glm,0.5152549982070923,0.0038631849251758994,0.5148999989032745,0.0035499930381774902,12.608386057429016,0.0
flow_matching_edm,ode-tsit5-adaptive-joint,time_mlp,gaussian_mixture,0.5404499888420105,0.008947731199515899,0.5410999953746796,0.00755000114440918,12.562734814360738,0.0
flow_matching_edm,ode-tsit5-adaptive-joint,time_mlp,lotka_volterra,0.6856200098991394,0.0918811473109272,0.6646249890327454,0.06340000033378601,14.564907003194094,0.0
flow_matching_edm,ode-tsit5-adaptive-joint,time_mlp,slcp_distractors,0.6518499970436096,0.08310935842279854,0.6459749937057495,0.06287500262260437,12.591487172991037,0.0
flow_matching_edm,ode-tsit5-adaptive-joint,time_mlp,bernoulli_glm_raw,0.5184700071811676,0.006429506545769287,0.5194500088691711,0.004324972629547119,12.60595690086484,0.0
ot_flow_matching,ode-tsit5-adaptive-joint,time_mlp,gaussian_linear_uniform,0.8360049962997437,0.020538808625393156,0.8396749794483185,0.016324996948242188,12.612798996269703,0.0
ot_flow_matching,ode-tsit5-adaptive-joint,time_mlp,slcp,0.8651099920272827,0.04128430919878304,0.8757499754428864,0.024875015020370483,12.548599527217448,0.0
ot_flow_matching,ode-tsit5-adaptive-joint,time_mlp,sir,0.8942200005054474,0.02669622331970246,0.8946999907493591,0.025700002908706665,12.569134213030338,0.0
ot_flow_matching,ode-tsit5-adaptive-joint,time_mlp,gaussian_linear,0.7629399955272674,0.04081380094222993,0.7567000091075897,0.034299999475479126,12.619916264899075,0.0
ot_flow_matching,ode-tsit5-adaptive-joint,time_mlp,two_moons,0.8596650004386902,0.03685700691442174,0.8487000167369843,0.02995002269744873,12.536531379446387,0.0
ot_flow_matching,ode-tsit5-adaptive-joint,time_mlp,bernoulli_glm,0.8909949898719788,0.02274554500344071,0.8931249976158142,0.020850002765655518,12.597684815526009,0.0
ot_flow_matching,ode-tsit5-adaptive-joint,time_mlp,gaussian_mixture,0.9102599918842316,0.023335816108990243,0.9114499986171722,0.017224997282028198,12.542813525535166,0.0
ot_flow_matching,ode-tsit5-adaptive-joint,time_mlp,lotka_volterra,0.9616149961948395,0.01655594213425786,0.9573000073432922,0.012874990701675415,13.066156395711005,0.0
ot_flow_matching,ode-tsit5-adaptive-joint,time_mlp,slcp_distractors,0.8637700021266937,0.04009064847773372,0.8707500100135803,0.03482499718666077,12.60838077776134,0.0
ot_flow_matching,ode-tsit5-adaptive-joint,time_mlp,bernoulli_glm_raw,0.8904699981212616,0.02177363232056183,0.8893750011920929,0.01985001564025879,12.61044830456376,0.0
ot_partial_flow_matching,ode-tsit5-adaptive-joint,time_mlp,gaussian_linear_uniform,0.8521249890327454,0.024113924349260796,0.8530249893665314,0.019050002098083496,12.62123143300414,0.0
ot_partial_flow_matching,ode-tsit5-adaptive-joint,time_mlp,slcp,0.8797000050544739,0.03844952967454295,0.8789750039577484,0.031275004148483276,12.66340715251863,0.0
ot_partial_flow_matching,ode-tsit5-adaptive-joint,time_mlp,sir,0.9162450075149536,0.02327093692874044,0.9187999963760376,0.022149980068206787,12.558165222406387,0.0
ot_partial_flow_matching,ode-tsit5-adaptive-joint,time_mlp,gaussian_linear,0.7857349991798401,0.05129716999272369,0.7833000123500824,0.035449981689453125,12.610799666494131,0.0
ot_partial_flow_matching,ode-tsit5-adaptive-joint,time_mlp,two_moons,0.8830449998378753,0.034713077621861904,0.8714500069618225,0.02672499418258667,12.55247710738331,0.0
ot_partial_flow_matching,ode-tsit5-adaptive-joint,time_mlp,bernoulli_glm,0.9106800019741058,0.03693086443347093,0.9077999889850616,0.03602498769760132,12.605882421135902,0.0
ot_partial_flow_matching,ode-tsit5-adaptive-joint,time_mlp,gaussian_mixture,0.9254100024700165,0.02032193492706108,0.925775021314621,0.01502498984336853,12.535471848212183,0.0
ot_partial_flow_matching,ode-tsit5-adaptive-joint,time_mlp,lotka_volterra,0.9697200000286103,0.01709100084957535,0.9677000045776367,0.016400009393692017,13.15213087387383,0.0
ot_partial_flow_matching,ode-tsit5-adaptive-joint,time_mlp,slcp_distractors,0.8801500082015992,0.0365246628564807,0.8841750025749207,0.0314750075340271,12.598488190211356,0.0
ot_partial_flow_matching,ode-tsit5-adaptive-joint,time_mlp,bernoulli_glm_raw,0.908460009098053,0.03852058933319768,0.90870001912117,0.040650010108947754,12.621748805046082,0.0
cot_flow_matching,ode-tsit5-adaptive-joint,time_mlp,gaussian_linear_uniform,0.502920001745224,0.0025584349249980526,0.5015000104904175,0.0007500052452087402,12.738580074161291,0.0
cot_flow_matching,ode-tsit5-adaptive-joint,time_mlp,slcp,0.6354549884796142,0.09757849900818114,0.5831499993801117,0.03630000352859497,12.57696383446455,0.0
cot_flow_matching,ode-tsit5-adaptive-joint,time_mlp,sir,0.5716550052165985,0.05576575950987466,0.5526500046253204,0.025549978017807007,12.70331304334104,0.0
cot_flow_matching,ode-tsit5-adaptive-joint,time_mlp,gaussian_linear,0.503414997458458,0.0027766927040507893,0.5025999844074249,0.001699984073638916,12.634808246977627,0.0
cot_flow_matching,ode-tsit5-adaptive-joint,time_mlp,two_moons,0.5562649995088578,0.042613745374396474,0.547124981880188,0.034699976444244385,12.54551050439477,0.0
cot_flow_matching,ode-tsit5-adaptive-joint,time_mlp,bernoulli_glm,0.5135399997234344,0.007007922290760146,0.5171250104904175,0.003474980592727661,12.604695274494588,0.0
cot_flow_matching,ode-tsit5-adaptive-joint,time_mlp,gaussian_mixture,0.5667399942874909,0.037475915007881076,0.5536499917507172,0.02740001678466797,12.557177170179784,0.0
cot_flow_matching,ode-tsit5-adaptive-joint,time_mlp,lotka_volterra,0.6901700079441071,0.08887781636856724,0.6572750210762024,0.04104998707771301,14.321164218708873,0.0
cot_flow_matching,ode-tsit5-adaptive-joint,time_mlp,slcp_distractors,0.6348450005054473,0.0883588057134099,0.5788500010967255,0.02875000238418579,12.586455700919032,0.0
cot_flow_matching,ode-tsit5-adaptive-joint,time_mlp,bernoulli_glm_raw,0.5149150013923645,0.005825507610687403,0.5154500007629395,0.003850013017654419,12.606406040489674,0.0
cot_0_02_flow_matching,ode-tsit5-adaptive-joint,time_mlp,gaussian_linear_uniform,0.5058300018310546,0.00469490905912774,0.50450000166893,0.0029000043869018555,12.623964723199606,0.0
cot_0_02_flow_matching,ode-tsit5-adaptive-joint,time_mlp,slcp,0.6539349973201751,0.0822743221996323,0.6191000044345856,0.05145001411437988,12.581618351861835,0.0
cot_0_02_flow_matching,ode-tsit5-adaptive-joint,time_mlp,sir,0.6056150019168853,0.09036687578979277,0.5836749970912933,0.04362499713897705,12.579203727655113,0.0
cot_0_02_flow_matching,ode-tsit5-adaptive-joint,time_mlp,gaussian_linear,0.5113899886608124,0.0072794530365241136,0.5080999732017517,0.0032999813556671143,12.62824593950063,0.0
cot_0_02_flow_matching,ode-tsit5-adaptive-joint,time_mlp,two_moons,0.5636699974536896,0.04650764018001125,0.5523000061511993,0.0330750048160553,12.531142362393439,0.0
cot_0_02_flow_matching,ode-tsit5-adaptive-joint,time_mlp,bernoulli_glm,0.5187699854373932,0.011201524053218965,0.5165249705314636,0.008324980735778809,12.592412803322077,0.0
cot_0_02_flow_matching,ode-tsit5-adaptive-joint,time_mlp,gaussian_mixture,0.5896399974822998,0.0464420478123237,0.5773749947547913,0.0356999933719635,12.552791060879827,0.0
cot_0_02_flow_matching,ode-tsit5-adaptive-joint,time_mlp,lotka_volterra,0.7201450049877167,0.10308775052312838,0.6695000231266022,0.05025002360343933,14.060998292639852,0.0
cot_0_02_flow_matching,ode-tsit5-adaptive-joint,time_mlp,slcp_distractors,0.6483999967575074,0.08640183263505263,0.6079500019550323,0.04092499613761902,12.73176952265203,0.0
cot_0_02_flow_matching,ode-tsit5-adaptive-joint,time_mlp,bernoulli_glm_raw,0.5184499979019165,0.008017229579129561,0.5162499845027924,0.005099982023239136,12.6593486238271,0.0
cot_0_05_flow_matching,ode-tsit5-adaptive-joint,time_mlp,gaussian_linear_uniform,0.5362499952316284,0.01690767690220562,0.5330249965190887,0.009775012731552124,12.629381665959954,0.0
cot_0_05_flow_matching,ode-tsit5-adaptive-joint,time_mlp,slcp,0.6877799987792969,0.07563946493521785,0.6665999889373779,0.043899983167648315,12.576570997014642,0.0
cot_0_05_flow_matching,ode-tsit5-adaptive-joint,time_mlp,sir,0.6937999904155732,0.08438188346482148,0.6773250102996826,0.06572499871253967,12.570122120901942,0.0
cot_0_05_flow_matching,ode-tsit5-adaptive-joint,time_mlp,gaussian_linear,0.5557400047779083,0.031126749744346736,0.5465250015258789,0.022000014781951904,12.61033882945776,0.0
cot_0_05_flow_matching,ode-tsit5-adaptive-joint,time_mlp,two_moons,0.6164349913597107,0.06292742387372498,0.621099978685379,0.04977497458457947,12.539957555010915,0.0
cot_0_05_flow_matching,ode-tsit5-adaptive-joint,time_mlp,bernoulli_glm,0.5688750088214874,0.04861973565970318,0.5692999958992004,0.04862499237060547,12.636692145839334,0.0
cot_0_05_flow_matching,ode-tsit5-adaptive-joint,time_mlp,gaussian_mixture,0.659865003824234,0.06035032100873663,0.643750011920929,0.04794999957084656,12.544269223697484,0.0
cot_0_05_flow_matching,ode-tsit5-adaptive-joint,time_mlp,lotka_volterra,0.7674100041389466,0.08453976744781845,0.733225017786026,0.04787498712539673,14.546044506132603,0.0
cot_0_05_flow_matching,ode-tsit5-adaptive-joint,time_mlp,slcp_distractors,0.6675749957561493,0.09233427650033936,0.6448249816894531,0.07122498750686646,12.585130364634097,0.0
cot_0_05_flow_matching,ode-tsit5-adaptive-joint,time_mlp,bernoulli_glm_raw,0.5377749979496003,0.028444617356559457,0.5334499776363373,0.02484998106956482,12.624881591647863,0.0
cot_0_1_flow_matching,ode-tsit5-adaptive-joint,time_mlp,gaussian_linear_uniform,0.6116750061511993,0.035970591691113205,0.6140750050544739,0.03207501769065857,12.62251991033554,0.0
cot_0_1_flow_matching,ode-tsit5-adaptive-joint,time_mlp,slcp,0.7171950042247772,0.05286552092235764,0.7267250120639801,0.040499985218048096,12.585035502910614,0.0
cot_0_1_flow_matching,ode-tsit5-adaptive-joint,time_mlp,sir,0.738305002450943,0.07865323269482939,0.730349987745285,0.0753999650478363,12.556904680095613,0.0
cot_0_1_flow_matching,ode-tsit5-adaptive-joint,time_mlp,gaussian_linear,0.6102800071239471,0.04036668448985066,0.60487499833107,0.03412500023841858,12.61539591383189,0.0
cot_0_1_flow_matching,ode-tsit5-adaptive-joint,time_mlp,two_moons,0.6667549908161163,0.06437754577753194,0.6438499987125397,0.052949994802474976,12.558206742629409,0.0
cot_0_1_flow_matching,ode-tsit5-adaptive-joint,time_mlp,bernoulli_glm,0.6319900035858155,0.0844849502021923,0.6474500000476837,0.07210001349449158,12.626551375724375,0.0
cot_0_1_flow_matching,ode-tsit5-adaptive-joint,time_mlp,gaussian_mixture,0.7134599983692169,0.06484742733002866,0.7001999914646149,0.05207499861717224,12.544659519568086,0.0
cot_0_1_flow_matching,ode-tsit5-adaptive-joint,time_mlp,lotka_volterra,0.8143800079822541,0.08614290114965213,0.7891250252723694,0.058975011110305786,14.578813772648573,0.0
cot_0_1_flow_matching,ode-tsit5-adaptive-joint,time_mlp,slcp_distractors,0.7035999953746795,0.051979680078599176,0.6972249746322632,0.04127499461174011,12.595821173861623,0.0
cot_0_1_flow_matching,ode-tsit5-adaptive-joint,time_mlp,bernoulli_glm_raw,0.6112649977207184,0.07976704978232875,0.6060750186443329,0.07945004105567932,12.709291881881654,0.0
cot_partial_flow_matching,ode-tsit5-adaptive-joint,time_mlp,gaussian_linear_uniform,0.5095600068569184,0.007738435882872654,0.5066750049591064,0.0033249855041503906,12.63069710880518,0.0
cot_partial_flow_matching,ode-tsit5-adaptive-joint,time_mlp,slcp,0.6547700047492981,0.07478137893378,0.6465499997138977,0.05139997601509094,12.584014866501093,0.0
cot_partial_flow_matching,ode-tsit5-adaptive-joint,time_mlp,sir,0.5830599904060364,0.06309165641869947,0.5598499774932861,0.024399995803833008,13.202744620852172,0.0
cot_partial_flow_matching,ode-tsit5-adaptive-joint,time_mlp,gaussian_linear,0.5125699996948242,0.008570601087259825,0.5099000036716461,0.004225015640258789,12.620070611126721,0.0
cot_partial_flow_matching,ode-tsit5-adaptive-joint,time_mlp,two_moons,0.5725499987602234,0.06174873606141508,0.5593250095844269,0.036475032567977905,12.546056477352977,0.0
cot_partial_flow_matching,ode-tsit5-adaptive-joint,time_mlp,bernoulli_glm,0.541635000705719,0.0378055617798813,0.5311000049114227,0.024399995803833008,12.778985433280468,0.0
cot_partial_flow_matching,ode-tsit5-adaptive-joint,time_mlp,gaussian_mixture,0.6003300070762634,0.06755322526314106,0.5757250189781189,0.029675006866455078,12.539090353995562,0.0
cot_partial_flow_matching,ode-tsit5-adaptive-joint,time_mlp,lotka_volterra,0.7068599939346314,0.09488440454651961,0.6623749732971191,0.03222501277923584,14.56141842994839,0.0
cot_partial_flow_matching,ode-tsit5-adaptive-joint,time_mlp,slcp_distractors,0.6603249967098236,0.08882214413872158,0.6345250010490417,0.05365002155303955,12.604168424382806,0.0
cot_partial_flow_matching,ode-tsit5-adaptive-joint,time_mlp,bernoulli_glm_raw,0.5338599979877472,0.02352819953728875,0.5259749889373779,0.012474983930587769,12.618957943283021,0.0
diffusion_edm_vp,ode-tsit5-adaptive-joint,time_mlp,gaussian_linear_uniform,0.5144349932670593,0.004375912230601536,0.5137249827384949,0.004074990749359131,12.74613288603723,0.0
diffusion_edm_vp,ode-tsit5-adaptive-joint,time_mlp,slcp,0.6476450085639953,0.09091358532069675,0.6195749938488007,0.060725003480911255,12.690935936756432,0.0
diffusion_edm_vp,ode-tsit5-adaptive-joint,time_mlp,sir,0.5345300018787384,0.016039027460278896,0.5319499969482422,0.011150002479553223,12.665500682778656,0.0
diffusion_edm_vp,ode-tsit5-adaptive-joint,time_mlp,gaussian_linear,0.5051249980926513,0.003660080715107189,0.504874974489212,0.0030750036239624023,12.747717140242457,0.0
diffusion_edm_vp,ode-tsit5-adaptive-joint,time_mlp,two_moons,0.5214999973773956,0.01206675072249832,0.5177249908447266,0.006024986505508423,12.899243160150945,0.0
diffusion_edm_vp,ode-tsit5-adaptive-joint,time_mlp,bernoulli_glm,0.5203650057315826,0.007169452972829213,0.5219500064849854,0.008025020360946655,12.75696912407875,0.0
diffusion_edm_vp,ode-tsit5-adaptive-joint,time_mlp,gaussian_mixture,0.5240899920463562,0.005277721471434897,0.5248499810695648,0.0033999979496002197,12.676902300678194,0.0
diffusion_edm_vp,ode-tsit5-adaptive-joint,time_mlp,lotka_volterra,0.7131799995899201,0.09267457694890047,0.684799998998642,0.03579998016357422,12.940015077590942,0.0
diffusion_edm_vp,ode-tsit5-adaptive-joint,time_mlp,slcp_distractors,0.6513199985027314,0.07634919058366041,0.6417250037193298,0.07164999842643738,12.709863599389791,0.0
diffusion_edm_vp,ode-tsit5-adaptive-joint,time_mlp,bernoulli_glm_raw,0.5211500108242035,0.006897356679309654,0.5209750235080719,0.005924969911575317,12.780558601021767,0.0
diffusion_edm_vp_ema,ode-tsit5-adaptive-joint,time_mlp,gaussian_linear_uniform,0.5128849923610688,0.004107799088537391,0.5118750035762787,0.0030750036239624023,12.756190409883857,0.0
diffusion_edm_vp_ema,ode-tsit5-adaptive-joint,time_mlp,slcp,0.6308699965476989,0.06476541280481887,0.6083999872207642,0.0321500301361084,12.709875588305295,0.0
diffusion_edm_vp_ema,ode-tsit5-adaptive-joint,time_mlp,sir,0.5404749929904937,0.018790662110734786,0.5433000028133392,0.010324984788894653,12.672325072810054,0.0
diffusion_edm_vp_ema,ode-tsit5-adaptive-joint,time_mlp,gaussian_linear,0.5039000004529953,0.001978890147581672,0.5039249956607819,0.0014749914407730103,12.738271699286997,0.0
diffusion_edm_vp_ema,ode-tsit5-adaptive-joint,time_mlp,two_moons,0.5165049999952316,0.014835887621137661,0.5126000046730042,0.009324997663497925,13.009154228493571,0.0
diffusion_edm_vp_ema,ode-tsit5-adaptive-joint,time_mlp,bernoulli_glm,0.5211750030517578,0.0048672928237203745,0.520675003528595,0.003475010395050049,12.82961464021355,0.0
diffusion_edm_vp_ema,ode-tsit5-adaptive-joint,time_mlp,gaussian_mixture,0.5285850048065186,0.006383216527840792,0.5304000079631805,0.0018750131130218506,12.661779880523682,0.0
diffusion_edm_vp_ema,ode-tsit5-adaptive-joint,time_mlp,lotka_volterra,0.6998999893665314,0.09122147998601692,0.6475249826908112,0.019199997186660767,13.150037556886673,0.0
diffusion_edm_vp_ema,ode-tsit5-adaptive-joint,time_mlp,slcp_distractors,0.6611799955368042,0.08328878622685124,0.6232999861240387,0.049174994230270386,12.712587051093578,0.0
diffusion_edm_vp_ema,ode-tsit5-adaptive-joint,time_mlp,bernoulli_glm_raw,0.5219949960708619,0.006237605735451295,0.5223999917507172,0.004175007343292236,12.748082683421671,0.0
diffusion_edm_ve,ode-tsit5-adaptive-joint,time_mlp,gaussian_linear_uniform,0.8459199965000153,0.034275848128896454,0.8522250056266785,0.03290000557899475,12.784121068194509,0.0
diffusion_edm_ve,ode-tsit5-adaptive-joint,time_mlp,slcp,0.824824994802475,0.044362222039280905,0.837924987077713,0.017475008964538574,12.711740400642157,0.0
diffusion_edm_ve,ode-tsit5-adaptive-joint,time_mlp,sir,0.7001500010490418,0.07062346910344881,0.704800009727478,0.07537499070167542,12.666784481145442,0.0
diffusion_edm_ve,ode-tsit5-adaptive-joint,time_mlp,gaussian_linear,0.8549300014972687,0.03164065405101309,0.8553250133991241,0.02392500638961792,12.77519532945007,0.0
diffusion_edm_ve,ode-tsit5-adaptive-joint,time_mlp,two_moons,0.7255749940872193,0.06546921376283683,0.7210749983787537,0.05132502317428589,12.943592933006585,0.0
diffusion_edm_ve,ode-tsit5-adaptive-joint,time_mlp,bernoulli_glm,0.8651650011539459,0.08398742340956061,0.8798249959945679,0.0668250024318695,12.77720272820443,0.0
diffusion_edm_ve,ode-tsit5-adaptive-joint,time_mlp,gaussian_mixture,0.7414600074291229,0.06985955442236527,0.7513500154018402,0.05457499623298645,12.7462667375803,0.0
diffusion_edm_ve,ode-tsit5-adaptive-joint,time_mlp,lotka_volterra,0.8580099999904632,0.07635276821211187,0.8589500188827515,0.0792500376701355,12.658513123169541,0.0
diffusion_edm_ve,ode-tsit5-adaptive-joint,time_mlp,slcp_distractors,0.823404997587204,0.043077517519074446,0.8391750156879425,0.0207500159740448,12.643625581637025,0.0
diffusion_edm_ve,ode-tsit5-adaptive-joint,time_mlp,bernoulli_glm_raw,0.8670549988746643,0.08099427448488629,0.8869500160217285,0.05704998970031738,12.760295564308763,0.0
diffusion_cosine_F,ode-tsit5-adaptive-joint,time_mlp,gaussian_linear_uniform,0.5056899964809418,0.003964709015025964,0.5049000084400177,0.003175020217895508,12.785983277484775,0.0
diffusion_cosine_F,ode-tsit5-adaptive-joint,time_mlp,slcp,0.661834990978241,0.10253241808551465,0.5984749794006348,0.032424986362457275,13.181746263988316,0.0
diffusion_cosine_F,ode-tsit5-adaptive-joint,time_mlp,sir,0.5443300068378448,0.015505118327814765,0.5396750271320343,0.011124998331069946,13.180773306638002,0.0
diffusion_cosine_F,ode-tsit5-adaptive-joint,time_mlp,gaussian_linear,0.5037399977445602,0.0021832117918580006,0.5037750005722046,0.0009000003337860107,12.758763812482357,0.0
diffusion_cosine_F,ode-tsit5-adaptive-joint,time_mlp,two_moons,0.5110599994659424,0.007743209838367991,0.5117250084877014,0.00377500057220459,13.429103176109493,0.0
diffusion_cosine_F,ode-tsit5-adaptive-joint,time_mlp,bernoulli_glm,0.5105150043964386,0.0058450086745207505,0.5098749995231628,0.00415000319480896,12.767693867906928,0.0
diffusion_cosine_F,ode-tsit5-adaptive-joint,time_mlp,gaussian_mixture,0.5241750061511994,0.01121817622216471,0.5196749866008759,0.004699975252151489,13.162301807664335,0.0
diffusion_cosine_F,ode-tsit5-adaptive-joint,time_mlp,lotka_volterra,0.7292400121688842,0.07266639433589397,0.7014250159263611,0.03902500867843628,15.214077265001833,0.0
diffusion_cosine_F,ode-tsit5-adaptive-joint,time_mlp,slcp_distractors,0.6657449960708618,0.0946175399830689,0.6143249869346619,0.03652498126029968,13.220102556049824,0.0
diffusion_cosine_F,ode-tsit5-adaptive-joint,time_mlp,bernoulli_glm_raw,0.5147550046443939,0.007983249547734812,0.5143499970436096,0.006550014019012451,13.452620120719075,0.0
diffusion_cosine_v,ode-tsit5-adaptive-joint,time_mlp,gaussian_linear_uniform,0.5041849970817566,0.0030513147042213304,0.5032249987125397,0.00172501802444458,12.763738323934376,0.0
diffusion_cosine_v,ode-tsit5-adaptive-joint,time_mlp,slcp,0.6485149979591369,0.09767563199777855,0.5951500236988068,0.02762502431869507,13.29837888572365,0.0
diffusion_cosine_v,ode-tsit5-adaptive-joint,time_mlp,sir,0.5395399987697601,0.01872212711597647,0.536549985408783,0.01064997911453247,13.173153691925108,0.0
diffusion_cosine_v,ode-tsit5-adaptive-joint,time_mlp,gaussian_linear,0.5050200045108795,0.0026367771853437164,0.5046750009059906,0.002074986696243286,12.756053272634745,0.0
diffusion_cosine_v,ode-tsit5-adaptive-joint,time_mlp,two_moons,0.5076200008392334,0.006348586845896804,0.5063499808311462,0.0046499669551849365,14.185880910605192,0.0
diffusion_cosine_v,ode-tsit5-adaptive-joint,time_mlp,bernoulli_glm,0.5152700006961822,0.0070132020505585865,0.5142249763011932,0.0037999749183654785,12.755992030724883,0.0
diffusion_cosine_v,ode-tsit5-adaptive-joint,time_mlp,gaussian_mixture,0.5276550054550171,0.008307930597460636,0.5257000029087067,0.004325002431869507,13.152348910458386,0.0
diffusion_cosine_v,ode-tsit5-adaptive-joint,time_mlp,lotka_volterra,0.7409650087356567,0.09472627861879084,0.7037999927997589,0.04882499575614929,15.720388372428715,0.0
diffusion_cosine_v,ode-tsit5-adaptive-joint,time_mlp,slcp_distractors,0.6375950038433075,0.08887076151847503,0.5833500027656555,0.014974981546401978,13.213070788420737,0.0
diffusion_cosine_v,ode-tsit5-adaptive-joint,time_mlp,bernoulli_glm_raw,0.5172249972820282,0.006202510039922281,0.5169500112533569,0.003899991512298584,12.781083117239177,0.0
diffusion_cosine_v_lw,ode-tsit5-adaptive-joint,time_mlp,gaussian_linear_uniform,0.5054850041866302,0.0033509775385979017,0.5050249993801117,0.0025749802589416504,12.752941076643765,0.0
diffusion_cosine_v_lw,ode-tsit5-adaptive-joint,time_mlp,slcp,0.650900000333786,0.09711546417191212,0.6125749945640564,0.05092501640319824,13.968872276134789,0.0
diffusion_cosine_v_lw,ode-tsit5-adaptive-joint,time_mlp,sir,0.5413150012493133,0.01743527538532171,0.5315500199794769,0.005450010299682617,13.158302241005003,0.0
diffusion_cosine_v_lw,ode-tsit5-adaptive-joint,time_mlp,gaussian_linear,0.5044100016355515,0.003221164136082074,0.5038000047206879,0.00242498517036438,12.73960982542485,0.0
diffusion_cosine_v_lw,ode-tsit5-adaptive-joint,time_mlp,two_moons,0.5289349973201751,0.009472621489118102,0.533050000667572,0.005800008773803711,14.196722279302776,0.0
diffusion_cosine_v_lw,ode-tsit5-adaptive-joint,time_mlp,bernoulli_glm,0.5142399966716766,0.00554472781798774,0.5149500072002411,0.005374997854232788,12.746437376365066,0.0
diffusion_cosine_v_lw,ode-tsit5-adaptive-joint,time_mlp,gaussian_mixture,0.538034999370575,0.008954105644905092,0.5389750003814697,0.006599992513656616,13.405102202668786,0.0
diffusion_cosine_v_lw,ode-tsit5-adaptive-joint,time_mlp,lotka_volterra,0.7287999927997589,0.07829847428898183,0.7042249739170074,0.03110000491142273,15.200701084919274,0.0
diffusion_cosine_v_lw,ode-tsit5-adaptive-joint,time_mlp,slcp_distractors,0.6579050064086914,0.09575845830021783,0.6093000173568726,0.039425045251846313,13.987068634480238,0.0
diffusion_cosine_v_lw,ode-tsit5-adaptive-joint,time_mlp,bernoulli_glm_raw,0.5208849966526031,0.006647291937768486,0.5200000107288361,0.004999995231628418,12.774053527973592,0.0
diffusion_cosine_noise,ode-tsit5-adaptive-joint,time_mlp,gaussian_linear_uniform,0.5697200000286102,0.008807215678175655,0.5722749829292297,0.00700002908706665,13.709018940106034,0.0
diffusion_cosine_noise,ode-tsit5-adaptive-joint,time_mlp,slcp,0.6981249928474427,0.07563814920211046,0.6713500022888184,0.02920001745223999,13.191617464646697,0.0
diffusion_cosine_noise,ode-tsit5-adaptive-joint,time_mlp,sir,0.6187999963760376,0.03815974565543495,0.602774977684021,0.014174997806549072,13.67820005491376,0.0
diffusion_cosine_noise,ode-tsit5-adaptive-joint,time_mlp,gaussian_linear,0.5743649959564209,0.006839400547270754,0.5735249817371368,0.004424989223480225,13.555049497634172,0.0
diffusion_cosine_noise,ode-tsit5-adaptive-joint,time_mlp,two_moons,0.5414350092411041,0.025340214468758046,0.5447750091552734,0.024949967861175537,13.42692688293755,0.0
diffusion_cosine_noise,ode-tsit5-adaptive-joint,time_mlp,bernoulli_glm,0.6095149934291839,0.02111471858249452,0.6039499938488007,0.00625002384185791,13.762322183698416,0.0
diffusion_cosine_noise,ode-tsit5-adaptive-joint,time_mlp,gaussian_mixture,0.597299998998642,0.020295845245629506,0.5895250141620636,0.009175032377243042,13.428265044465661,0.0
diffusion_cosine_noise,ode-tsit5-adaptive-joint,time_mlp,lotka_volterra,0.7885993480682373,0.09716879317528263,0.7504500150680542,0.06780001521110535,13.447687270119786,0.0
diffusion_cosine_noise,ode-tsit5-adaptive-joint,time_mlp,slcp_distractors,0.6983450055122375,0.09549478269953614,0.6817750036716461,0.0520000159740448,13.467165146023035,0.0
diffusion_cosine_noise,ode-tsit5-adaptive-joint,time_mlp,bernoulli_glm_raw,0.5816750049591064,0.010523781878701234,0.581475019454956,0.007224977016448975,13.285198045894504,0.0
diffusion_edm_vp,sde-euler,time_mlp,gaussian_linear_uniform,0.5048850059509278,0.0032557744205429793,0.5056750178337097,0.0024750232696533203,18.058793876785785,0.6626729419856285
diffusion_edm_vp,sde-euler,time_mlp,slcp,0.6378050029277802,0.09649461086226024,0.6120499968528748,0.06702497601509094,17.880165489576758,0.6244633179822375
diffusion_edm_vp,sde-euler,time_mlp,sir,0.5267099976539612,0.018565002995747086,0.5215249955654144,0.01357501745223999,18.1461048649624,0.7046740634710532
diffusion_edm_vp,sde-euler,time_mlp,gaussian_linear,0.5047749996185302,0.002335401119917837,0.5056750178337097,0.0017499923706054688,19.025354572199284,0.6499648602448544
diffusion_edm_vp,sde-euler,time_mlp,two_moons,0.513459998369217,0.011687938820654657,0.510574996471405,0.0063250064849853516,18.147715449146926,0.6135873612953192
diffusion_edm_vp,sde-euler,time_mlp,bernoulli_glm,0.5091650038957596,0.005859650811923249,0.5075500011444092,0.004424989223480225,17.79501948170364,0.6000650477003444
diffusion_edm_vp,sde-euler,time_mlp,gaussian_mixture,0.5233999967575074,0.00853874184108845,0.5230250060558319,0.006974995136260986,18.01674822177738,0.6989807727288634
diffusion_edm_vp,sde-euler,time_mlp,lotka_volterra,0.7149399936199188,0.09672459845403532,0.6737249791622162,0.04490000009536743,18.318884436041117,0.6639195238802061
diffusion_edm_vp,sde-euler,time_mlp,slcp_distractors,0.6400800049304962,0.08464146093556722,0.6307750046253204,0.07967498898506165,18.394362564571203,0.6347208169629046
diffusion_edm_vp,sde-euler,time_mlp,bernoulli_glm_raw,0.5101049989461899,0.005793930864446448,0.5096250176429749,0.004724979400634766,18.313235764950512,0.653432793383742
diffusion_edm_vp_ema,sde-euler,time_mlp,gaussian_linear_uniform,0.5042599946260452,0.0022381681133996426,0.5034500062465668,0.0014000087976455688,17.610021590534597,0.6031794697191323
diffusion_edm_vp_ema,sde-euler,time_mlp,slcp,0.6255500018596649,0.07361768501620601,0.6024750173091888,0.03842499852180481,20.63960763607174,0.22965705234414807
diffusion_edm_vp_ema,sde-euler,time_mlp,sir,0.5320000052452087,0.01675975945883939,0.5333499908447266,0.01207500696182251,18.052458933833986,0.6221981880844933
diffusion_edm_vp_ema,sde-euler,time_mlp,gaussian_linear,0.506155002117157,0.0039600781580209025,0.50450000166893,0.0017499923706054688,18.02242752555758,0.6154834730002083
diffusion_edm_vp_ema,sde-euler,time_mlp,two_moons,0.5069600045681,0.004552304921973548,0.5060250163078308,0.0034000277519226074,18.24926380151883,0.6333730647428399
diffusion_edm_vp_ema,sde-euler,time_mlp,bernoulli_glm,0.512559998035431,0.007714613832852558,0.5109249949455261,0.005675017833709717,18.398078196309505,0.6160067715192377
diffusion_edm_vp_ema,sde-euler,time_mlp,gaussian_mixture,0.5262050032615662,0.008244697288228554,0.5255750119686127,0.006749987602233887,17.751617320533843,0.6030482215261364
diffusion_edm_vp_ema,sde-euler,time_mlp,lotka_volterra,0.7020149946212768,0.0853582815892363,0.6586999893188477,0.03352499008178711,17.734975362569095,0.6071170869734758
diffusion_edm_vp_ema,sde-euler,time_mlp,slcp_distractors,0.65242999792099,0.09189234356136676,0.6082499921321869,0.049324989318847656,19.98335366183892,0.662301452228866
diffusion_edm_vp_ema,sde-euler,time_mlp,bernoulli_glm_raw,0.5106000065803528,0.0067465866780849135,0.5100499987602234,0.006399989128112793,18.011457038577646,0.6303692042652811
diffusion_edm_ve,sde-euler,time_mlp,gaussian_linear_uniform,0.6828049957752228,0.00962720607767145,0.6797749996185303,0.007274985313415527,18.0400761869736,0.6497716885873429
diffusion_edm_ve,sde-euler,time_mlp,slcp,0.7333249986171723,0.05171683103209311,0.724700003862381,0.028100013732910156,18.036364453844726,0.6908448046842495
diffusion_edm_ve,sde-euler,time_mlp,sir,0.5493149995803833,0.019661697073955983,0.5410000085830688,0.011225014925003052,17.4961355577223,0.6395165377862033
diffusion_edm_ve,sde-euler,time_mlp,gaussian_linear,0.7095200002193451,0.012320805597327506,0.7092749774456024,0.00877496600151062,18.07310449173674,0.6171400115497394
diffusion_edm_ve,sde-euler,time_mlp,two_moons,0.5178950071334839,0.02335231217392184,0.510699987411499,0.00717499852180481,17.940076870657503,0.6249602129124736
diffusion_edm_ve,sde-euler,time_mlp,bernoulli_glm,0.6437600135803223,0.050286530793245014,0.6400749981403351,0.050024986267089844,17.644218577165155,0.6468271128873753
diffusion_edm_ve,sde-euler,time_mlp,gaussian_mixture,0.5672749996185302,0.033313396640346896,0.5619750022888184,0.02734997868537903,17.664122054632752,0.6343771028689126
diffusion_edm_ve,sde-euler,time_mlp,lotka_volterra,0.7187300026416779,0.07993401690416932,0.714125007390976,0.041850000619888306,17.187637456785886,0.7096146069667899
diffusion_edm_ve,sde-euler,time_mlp,slcp_distractors,0.7242299973964691,0.03214734895019864,0.7157000005245209,0.018200010061264038,17.474140346981585,0.6651651140264107
diffusion_edm_ve,sde-euler,time_mlp,bernoulli_glm_raw,0.655840003490448,0.05239121149846001,0.6567749977111816,0.05077502131462097,17.674241202138365,0.6557909576702595
diffusion_cosine_F,sde-euler,time_mlp,gaussian_linear_uniform,0.5044150024652481,0.003907499224812077,0.5039499998092651,0.00377500057220459,19.20567922545597,0.766277816356079
diffusion_cosine_F,sde-euler,time_mlp,slcp,0.661059993505478,0.11047003390349022,0.5961999893188477,0.04157498478889465,18.8512208359316,0.7622001494501058
diffusion_cosine_F,sde-euler,time_mlp,sir,0.5372699975967408,0.01699458238939389,0.5305500030517578,0.011799991130828857,19.26284287981689,0.8143526241845345
diffusion_cosine_F,sde-euler,time_mlp,gaussian_linear,0.5039350003004074,0.0021754349185193864,0.50347501039505,0.0020499825477600098,18.589272725116462,0.8172981715252668
diffusion_cosine_F,sde-euler,time_mlp,two_moons,0.5062350064516068,0.005533180939750774,0.5049499869346619,0.004149988293647766,19.46344646755606,0.8620054509995351
diffusion_cosine_F,sde-euler,time_mlp,bernoulli_glm,0.5127799987792969,0.007847610644107442,0.5096500217914581,0.003850013017654419,18.619961379095912,0.8134713208548588
diffusion_cosine_F,sde-euler,time_mlp,gaussian_mixture,0.5247150003910065,0.013347454454006757,0.5261499881744385,0.009350001811981201,18.60303599871695,0.7999176654115271
diffusion_cosine_F,sde-euler,time_mlp,lotka_volterra,0.7333299994468689,0.07084474027058942,0.7029500007629395,0.03094998002052307,18.202173227723687,0.7415803344843268
diffusion_cosine_F,sde-euler,time_mlp,slcp_distractors,0.6601900041103363,0.10307628319086616,0.6072500050067902,0.04254999756813049,19.161570918746293,0.7468667550489487
diffusion_cosine_F,sde-euler,time_mlp,bernoulli_glm_raw,0.512784993648529,0.008098733368419675,0.5129500031471252,0.008374989032745361,18.60799262970686,0.739735416729585
diffusion_cosine_v,sde-euler,time_mlp,gaussian_linear_uniform,0.5051649957895279,0.002493597881001572,0.5059499889612198,0.0015500038862228394,18.62756951591,0.7531440996896535
diffusion_cosine_v,sde-euler,time_mlp,slcp,0.645944994688034,0.11115987845401522,0.5917499959468842,0.03522500395774841,17.918777222000063,0.7371695930723475
diffusion_cosine_v,sde-euler,time_mlp,sir,0.5366250038146972,0.01835627819484507,0.5292500257492065,0.007950037717819214,19.418247731029986,0.8206014030007578
diffusion_cosine_v,sde-euler,time_mlp,gaussian_linear,0.5027549892663956,0.0019298252758201044,0.5023499876260757,0.001399993896484375,18.216255933232606,0.906547727010169
diffusion_cosine_v,sde-euler,time_mlp,two_moons,0.5054700046777725,0.005631348447373466,0.5030249953269958,0.002374991774559021,18.457080278825014,0.7495114267204288
diffusion_cosine_v,sde-euler,time_mlp,bernoulli_glm,0.5104099988937378,0.006331933286263733,0.5099250078201294,0.004624992609024048,18.007713246066125,0.7839112177212851
diffusion_cosine_v,sde-euler,time_mlp,gaussian_mixture,0.520074999332428,0.011597416354203869,0.5169999897480011,0.005174994468688965,19.400767228752375,0.8997794983319084
diffusion_cosine_v,sde-euler,time_mlp,lotka_volterra,0.7353100061416626,0.09637549304754266,0.7085750102996826,0.059450000524520874,18.174500873871146,0.7795865407768476
diffusion_cosine_v,sde-euler,time_mlp,slcp_distractors,0.6341300010681152,0.09843302650783708,0.5814999938011169,0.02929997444152832,19.0238691335544,0.7620406271515884
diffusion_cosine_v,sde-euler,time_mlp,bernoulli_glm_raw,0.5115299999713898,0.005836998321215094,0.5102750062942505,0.0020000040531158447,19.53266844097525,0.8992746821758633
diffusion_cosine_v_lw,sde-euler,time_mlp,gaussian_linear_uniform,0.502880010008812,0.0018307397166774598,0.5023500025272369,0.0010499954223632812,19.177452990133315,0.8132561905067248
diffusion_cosine_v_lw,sde-euler,time_mlp,slcp,0.6505800008773803,0.10394398627708716,0.6232500076293945,0.0690000057220459,17.915113372262567,0.6736543244929672
diffusion_cosine_v_lw,sde-euler,time_mlp,sir,0.536994993686676,0.021280514080317284,0.5341500043869019,0.016224980354309082,18.272398704942315,0.7435989945662975
diffusion_cosine_v_lw,sde-euler,time_mlp,gaussian_linear,0.5028149992227554,0.001956285200321513,0.5021499842405319,0.0009250044822692871,18.357712258584797,0.7403846198156109
diffusion_cosine_v_lw,sde-euler,time_mlp,two_moons,0.5106750011444092,0.0048724887676186756,0.5104750096797943,0.0031000077724456787,18.234374722559004,0.7886043289946343
diffusion_cosine_v_lw,sde-euler,time_mlp,bernoulli_glm,0.5107400000095368,0.006705513061943247,0.5118249952793121,0.005174994468688965,18.062062052823602,0.8602665662186607
diffusion_cosine_v_lw,sde-euler,time_mlp,gaussian_mixture,0.5278149962425231,0.013073670877871861,0.5243749916553497,0.0036249756813049316,18.349360194709153,0.7447027509340276
diffusion_cosine_v_lw,sde-euler,time_mlp,lotka_volterra,0.7299199998378754,0.08435185880931108,0.7019499838352203,0.030975013971328735,18.32158638453111,0.7876016703123909
diffusion_cosine_v_lw,sde-euler,time_mlp,slcp_distractors,0.6497500002384186,0.10625083131659906,0.6091000139713287,0.06769999861717224,18.62663936112076,0.7693259821624487
diffusion_cosine_v_lw,sde-euler,time_mlp,bernoulli_glm_raw,0.512185001373291,0.006749719381856116,0.5142999887466431,0.003725022077560425,18.141257476061583,0.7458048529930046
diffusion_cosine_noise,sde-euler,time_mlp,gaussian_linear_uniform,0.6047899961471558,0.010061214822473933,0.602524995803833,0.007674992084503174,18.28184273475781,0.8047238699893644
diffusion_cosine_noise,sde-euler,time_mlp,slcp,0.6712550044059753,0.08721991184262917,0.6411999762058258,0.04257497191429138,20.15382495634258,0.9252197692664602
diffusion_cosine_noise,sde-euler,time_mlp,sir,0.5363170623779296,0.015989850590703826,0.5335200130939484,0.011272460222244263,18.06371665550396,0.7747377543163141
diffusion_cosine_noise,sde-euler,time_mlp,gaussian_linear,0.5466650009155274,0.007037365152129486,0.5470249950885773,0.0065499842166900635,18.527041130699217,0.783944764479466
diffusion_cosine_noise,sde-euler,time_mlp,two_moons,0.5129499971866608,0.010105347694979326,0.5110249817371368,0.0036749839782714844,18.227977212890984,0.8005827211377419
diffusion_cosine_noise,sde-euler,time_mlp,bernoulli_glm,0.6326150059700012,0.018164916500151153,0.6263500154018402,0.015350013971328735,19.622442257311196,0.850700042971233
diffusion_cosine_noise,sde-euler,time_mlp,gaussian_mixture,0.527509993314743,0.007086498234227826,0.5268499851226807,0.0027000010013580322,18.023940074816345,1.0292866223853143
diffusion_cosine_noise,sde-euler,time_mlp,lotka_volterra,0.7294891059398652,0.09894172828224472,0.7122730314731598,0.039218753576278687,18.1834635858424,0.8138875958192068
diffusion_cosine_noise,sde-euler,time_mlp,slcp_distractors,0.6805850028991699,0.09848421009980557,0.6472249925136566,0.05022498965263367,18.475979954749345,0.8049829015439095
diffusion_cosine_noise,sde-euler,time_mlp,bernoulli_glm_raw,0.6515550076961517,0.014323449482389124,0.6507500112056732,0.012650012969970703,18.185028655827047,0.7561093304879438
diffusion_edm_vp,sde-euler-adaptive,time_mlp,gaussian_linear_uniform,0.5046249955892563,0.0024882954845450124,0.50450000166893,0.0010499954223632812,26.448717847652734,0.2844572896394358
diffusion_edm_vp,sde-euler-adaptive,time_mlp,slcp,0.639079999923706,0.09934910157540258,0.6046999990940094,0.060100018978118896,27.002361567504703,0.42294463837134644
diffusion_edm_vp,sde-euler-adaptive,time_mlp,sir,0.5270850002765656,0.01986876026261083,0.519775003194809,0.01427498459815979,31.292385818716138,0.5440675241617199
diffusion_edm_vp,sde-euler-adaptive,time_mlp,gaussian_linear,0.5041049957275391,0.0029756046833151555,0.5036749988794327,0.0025250017642974854,26.9829373258166,0.30681599129524434
diffusion_edm_vp,sde-euler-adaptive,time_mlp,two_moons,0.5132999956607819,0.01197888000895658,0.5121749937534332,0.009324997663497925,30.593745924253017,1.6401359939012456
diffusion_edm_vp,sde-euler-adaptive,time_mlp,bernoulli_glm,0.5113499939441681,0.0074890241260893164,0.5117999911308289,0.006350010633468628,27.333147042617203,0.6801120996299724
diffusion_edm_vp,sde-euler-adaptive,time_mlp,gaussian_mixture,0.5375250041484833,0.010250766803981428,0.5377250015735626,0.008625000715255737,28.070716903638093,0.8262667203543893
diffusion_edm_vp,sde-euler-adaptive,time_mlp,lotka_volterra,0.7167050004005432,0.09664079862385365,0.6772499978542328,0.05005002021789551,31.069625991489737,0.7721413843842525
diffusion_edm_vp,sde-euler-adaptive,time_mlp,slcp_distractors,0.6423550069332122,0.0856575961335109,0.6261750161647797,0.07407501339912415,27.71431713383645,0.31775974221581177
diffusion_edm_vp,sde-euler-adaptive,time_mlp,bernoulli_glm_raw,0.5138949930667878,0.005306331684329753,0.5134750008583069,0.004500001668930054,28.123930885083972,0.7115616157829552
diffusion_edm_vp_ema,sde-euler-adaptive,time_mlp,gaussian_linear_uniform,0.50555499792099,0.0026931882972122505,0.5053249895572662,0.0013750195503234863,25.69663593461737,0.21696404712629946
diffusion_edm_vp_ema,sde-euler-adaptive,time_mlp,slcp,0.6275300025939942,0.07800994937170604,0.6028250157833099,0.03457501530647278,31.202458048053085,1.017035172606023
diffusion_edm_vp_ema,sde-euler-adaptive,time_mlp,sir,0.5330199897289276,0.021516805215742275,0.5358999967575073,0.011424988508224487,31.121745189186186,0.6949556412838694
diffusion_edm_vp_ema,sde-euler-adaptive,time_mlp,gaussian_linear,0.5024149984121322,0.0012409812164444537,0.502250000834465,0.0004749894142150879,25.602906815242022,0.15843702095032072
diffusion_edm_vp_ema,sde-euler-adaptive,time_mlp,two_moons,0.508734992146492,0.0052717176456765855,0.508899986743927,0.003500014543533325,30.781682468298822,1.6614405916759158
diffusion_edm_vp_ema,sde-euler-adaptive,time_mlp,bernoulli_glm,0.5126050055027008,0.007870259848515256,0.510699987411499,0.007350027561187744,28.23433139063418,0.7203726215863887
diffusion_edm_vp_ema,sde-euler-adaptive,time_mlp,gaussian_mixture,0.5261900007724762,0.007718511484749926,0.5246250033378601,0.0037499964237213135,27.314050586055963,0.8411293135497729
diffusion_edm_vp_ema,sde-euler-adaptive,time_mlp,lotka_volterra,0.7085799992084503,0.0829645714329147,0.6726999878883362,0.033549994230270386,30.114461671467872,0.7851669639583425
diffusion_edm_vp_ema,sde-euler-adaptive,time_mlp,slcp_distractors,0.6508800029754639,0.09774832934140547,0.6080250144004822,0.061775028705596924,30.30112238554284,0.441575809495612
diffusion_edm_vp_ema,sde-euler-adaptive,time_mlp,bernoulli_glm_raw,0.5123700082302094,0.005355662891223389,0.5119999945163727,0.003524988889694214,27.680476400163023,0.6338212165700379
diffusion_edm_ve,sde-euler-adaptive,time_mlp,gaussian_linear_uniform,0.6740700006484985,0.010183152538852751,0.6734999716281891,0.008199989795684814,8.793840079382061,0.2129534565968561
diffusion_edm_ve,sde-euler-adaptive,time_mlp,slcp,0.7336149930953979,0.05305690040733363,0.721450001001358,0.03630000352859497,9.080719436425715,0.520477592227537
diffusion_edm_ve,sde-euler-adaptive,time_mlp,sir,0.5507199883460998,0.021043792062159707,0.5453499853610992,0.014050006866455078,13.534492950793355,0.49345286371683506
diffusion_edm_ve,sde-euler-adaptive,time_mlp,gaussian_linear,0.7071450054645538,0.010338164867587379,0.7082749903202057,0.009525030851364136,8.680255523510278,0.1667570528320426
diffusion_edm_ve,sde-euler-adaptive,time_mlp,two_moons,0.5162449955940247,0.022198464881569995,0.5106000006198883,0.008475005626678467,12.37619589921087,1.3891427130105547
diffusion_edm_ve,sde-euler-adaptive,time_mlp,bernoulli_glm,0.6404300034046173,0.05143593642151178,0.6376250088214874,0.05380001664161682,10.53965957313776,0.4057197091215601
diffusion_edm_ve,sde-euler-adaptive,time_mlp,gaussian_mixture,0.5721450030803681,0.02699909895448144,0.5668749809265137,0.01737499237060547,9.463818650599569,0.5457632187446848
diffusion_edm_ve,sde-euler-adaptive,time_mlp,lotka_volterra,0.7224599957466126,0.07784401701183484,0.7167249917984009,0.037025004625320435,12.357841851282865,0.8543286992999141
diffusion_edm_ve,sde-euler-adaptive,time_mlp,slcp_distractors,0.7278200030326843,0.032994320765178796,0.7198500037193298,0.02114999294281006,8.733368492778391,0.47590789768513797
diffusion_edm_ve,sde-euler-adaptive,time_mlp,bernoulli_glm_raw,0.646764999628067,0.051561527136848966,0.6501500010490417,0.048949986696243286,10.15881640650332,0.2767314361308541
diffusion_cosine_F,sde-euler-adaptive,time_mlp,gaussian_linear_uniform,0.5049800038337707,0.0033052368797703052,0.504925012588501,0.002849966287612915,20.227152096386998,0.5964097962115449
diffusion_cosine_F,sde-euler-adaptive,time_mlp,slcp,0.6634899973869324,0.11506809021848263,0.5997999906539917,0.04907500743865967,18.47728199316189,1.2368449043966092
diffusion_cosine_F,sde-euler-adaptive,time_mlp,sir,0.536335003376007,0.01910373758944537,0.5320000052452087,0.013424992561340332,39.51970056230202,2.1656365524077827
diffusion_cosine_F,sde-euler-adaptive,time_mlp,gaussian_linear,0.5054149955511094,0.004443429708200235,0.504050001502037,0.0029000192880630493,18.26644530184567,0.38971144108541433
diffusion_cosine_F,sde-euler-adaptive,time_mlp,two_moons,0.5061900079250335,0.004329945422769879,0.5074750185012817,0.003349989652633667,34.714276291709396,7.108444471136041
diffusion_cosine_F,sde-euler-adaptive,time_mlp,bernoulli_glm,0.5090400040149688,0.0067218948012016284,0.5057750046253204,0.003349989652633667,24.88090049987659,4.7058129394421515
diffusion_cosine_F,sde-euler-adaptive,time_mlp,gaussian_mixture,0.6165999889373779,0.048600502646365076,0.631199985742569,0.03125,26.244437441974878,5.346526153827395
diffusion_cosine_F,sde-euler-adaptive,time_mlp,lotka_volterra,0.7321500062942505,0.07072705123006971,0.7026750147342682,0.033700019121170044,34.886288474407046,3.90955911265895
diffusion_cosine_F,sde-euler-adaptive,time_mlp,slcp_distractors,0.6655300080776214,0.10968066589858476,0.6014250218868256,0.0330750048160553,19.496028765663503,1.2734644746349948
diffusion_cosine_F,sde-euler-adaptive,time_mlp,bernoulli_glm_raw,0.5145150005817414,0.005603074011443167,0.5151500105857849,0.003949999809265137,25.364412159379572,4.582729988059909
diffusion_cosine_v,sde-euler-adaptive,time_mlp,gaussian_linear_uniform,0.503339996933937,0.002215148660071735,0.5032000094652176,0.001399993896484375,19.96445259889588,0.47523495390009096
diffusion_cosine_v,sde-euler-adaptive,time_mlp,slcp,0.6472099959850312,0.11486218713646881,0.5905999839305878,0.036799997091293335,18.289660692960023,1.948019336400409
diffusion_cosine_v,sde-euler-adaptive,time_mlp,sir,0.5360949993133545,0.017580234988751286,0.5289500057697296,0.007325023412704468,39.68373807379976,2.0500211065706617
diffusion_cosine_v,sde-euler-adaptive,time_mlp,gaussian_linear,0.5030749887228012,0.002407093666217415,0.5021750032901764,0.0005749911069869995,17.845382684841752,0.58873576351461
diffusion_cosine_v,sde-euler-adaptive,time_mlp,two_moons,0.5040799975395203,0.004862363233827258,0.5025500059127808,0.0019250065088272095,33.96988536296412,7.2091110747154525
diffusion_cosine_v,sde-euler-adaptive,time_mlp,bernoulli_glm,0.510164999961853,0.006353979380530764,0.5096499919891357,0.005124986171722412,24.353373493626712,4.70521574766686
diffusion_cosine_v,sde-euler-adaptive,time_mlp,gaussian_mixture,0.600724995136261,0.05518928335087078,0.607824981212616,0.040950000286102295,28.17528889924288,6.6359857722542
diffusion_cosine_v,sde-euler-adaptive,time_mlp,lotka_volterra,0.7316699981689453,0.09738890128275912,0.7014249861240387,0.05302497744560242,35.46492052674294,3.7856990925352343
diffusion_cosine_v,sde-euler-adaptive,time_mlp,slcp_distractors,0.6387750089168549,0.10163940493942346,0.5756500065326691,0.02180001139640808,19.12942667976022,1.9311112150926
diffusion_cosine_v,sde-euler-adaptive,time_mlp,bernoulli_glm_raw,0.5134749948978424,0.007788815227949055,0.5112749934196472,0.004024982452392578,26.034130076877773,4.642742065413605
diffusion_cosine_v_lw,sde-euler-adaptive,time_mlp,gaussian_linear_uniform,0.5034150034189224,0.0022315949223553552,0.5030249953269958,0.0017999708652496338,20.38772891154513,0.8197616681024059
diffusion_cosine_v_lw,sde-euler-adaptive,time_mlp,slcp,0.6532400012016296,0.10598890987722216,0.6195999979972839,0.06999999284744263,18.098907583393157,1.8846349209024074
diffusion_cosine_v_lw,sde-euler-adaptive,time_mlp,sir,0.5365600049495697,0.020152034499158405,0.5318500101566315,0.012124985456466675,37.28308698786422,2.3046703988426733
diffusion_cosine_v_lw,sde-euler-adaptive,time_mlp,gaussian_linear,0.5033899992704391,0.00313909277151903,0.5032249987125397,0.001050010323524475,17.82473207246512,0.4265564857577837
diffusion_cosine_v_lw,sde-euler-adaptive,time_mlp,two_moons,0.5127249985933304,0.008162412666015475,0.5111750066280365,0.005799978971481323,32.009417194966225,7.08808278681589
diffusion_cosine_v_lw,sde-euler-adaptive,time_mlp,bernoulli_glm,0.5122499942779541,0.005179538775116326,0.5116750001907349,0.003224998712539673,23.796056200098246,4.519252145898683
diffusion_cosine_v_lw,sde-euler-adaptive,time_mlp,gaussian_mixture,0.6056299984455109,0.053516991831666555,0.6245250105857849,0.04279997944831848,25.984519695676862,6.308929113805745
diffusion_cosine_v_lw,sde-euler-adaptive,time_mlp,lotka_volterra,0.7265600025653839,0.08461245389811138,0.7001000046730042,0.03154999017715454,35.26891516093165,3.9297462155405136
diffusion_cosine_v_lw,sde-euler-adaptive,time_mlp,slcp_distractors,0.6494849979877472,0.10418089057295313,0.607274979352951,0.058249980211257935,18.782196063641457,1.852223708956833
diffusion_cosine_v_lw,sde-euler-adaptive,time_mlp,bernoulli_glm_raw,0.5138500034809113,0.0062488520981436365,0.5133499801158905,0.0051750242710113525,24.557711158134044,4.502749449681348
diffusion_cosine_noise,sde-euler-adaptive,time_mlp,gaussian_linear_uniform,0.5030750006437301,0.0019724656041786442,0.5025250017642975,0.0012499988079071045,14.2659926998429,0.29997940205696993
diffusion_cosine_noise,sde-euler-adaptive,time_mlp,slcp,0.6646500051021575,0.11164073317972417,0.6183499991893768,0.05609998106956482,15.519742401316762,0.6298551747861543
diffusion_cosine_noise,sde-euler-adaptive,time_mlp,sir,0.5437549948692322,0.026620375670462153,0.5396499931812286,0.011500000953674316,35.482964364159855,7.4860915012797795
diffusion_cosine_noise,sde-euler-adaptive,time_mlp,gaussian_linear,0.5030599981546402,0.0029597158560536407,0.501149982213974,0.0007499754428863525,17.248278233315794,1.6816801243709414
diffusion_cosine_noise,sde-euler-adaptive,time_mlp,two_moons,0.5128100037574768,0.023240295490547454,0.5045249760150909,0.0027499794960021973,32.560498444642874,7.953294790164846
diffusion_cosine_noise,sde-euler-adaptive,time_mlp,bernoulli_glm,0.5100900053977966,0.004179340097503274,0.5110499858856201,0.0024749934673309326,15.020636818930507,0.41807208979677923
diffusion_cosine_noise,sde-euler-adaptive,time_mlp,gaussian_mixture,0.6014249980449676,0.046605550509338685,0.6023499965667725,0.028274983167648315,22.917041889578105,8.918384441751448
diffusion_cosine_noise,sde-euler-adaptive,time_mlp,lotka_volterra,0.7775193750858307,0.10527284998374949,0.7737249732017517,0.09877187013626099,27.196837391052394,12.52116151406855
diffusion_cosine_noise,sde-euler-adaptive,time_mlp,slcp_distractors,0.672365003824234,0.12831634870476735,0.6159000098705292,0.06407499313354492,14.395635414496065,0.29664944543227506
diffusion_cosine_noise,sde-euler-adaptive,time_mlp,bernoulli_glm_raw,0.5157999992370605,0.006403320577624554,0.5171000063419342,0.006000012159347534,14.191069050878287,0.2944735897827192
diffusion_edm_vp,sde-euler-adaptive-joint,time_mlp,gaussian_linear_uniform,0.5031000047922134,0.002789091037855756,0.5020000040531158,0.001824989914894104,33.37896643113345,0.0
diffusion_edm_vp,sde-euler-adaptive-joint,time_mlp,slcp,0.6378400027751923,0.0985214317562168,0.6031999886035919,0.06039997935295105,34.02029509097338,0.0
diffusion_edm_vp,sde-euler-adaptive-joint,time_mlp,sir,0.5302000045776367,0.01723634683795309,0.5239499807357788,0.013525009155273438,37.982196683995426,0.0
diffusion_edm_vp,sde-euler-adaptive-joint,time_mlp,gaussian_linear,0.5033550024032593,0.002441768739412211,0.502700001001358,0.0016250014305114746,32.91549024730921,0.0
diffusion_edm_vp,sde-euler-adaptive-joint,time_mlp,two_moons,0.5199799954891204,0.010826016412184877,0.5173749923706055,0.004749983549118042,34.42283859383315,0.0
diffusion_edm_vp,sde-euler-adaptive-joint,time_mlp,bernoulli_glm,0.5083000004291535,0.006102369586645994,0.5074749886989594,0.003975003957748413,33.91189604438841,0.0
diffusion_edm_vp,sde-euler-adaptive-joint,time_mlp,gaussian_mixture,0.5410649955272675,0.0076677642789629375,0.544174998998642,0.006224989891052246,34.54519501700997,0.0
diffusion_edm_vp,sde-euler-adaptive-joint,time_mlp,lotka_volterra,0.7192249953746795,0.09625387489461443,0.6828000247478485,0.0498499870300293,37.361878011375666,0.0
diffusion_edm_vp,sde-euler-adaptive-joint,time_mlp,slcp_distractors,0.6394599914550781,0.08717399672905317,0.6219500005245209,0.07335001230239868,34.3693627351895,0.0
diffusion_edm_vp,sde-euler-adaptive-joint,time_mlp,bernoulli_glm_raw,0.5119749963283539,0.005121632428818839,0.5112999975681305,0.003500014543533325,34.160997768864036,0.0
diffusion_edm_vp_ema,sde-euler-adaptive-joint,time_mlp,gaussian_linear_uniform,0.5037299901247024,0.002513479777662087,0.503399983048439,0.0014999955892562866,32.834813182242215,0.0
diffusion_edm_vp_ema,sde-euler-adaptive-joint,time_mlp,slcp,0.6289500057697296,0.07662043267259985,0.6061250269412994,0.03970003128051758,36.44309202954173,0.0
diffusion_edm_vp_ema,sde-euler-adaptive-joint,time_mlp,sir,0.5358799993991852,0.018184040655477157,0.5378249883651733,0.011100023984909058,37.921463404782116,0.0
diffusion_edm_vp_ema,sde-euler-adaptive-joint,time_mlp,gaussian_linear,0.5042050004005432,0.0027813964350472003,0.5035750269889832,0.0018749833106994629,32.16761173866689,0.0
diffusion_edm_vp_ema,sde-euler-adaptive-joint,time_mlp,two_moons,0.508455005288124,0.006301202769884894,0.5062000155448914,0.004175007343292236,34.628945872187614,0.0
diffusion_edm_vp_ema,sde-euler-adaptive-joint,time_mlp,bernoulli_glm,0.5132199943065643,0.005564597117321352,0.511599987745285,0.003475010395050049,34.28046231623739,0.0
diffusion_edm_vp_ema,sde-euler-adaptive-joint,time_mlp,gaussian_mixture,0.5269199967384338,0.008424102340883836,0.5264250040054321,0.005574971437454224,34.194267944432795,0.0
diffusion_edm_vp_ema,sde-euler-adaptive-joint,time_mlp,lotka_volterra,0.7087999939918518,0.08160548913265019,0.6726750135421753,0.03305000066757202,36.88936651311815,0.0
diffusion_edm_vp_ema,sde-euler-adaptive-joint,time_mlp,slcp_distractors,0.6496200025081634,0.09664827389762255,0.6064999997615814,0.05752500891685486,35.289390430785716,0.0
diffusion_edm_vp_ema,sde-euler-adaptive-joint,time_mlp,bernoulli_glm_raw,0.5126499891281128,0.003028038156922302,0.5132000148296356,0.0028249621391296387,34.07962565775961,0.0
diffusion_edm_ve,sde-euler-adaptive-joint,time_mlp,gaussian_linear_uniform,0.6738250076770782,0.007896367267594151,0.6715750098228455,0.0049250125885009766,11.088165846653283,0.0
diffusion_edm_ve,sde-euler-adaptive-joint,time_mlp,slcp,0.7336300015449524,0.05230164735062058,0.7242749929428101,0.029975026845932007,11.296010106801987,0.0
diffusion_edm_ve,sde-euler-adaptive-joint,time_mlp,sir,0.5493399918079376,0.021006310827250078,0.5465500056743622,0.017849981784820557,16.148511429317296,0.0
diffusion_edm_ve,sde-euler-adaptive-joint,time_mlp,gaussian_linear,0.7060649991035461,0.008760028198680235,0.7028500139713287,0.004475027322769165,10.922131002880633,0.0
diffusion_edm_ve,sde-euler-adaptive-joint,time_mlp,two_moons,0.5196100056171418,0.022269628543037295,0.5125499963760376,0.007600009441375732,12.660963215865195,0.0
diffusion_edm_ve,sde-euler-adaptive-joint,time_mlp,bernoulli_glm,0.6377649962902069,0.054852065080068124,0.635325014591217,0.0533750057220459,12.894396635703743,0.0
diffusion_edm_ve,sde-euler-adaptive-joint,time_mlp,gaussian_mixture,0.5758400022983551,0.024910767689706265,0.5669750273227692,0.01462504267692566,11.886757941916585,0.0
diffusion_edm_ve,sde-euler-adaptive-joint,time_mlp,lotka_volterra,0.7211550056934357,0.0769911942639574,0.713875025510788,0.03579998016357422,15.227682991884649,0.0
diffusion_edm_ve,sde-euler-adaptive-joint,time_mlp,slcp_distractors,0.7261300086975098,0.03424728538939905,0.7160750031471252,0.01902499794960022,11.472317265346646,0.0
diffusion_edm_ve,sde-euler-adaptive-joint,time_mlp,bernoulli_glm_raw,0.6455950021743775,0.053953062793673894,0.6475250124931335,0.05050000548362732,12.45344914123416,0.0
diffusion_cosine_F,sde-euler-adaptive-joint,time_mlp,gaussian_linear_uniform,0.5053100019693375,0.00344860612205805,0.504600003361702,0.0031249821186065674,24.002099284902215,0.0
diffusion_cosine_F,sde-euler-adaptive-joint,time_mlp,slcp,0.6628999948501587,0.1150154799454496,0.601500004529953,0.04627501964569092,22.411847356706858,0.0
diffusion_cosine_F,sde-euler-adaptive-joint,time_mlp,sir,0.5359549999237061,0.01967446982952217,0.530349999666214,0.015950024127960205,45.22256803885102,0.0
diffusion_cosine_F,sde-euler-adaptive-joint,time_mlp,gaussian_linear,0.5033800035715104,0.0018890710227068331,0.5034500062465668,0.0013499855995178223,22.35427361074835,0.0
diffusion_cosine_F,sde-euler-adaptive-joint,time_mlp,two_moons,0.50625,0.005605403645498584,0.5057500004768372,0.004500001668930054,26.585273878648877,0.0
diffusion_cosine_F,sde-euler-adaptive-joint,time_mlp,bernoulli_glm,0.5115049958229065,0.0048975383582211636,0.5097249746322632,0.004024982452392578,25.773370331153274,0.0
diffusion_cosine_F,sde-euler-adaptive-joint,time_mlp,gaussian_mixture,0.6361600041389466,0.03525990418561252,0.648624986410141,0.016800016164779663,27.158880113624036,0.0
diffusion_cosine_F,sde-euler-adaptive-joint,time_mlp,lotka_volterra,0.7313350021839142,0.0717924134974533,0.6992000043392181,0.033250004053115845,38.24351363815367,0.0
diffusion_cosine_F,sde-euler-adaptive-joint,time_mlp,slcp_distractors,0.6626050055027009,0.10847732453616551,0.6064500212669373,0.0417250394821167,24.313585564494133,0.0
diffusion_cosine_F,sde-euler-adaptive-joint,time_mlp,bernoulli_glm_raw,0.5123699963092804,0.007520775974420752,0.5117749869823456,0.006800025701522827,25.063454665243626,0.0
diffusion_cosine_v,sde-euler-adaptive-joint,time_mlp,gaussian_linear_uniform,0.5040650010108948,0.0028506201805513984,0.5030999779701233,0.0023999810218811035,23.27564463019371,0.0
diffusion_cosine_v,sde-euler-adaptive-joint,time_mlp,slcp,0.6491700053215027,0.11405552124425991,0.5906749963760376,0.03832501173019409,23.0687652323395,0.0
diffusion_cosine_v,sde-euler-adaptive-joint,time_mlp,sir,0.5354450106620788,0.018665899812844035,0.5270250141620636,0.007075011730194092,45.84199133981019,0.0
diffusion_cosine_v,sde-euler-adaptive-joint,time_mlp,gaussian_linear,0.503754997253418,0.0024757252100895974,0.5029000043869019,0.001050010323524475,21.880290009081364,0.0
diffusion_cosine_v,sde-euler-adaptive-joint,time_mlp,two_moons,0.50521000623703,0.0031147115975379883,0.5036500096321106,0.00135001540184021,25.88425348699093,0.0
diffusion_cosine_v,sde-euler-adaptive-joint,time_mlp,bernoulli_glm,0.5088999986648559,0.0032616705756195003,0.5091750025749207,0.0029000043869018555,24.865682342089713,0.0
diffusion_cosine_v,sde-euler-adaptive-joint,time_mlp,gaussian_mixture,0.6283349990844727,0.03696264835880029,0.6412000060081482,0.01282501220703125,27.677447808906436,0.0
diffusion_cosine_v,sde-euler-adaptive-joint,time_mlp,lotka_volterra,0.7325199961662292,0.097297841326548,0.7035500109195709,0.058324992656707764,37.175569771789014,0.0
diffusion_cosine_v,sde-euler-adaptive-joint,time_mlp,slcp_distractors,0.6387750029563903,0.10332213191482977,0.5773999989032745,0.023799985647201538,23.158581065014005,0.0
diffusion_cosine_v,sde-euler-adaptive-joint,time_mlp,bernoulli_glm_raw,0.5118050009012223,0.005337066000954414,0.5125750005245209,0.003049999475479126,24.715275863185525,0.0
diffusion_cosine_v_lw,sde-euler-adaptive-joint,time_mlp,gaussian_linear_uniform,0.503575000166893,0.0024826568748519745,0.5030499994754791,0.0013249963521957397,24.217787459492683,0.0
diffusion_cosine_v_lw,sde-euler-adaptive-joint,time_mlp,slcp,0.6526250004768371,0.10555069070875213,0.6178250014781952,0.06995001435279846,23.453129128552973,0.0
diffusion_cosine_v_lw,sde-euler-adaptive-joint,time_mlp,sir,0.5374800026416778,0.02057509443019695,0.5336999893188477,0.010825008153915405,44.806077304296196,0.0
diffusion_cosine_v_lw,sde-euler-adaptive-joint,time_mlp,gaussian_linear,0.5036800026893615,0.002377096998069469,0.5029000043869019,0.0014500021934509277,21.487546899355948,0.0
diffusion_cosine_v_lw,sde-euler-adaptive-joint,time_mlp,two_moons,0.5121499925851822,0.00802081192525637,0.5108749866485596,0.0045500099658966064,25.82702890690416,0.0
diffusion_cosine_v_lw,sde-euler-adaptive-joint,time_mlp,bernoulli_glm,0.5117600053548813,0.006629583764511161,0.5120500028133392,0.006099998950958252,25.61658973991871,0.0
diffusion_cosine_v_lw,sde-euler-adaptive-joint,time_mlp,gaussian_mixture,0.6220049977302551,0.03825923004128863,0.6366499960422516,0.014875024557113647,25.75110776629299,0.0
diffusion_cosine_v_lw,sde-euler-adaptive-joint,time_mlp,lotka_volterra,0.7265250027179718,0.08352763598737425,0.7030999958515167,0.03242501616477966,37.29859105683863,0.0
diffusion_cosine_v_lw,sde-euler-adaptive-joint,time_mlp,slcp_distractors,0.650820004940033,0.10601093910419702,0.6080000102519989,0.06280001997947693,22.767587846145034,0.0
diffusion_cosine_v_lw,sde-euler-adaptive-joint,time_mlp,bernoulli_glm_raw,0.5121150046586991,0.008164437682174721,0.5106750130653381,0.005374997854232788,25.841022860258818,0.0
diffusion_cosine_noise,sde-euler-adaptive-joint,time_mlp,gaussian_linear_uniform,0.5023700028657914,0.0019065928404105427,0.5020750015974045,0.0012249946594238281,17.842765427194536,0.0
diffusion_cosine_noise,sde-euler-adaptive-joint,time_mlp,slcp,0.6655300080776214,0.11401489532594677,0.6079249978065491,0.04252499341964722,18.294172233901918,0.0
diffusion_cosine_noise,sde-euler-adaptive-joint,time_mlp,sir,0.5350699961185456,0.018730252891984225,0.5337499976158142,0.011950016021728516,45.93819317128509,0.0
diffusion_cosine_noise,sde-euler-adaptive-joint,time_mlp,gaussian_linear,0.5047350108623505,0.0023398770054130795,0.5049000084400177,0.0017499923706054688,17.206507741473615,0.0
diffusion_cosine_noise,sde-euler-adaptive-joint,time_mlp,two_moons,0.5094900012016297,0.00673266951550464,0.5094749927520752,0.0036999881267547607,26.23573822155595,0.0
diffusion_cosine_noise,sde-euler-adaptive-joint,time_mlp,bernoulli_glm,0.5103249967098236,0.006112618598630432,0.5077749788761139,0.003524988889694214,18.167263945564628,0.0
diffusion_cosine_noise,sde-euler-adaptive-joint,time_mlp,gaussian_mixture,0.6481899917125702,0.042254567513769804,0.6657249927520752,0.01752498745918274,17.59203431941569,0.0
diffusion_cosine_noise,sde-euler-adaptive-joint,time_mlp,lotka_volterra,0.9341495215892792,0.025635087776352476,0.9433749914169312,0.012124985456466675,17.046088554896414,0.0
diffusion_cosine_noise,sde-euler-adaptive-joint,time_mlp,slcp_distractors,0.6684549987316132,0.119374356982899,0.6180000007152557,0.06632500886917114,17.857084755785763,0.0
diffusion_cosine_noise,sde-euler-adaptive-joint,time_mlp,bernoulli_glm_raw,0.516049987077713,0.007808740392451916,0.5133749842643738,0.003949999809265137,17.774117788299918,0.0
diffusion_edm_vp,sde-euler-pc,time_mlp,gaussian_linear_uniform,0.5043149948120117,0.0039639005707828795,0.5035249888896942,0.002924978733062744,36.577710278704764,1.2870877292209897
diffusion_edm_vp,sde-euler-pc,time_mlp,slcp,0.6465999960899353,0.10001242620618811,0.611950010061264,0.061550021171569824,35.77547136424109,1.6621548251156812
diffusion_edm_vp,sde-euler-pc,time_mlp,sir,0.601309996843338,0.015315434866954714,0.5984500050544739,0.011275023221969604,33.452121109887955,0.8151107063698764
diffusion_edm_vp,sde-euler-pc,time_mlp,gaussian_linear,0.5025199949741364,0.001634044448248078,0.502824991941452,0.0016250014305114746,30.88772886702791,3.208189745098305
diffusion_edm_vp,sde-euler-pc,time_mlp,two_moons,0.5670950055122376,0.03297135605366423,0.5795750021934509,0.02227500081062317,34.472789456136525,0.7523321396129079
diffusion_edm_vp,sde-euler-pc,time_mlp,bernoulli_glm,0.5071150124073028,0.00401988756637624,0.5071500241756439,0.003800004720687866,37.28080621138215,1.1256214001346092
diffusion_edm_vp,sde-euler-pc,time_mlp,gaussian_mixture,0.5558550000190735,0.014596814982747947,0.5518499910831451,0.010425001382827759,34.24936276534572,0.9530835166877268
diffusion_edm_vp,sde-euler-pc,time_mlp,lotka_volterra,0.7210900068283081,0.09596112309850717,0.683650016784668,0.04769998788833618,36.79453762769699,1.1542889061951167
diffusion_edm_vp,sde-euler-pc,time_mlp,slcp_distractors,0.6495050013065338,0.08851394125191372,0.6349500119686127,0.0782250165939331,30.480189877934755,1.8108390588622483
diffusion_edm_vp,sde-euler-pc,time_mlp,bernoulli_glm_raw,0.5143499970436096,0.0068370705214900645,0.5146250128746033,0.006600022315979004,30.749533021915703,1.9329044296233624
diffusion_edm_vp_ema,sde-euler-pc,time_mlp,gaussian_linear_uniform,0.5049099951982499,0.002859872618974506,0.5046750009059906,0.0017499923706054688,34.328442892991006,0.7831253178320886
diffusion_edm_vp_ema,sde-euler-pc,time_mlp,slcp,0.6361350119113922,0.07979356041397812,0.6073000133037567,0.036949992179870605,34.61700392076746,0.8127018111524057
diffusion_edm_vp_ema,sde-euler-pc,time_mlp,sir,0.5969599962234498,0.015312911455038034,0.5977999866008759,0.008924990892410278,33.286130466125904,0.7285623745482125
diffusion_edm_vp_ema,sde-euler-pc,time_mlp,gaussian_linear,0.505009987950325,0.0032945999291436575,0.5049749910831451,0.0023999959230422974,37.20499981269241,0.7874052646257342
diffusion_edm_vp_ema,sde-euler-pc,time_mlp,two_moons,0.5608849942684173,0.030106833341897524,0.5602749884128571,0.023874998092651367,34.50609680833295,0.7521732496122119
diffusion_edm_vp_ema,sde-euler-pc,time_mlp,bernoulli_glm,0.511285001039505,0.008094164556860338,0.5092250108718872,0.005675017833709717,34.49372679125518,0.8535659438662174
diffusion_edm_vp_ema,sde-euler-pc,time_mlp,gaussian_mixture,0.5457249879837036,0.020966197001629102,0.5391499996185303,0.007475018501281738,34.45007113320753,0.7591953185038949
diffusion_edm_vp_ema,sde-euler-pc,time_mlp,lotka_volterra,0.7156799972057343,0.08169302143602046,0.6810500025749207,0.0388999879360199,28.555320800840853,0.7200139867213712
diffusion_edm_vp_ema,sde-euler-pc,time_mlp,slcp_distractors,0.6565700054168702,0.0954781798284133,0.6123499870300293,0.05667498707771301,33.20131504228338,0.8591829623976328
diffusion_edm_vp_ema,sde-euler-pc,time_mlp,bernoulli_glm_raw,0.5112649977207184,0.00496542769440499,0.5116750001907349,0.0034500062465667725,36.2940343095921,1.5850161894804642
diffusion_edm_ve,sde-euler-pc,time_mlp,gaussian_linear_uniform,0.9999899983406066,2.0003318786621092e-05,1.0,0.0,34.21074591474608,0.6587972629594084
diffusion_edm_ve,sde-euler-pc,time_mlp,slcp,0.9989849984645843,0.0005522956693817506,0.9992499947547913,0.0003750026226043701,32.8317914028652,0.7711908081557414
diffusion_edm_ve,sde-euler-pc,time_mlp,sir,0.9986225605010987,0.00021897811225933382,0.9985860288143158,0.00014314055442810059,33.951194695010784,0.8533269079592967
diffusion_edm_ve,sde-euler-pc,time_mlp,gaussian_linear,0.9999299883842468,5.099865641479906e-05,0.9998999834060669,2.5004148483276367e-05,33.96265167575329,0.7040123441719833
diffusion_edm_ve,sde-euler-pc,time_mlp,two_moons,0.9987199962139129,0.0010117241024973985,0.9991749823093414,0.00012499094009399414,28.119667690619828,0.6819184462613076
diffusion_edm_ve,sde-euler-pc,time_mlp,bernoulli_glm,0.999824994802475,9.809906363959003e-05,0.9998499751091003,5.0008296966552734e-05,34.92295963419601,0.7676683146665235
diffusion_edm_ve,sde-euler-pc,time_mlp,gaussian_mixture,0.9980950057506561,0.0009382057728025415,0.9982250034809113,0.0006749927997589111,33.224837044626476,0.8058666571884083
diffusion_edm_ve,sde-euler-pc,time_mlp,lotka_volterra,0.999764370918274,9.004259581200527e-05,0.999774694442749,7.510185241699219e-05,32.47047806279734,0.7536829920155103
diffusion_edm_ve,sde-euler-pc,time_mlp,slcp_distractors,0.9990599989891052,0.00046033230726488664,0.999099999666214,0.0003250241279602051,33.04047027938068,0.7594692785137889
diffusion_edm_ve,sde-euler-pc,time_mlp,bernoulli_glm_raw,0.9997750103473664,0.00010307739907300636,0.9997750222682953,2.5004148483276367e-05,33.83045798279345,0.8358680590642347
diffusion_cosine_F,sde-euler-pc,time_mlp,gaussian_linear_uniform,0.5036100000143051,0.002499276628510733,0.5030750036239624,0.0015000104904174805,34.64458744199946,0.9642140888843217
diffusion_cosine_F,sde-euler-pc,time_mlp,slcp,0.665134996175766,0.10894015300884302,0.6037499904632568,0.04365000128746033,34.90920456303284,0.9686644229186618
diffusion_cosine_F,sde-euler-pc,time_mlp,sir,0.5489650070667267,0.0143526750156898,0.5446000099182129,0.007124990224838257,38.472845817822964,1.1622129543162885
diffusion_cosine_F,sde-euler-pc,time_mlp,gaussian_linear,0.5075850009918212,0.0026941581602749963,0.5076000094413757,0.0011999905109405518,34.7542310718447,1.328455729285481
diffusion_cosine_F,sde-euler-pc,time_mlp,two_moons,0.5220349967479706,0.014745526645866761,0.52012500166893,0.013249993324279785,34.840007862541825,1.1239273003498884
diffusion_cosine_F,sde-euler-pc,time_mlp,bernoulli_glm,0.5100100010633468,0.006962392922985492,0.5069500207901001,0.0033250153064727783,35.58510618740693,1.0902114547051243
diffusion_cosine_F,sde-euler-pc,time_mlp,gaussian_mixture,0.5401999890804291,0.013764243402614946,0.5363999903202057,0.006750017404556274,35.281336691975596,0.9579823402392357
diffusion_cosine_F,sde-euler-pc,time_mlp,lotka_volterra,0.7344749987125396,0.07227153952642516,0.7080000042915344,0.033024996519088745,34.7119351840578,0.9784304344876367
diffusion_cosine_F,sde-euler-pc,time_mlp,slcp_distractors,0.6627399981021881,0.10284936186232725,0.6097750067710876,0.04165002703666687,29.6143086174503,0.9398688002823778
diffusion_cosine_F,sde-euler-pc,time_mlp,bernoulli_glm_raw,0.5119350016117096,0.007273247881974072,0.5123249888420105,0.0033999979496002197,29.348196072876455,0.9713843238942639
diffusion_cosine_v,sde-euler-pc,time_mlp,gaussian_linear_uniform,0.5043500036001205,0.0028296647963911726,0.5039249807596207,0.002424970269203186,33.75938526634127,0.9549353439848948
diffusion_cosine_v,sde-euler-pc,time_mlp,slcp,0.6485849976539612,0.11240415733767953,0.591825008392334,0.03527498245239258,33.96159666748717,0.9277122965505008
diffusion_cosine_v,sde-euler-pc,time_mlp,sir,0.5543149888515473,0.014774713547872118,0.5467749834060669,0.005499988794326782,28.272807603888214,0.7613633283216343
diffusion_cosine_v,sde-euler-pc,time_mlp,gaussian_linear,0.5044649958610534,0.0026127583566410307,0.5038749873638153,0.001650005578994751,28.27720031933859,0.7818212580185061
diffusion_cosine_v,sde-euler-pc,time_mlp,two_moons,0.5214299947023392,0.019540383131109156,0.5095999836921692,0.005524978041648865,34.512128313444556,0.7740155997787448
diffusion_cosine_v,sde-euler-pc,time_mlp,bernoulli_glm,0.5101949989795684,0.005567696904769921,0.5088250041007996,0.00392499566078186,34.70803232975304,0.9641363066936947
diffusion_cosine_v,sde-euler-pc,time_mlp,gaussian_mixture,0.5362149953842164,0.01249294607734689,0.5358999967575073,0.0038250088691711426,33.940901927556844,1.0080403249118346
diffusion_cosine_v,sde-euler-pc,time_mlp,lotka_volterra,0.7348650097846985,0.09596877462207727,0.705700010061264,0.05797499418258667,33.120106156170365,0.9819479175992971
diffusion_cosine_v,sde-euler-pc,time_mlp,slcp_distractors,0.6354300022125244,0.09646322005956766,0.5828000009059906,0.03087499737739563,33.749484515096995,1.0127758054462996
diffusion_cosine_v,sde-euler-pc,time_mlp,bernoulli_glm_raw,0.5119500041007996,0.007959398736650882,0.5078499913215637,0.003524988889694214,34.44265209268779,1.0329615554571143
diffusion_cosine_v_lw,sde-euler-pc,time_mlp,gaussian_linear_uniform,0.5037299931049347,0.0033140693307756675,0.5029999911785126,0.0020000040531158447,33.78152602091431,1.0947884457003452
diffusion_cosine_v_lw,sde-euler-pc,time_mlp,slcp,0.6553799927234649,0.1029097362905042,0.6168999969959259,0.060649991035461426,34.297229278553274,1.0394476953135627
diffusion_cosine_v_lw,sde-euler-pc,time_mlp,sir,0.5529449999332428,0.013952089809454967,0.5508500039577484,0.009250015020370483,33.692357963509856,1.0727712932945042
diffusion_cosine_v_lw,sde-euler-pc,time_mlp,gaussian_linear,0.5029600024223327,0.0030951491038613155,0.5016000121831894,0.0010499954223632812,34.62987442752346,1.1397306024774745
diffusion_cosine_v_lw,sde-euler-pc,time_mlp,two_moons,0.5227500021457672,0.01509613184195626,0.5225750207901001,0.013824999332427979,34.56281128926203,1.0473043902395631
diffusion_cosine_v_lw,sde-euler-pc,time_mlp,bernoulli_glm,0.5120749950408936,0.006995263318076223,0.512024998664856,0.00822499394416809,34.25977008473128,1.0026033523795124
diffusion_cosine_v_lw,sde-euler-pc,time_mlp,gaussian_mixture,0.5426150023937225,0.013433728536329332,0.5373750030994415,0.0036500096321105957,34.385701117292044,0.997812708637471
diffusion_cosine_v_lw,sde-euler-pc,time_mlp,lotka_volterra,0.7304649889469147,0.08318516226085601,0.7009499967098236,0.02875000238418579,34.10776711748913,1.0305485648695145
diffusion_cosine_v_lw,sde-euler-pc,time_mlp,slcp_distractors,0.6513349950313568,0.10554954803918627,0.6089249849319458,0.06244999170303345,34.30052572414279,0.9160240339158743
diffusion_cosine_v_lw,sde-euler-pc,time_mlp,bernoulli_glm_raw,0.5139800012111664,0.007280158389513115,0.5129750072956085,0.006200015544891357,34.263491056952624,1.1202949212717712
diffusion_cosine_noise,sde-euler-pc,time_mlp,gaussian_linear_uniform,0.6041399955749511,0.007254850877612761,0.6051499843597412,0.003899991512298584,33.57993842074647,1.1200492201457926
diffusion_cosine_noise,sde-euler-pc,time_mlp,slcp,0.6755699992179871,0.08827429168267183,0.6444000005722046,0.040049999952316284,36.87097932677716,1.568449040113565
diffusion_cosine_noise,sde-euler-pc,time_mlp,sir,0.5533178925514222,0.015062615664603825,0.5480600893497467,0.008362621068954468,29.16978462934494,0.8358480721335322
diffusion_cosine_noise,sde-euler-pc,time_mlp,gaussian_linear,0.5501699984073639,0.003949125159787985,0.549575001001358,0.002950012683868408,34.17240902688354,1.1237006789314161
diffusion_cosine_noise,sde-euler-pc,time_mlp,two_moons,0.5232600003480912,0.012312921157151801,0.521575003862381,0.005825012922286987,33.689469195716086,1.036202786882621
diffusion_cosine_noise,sde-euler-pc,time_mlp,bernoulli_glm,0.6298849999904632,0.015953431699048466,0.6333000063896179,0.013349980115890503,37.163739572279155,1.7307608938732606
diffusion_cosine_noise,sde-euler-pc,time_mlp,gaussian_mixture,0.5414400041103363,0.015857785726534113,0.5384249985218048,0.0035749971866607666,36.91247069109231,1.2202828465627207
diffusion_cosine_noise,sde-euler-pc,time_mlp,lotka_volterra,0.7323004841804505,0.09596942925239983,0.7136034369468689,0.03711026906967163,35.06172899445519,1.3874144590892319
diffusion_cosine_noise,sde-euler-pc,time_mlp,slcp_distractors,0.6828900039196014,0.09866614165991973,0.6504749953746796,0.05504998564720154,37.04433006029576,1.1546576560906454
diffusion_cosine_noise,sde-euler-pc,time_mlp,bernoulli_glm_raw,0.6556650042533875,0.014132410209196597,0.652400016784668,0.009775012731552124,33.28872697222978,0.9715297447481986
diffusion_edm_vp,sde-sea,time_mlp,gaussian_linear_uniform,0.504249992966652,0.002783158524721789,0.5035749971866608,0.0029999911785125732,19.18970277318731,0.11263524812371464
diffusion_edm_vp,sde-sea,time_mlp,slcp,0.6395500063896179,0.0952121350553026,0.6073749959468842,0.05642497539520264,19.037024587020277,0.23928614873078918
diffusion_edm_vp,sde-sea,time_mlp,sir,0.5278800010681153,0.018513277887277826,0.5217249989509583,0.015500009059906006,19.262364058662207,0.08912539873259179
diffusion_edm_vp,sde-sea,time_mlp,gaussian_linear,0.5053150057792664,0.0040170338945225564,0.5036999881267548,0.002924993634223938,20.116248974576592,0.22919320084513825
diffusion_edm_vp,sde-sea,time_mlp,two_moons,0.512939989566803,0.009192272309727476,0.508899986743927,0.00172501802444458,19.280063757672906,0.021835907790448333
diffusion_edm_vp,sde-sea,time_mlp,bernoulli_glm,0.5095749974250794,0.005262615576190858,0.5090000033378601,0.0040750205516815186,18.887131749652326,0.02758303095599418
diffusion_edm_vp,sde-sea,time_mlp,gaussian_mixture,0.5278600096702576,0.007248964885139338,0.5295250117778778,0.0037499964237213135,19.15636520953849,0.07635112837290874
diffusion_edm_vp,sde-sea,time_mlp,lotka_volterra,0.7138650059700012,0.09576581509176363,0.6734500229358673,0.04025000333786011,19.43074948862195,0.03621739386349843
diffusion_edm_vp,sde-sea,time_mlp,slcp_distractors,0.6397950053215027,0.08216343448688862,0.6238250136375427,0.07200002670288086,19.534851287305354,0.017422235684152125
diffusion_edm_vp,sde-sea,time_mlp,bernoulli_glm_raw,0.5121399998664856,0.004128419096480421,0.5114249885082245,0.0034500062465667725,19.42981534358114,0.02206261022004729
diffusion_edm_vp_ema,sde-sea,time_mlp,gaussian_linear_uniform,0.50416000187397,0.003620766148291179,0.5027249902486801,0.0017499923706054688,18.723457072488962,0.007519580083994127
diffusion_edm_vp_ema,sde-sea,time_mlp,slcp,0.6258100032806396,0.0744684839394665,0.6073249876499176,0.0428750216960907,22.224775876104832,0.15522061790298408
diffusion_edm_vp_ema,sde-sea,time_mlp,sir,0.5382299959659577,0.01860272904542772,0.5412499904632568,0.01412498950958252,19.15853722654283,0.01632899258484594
diffusion_edm_vp_ema,sde-sea,time_mlp,gaussian_linear,0.5033349931240082,0.002887654318929794,0.5024749934673309,0.0016250014305114746,19.154960365593432,0.029088340231659376
diffusion_edm_vp_ema,sde-sea,time_mlp,two_moons,0.5072950005531311,0.007139631359778067,0.5045500099658966,0.0032750070095062256,19.418405625317245,0.01646877166894465
diffusion_edm_vp_ema,sde-sea,time_mlp,bernoulli_glm,0.5120699942111969,0.006054099444229892,0.5122750103473663,0.0049000084400177,19.563960910215975,0.016949181000474607
diffusion_edm_vp_ema,sde-sea,time_mlp,gaussian_mixture,0.5306849896907806,0.006888393760419903,0.5293749868869781,0.004325002431869507,18.85368745122105,0.052087720003905845
diffusion_edm_vp_ema,sde-sea,time_mlp,lotka_volterra,0.6997100055217743,0.08511303776564756,0.6593999862670898,0.0270250141620636,18.83907059393823,0.03463331867700011
diffusion_edm_vp_ema,sde-sea,time_mlp,slcp_distractors,0.6491849958896637,0.09461374229248765,0.6083999872207642,0.05972498655319214,21.424398153461517,0.1814870219292853
diffusion_edm_vp_ema,sde-sea,time_mlp,bernoulli_glm_raw,0.5095950067043304,0.0037301720043207013,0.508525013923645,0.0022749900817871094,19.120554728992282,0.015598959866368018
diffusion_edm_ve,sde-sea,time_mlp,gaussian_linear_uniform,0.681769996881485,0.010477713567216464,0.6804249882698059,0.007375001907348633,19.16818301025778,0.019309340528070786
diffusion_edm_ve,sde-sea,time_mlp,slcp,0.7298650026321412,0.05251891736437933,0.716825008392334,0.030299991369247437,19.078427474852653,0.04972683433167318
diffusion_edm_ve,sde-sea,time_mlp,sir,0.5487449884414672,0.02039196220782106,0.544549971818924,0.014475017786026001,18.706084245629608,0.15853683539476882
diffusion_edm_ve,sde-sea,time_mlp,gaussian_linear,0.7104749977588654,0.010186539426247013,0.7055250108242035,0.005975008010864258,19.30624309144914,0.20902640833549405
diffusion_edm_ve,sde-sea,time_mlp,two_moons,0.5175000071525574,0.02227849292083257,0.5076500177383423,0.006075024604797363,19.009879164677113,0.1332177574869578
diffusion_edm_ve,sde-sea,time_mlp,bernoulli_glm,0.6394949913024902,0.05197292831411969,0.631850004196167,0.05210000276565552,18.750614570174367,0.029754975203406156
diffusion_edm_ve,sde-sea,time_mlp,gaussian_mixture,0.562865000963211,0.03300168442093588,0.557449996471405,0.022599995136260986,18.768245233222842,0.009979336202888874
diffusion_edm_ve,sde-sea,time_mlp,lotka_volterra,0.7181450009346009,0.07783342806541338,0.7092249989509583,0.041099995374679565,18.250951961334795,0.015629655060258547
diffusion_edm_ve,sde-sea,time_mlp,slcp_distractors,0.7224999964237213,0.0313567766948685,0.7129000127315521,0.019374996423721313,18.556491940282285,0.007846393515300216
diffusion_edm_ve,sde-sea,time_mlp,bernoulli_glm_raw,0.647680002450943,0.051538267302913485,0.6529750227928162,0.04747501015663147,18.766119128186254,0.04079551706741314
diffusion_cosine_F,sde-sea,time_mlp,gaussian_linear_uniform,0.5041950047016144,0.00271086266005118,0.5038000047206879,0.002075016498565674,20.340013193152846,0.022903176358949985
diffusion_cosine_F,sde-sea,time_mlp,slcp,0.6590699970722198,0.1093228879229995,0.5903249979019165,0.02912500500679016,19.952273331489415,0.022242458203084986
diffusion_cosine_F,sde-sea,time_mlp,sir,0.5428100049495697,0.015668073590026227,0.5386749804019928,0.010549992322921753,20.450176439993083,0.09628780470311324
diffusion_cosine_F,sde-sea,time_mlp,gaussian_linear,0.5029949933290482,0.0025823904844757047,0.5025999844074249,0.002074986696243286,19.67985892035067,0.05917096892977418
diffusion_cosine_F,sde-sea,time_mlp,two_moons,0.5098649978637695,0.005567139341470543,0.5102249979972839,0.005050003528594971,20.66845168992877,0.3247970838499704
diffusion_cosine_F,sde-sea,time_mlp,bernoulli_glm,0.5103100061416626,0.004524707217772489,0.5098250210285187,0.002925008535385132,19.66851917412132,0.017930846730226536
diffusion_cosine_F,sde-sea,time_mlp,gaussian_mixture,0.5200700044631958,0.013118324399173533,0.5165500044822693,0.009999990463256836,19.691456800699235,0.03341000722827999
diffusion_cosine_F,sde-sea,time_mlp,lotka_volterra,0.723895001411438,0.07037198273247453,0.7021499872207642,0.029949963092803955,19.23893353836611,0.015555652768394527
diffusion_cosine_F,sde-sea,time_mlp,slcp_distractors,0.6564400017261505,0.1004560008631302,0.6023250222206116,0.03657501935958862,20.258243212476373,0.09067680779447954
diffusion_cosine_F,sde-sea,time_mlp,bernoulli_glm_raw,0.5114099979400635,0.006938686960080494,0.5124250054359436,0.004074990749359131,19.687680897396056,0.03648358750047819
diffusion_cosine_v,sde-sea,time_mlp,gaussian_linear_uniform,0.5027249991893769,0.001393424420047997,0.5031999945640564,0.0008250176906585693,19.756709566991777,0.034901848488361205
diffusion_cosine_v,sde-sea,time_mlp,slcp,0.6433499932289124,0.10817843247269344,0.593874990940094,0.040124982595443726,18.934818321280183,0.12406266658202277
diffusion_cosine_v,sde-sea,time_mlp,sir,0.5371449947357178,0.019756495539101998,0.5282000005245209,0.010625004768371582,20.64112228695303,0.2284978323433381
diffusion_cosine_v,sde-sea,time_mlp,gaussian_linear,0.502674999833107,0.0019637041894876818,0.5029000043869019,0.0015500038862228394,19.31306150369346,0.18471615807244476
diffusion_cosine_v,sde-sea,time_mlp,two_moons,0.5036099940538407,0.0030620043558766672,0.5028750002384186,0.0008250176906585693,19.600006244145334,0.07092433920416112
diffusion_cosine_v,sde-sea,time_mlp,bernoulli_glm,0.5115850090980529,0.0056876137595799035,0.5114000141620636,0.00317499041557312,19.059856442175807,0.028345436471800177
diffusion_cosine_v,sde-sea,time_mlp,gaussian_mixture,0.5224449932575226,0.009669752030542255,0.5203000009059906,0.004450023174285889,20.7414149871096,0.583676599453193
diffusion_cosine_v,sde-sea,time_mlp,lotka_volterra,0.7213650107383728,0.10224963568497496,0.682750016450882,0.039525002241134644,19.26000547753647,0.02238622306571204
diffusion_cosine_v,sde-sea,time_mlp,slcp_distractors,0.6297550022602081,0.09627703292607362,0.5740250051021576,0.024775028228759766,20.19164837934077,0.07631342338399202
diffusion_cosine_v,sde-sea,time_mlp,bernoulli_glm_raw,0.51317999958992,0.007800166449403619,0.5128999948501587,0.006675004959106445,20.658784225024284,0.544801108156135
diffusion_cosine_v_lw,sde-sea,time_mlp,gaussian_linear_uniform,0.5034699976444245,0.0030737772944918473,0.5022250115871429,0.0018250048160552979,20.336395583022387,0.2505833757623404
diffusion_cosine_v_lw,sde-sea,time_mlp,slcp,0.646150004863739,0.10187931624562702,0.6172749996185303,0.06392499804496765,19.00501925079152,0.023731719749025687
diffusion_cosine_v_lw,sde-sea,time_mlp,sir,0.5439300119876862,0.020713860500794174,0.5425249934196472,0.015599995851516724,19.3607926171273,0.050769300785953826
diffusion_cosine_v_lw,sde-sea,time_mlp,gaussian_linear,0.5033249974250793,0.002087013518077172,0.5030750036239624,0.0012750029563903809,19.473700590617955,0.019867233884085442
diffusion_cosine_v_lw,sde-sea,time_mlp,two_moons,0.5113099932670593,0.007110722339623657,0.511599987745285,0.0046250224113464355,19.298960625194013,0.03383574653582007
diffusion_cosine_v_lw,sde-sea,time_mlp,bernoulli_glm,0.5120950043201447,0.006317370692194126,0.5087999999523163,0.0028249919414520264,19.097240078821777,0.0929572576225321
diffusion_cosine_v_lw,sde-sea,time_mlp,gaussian_mixture,0.5257499873638153,0.013297723232816729,0.5229749977588654,0.00634998083114624,19.441510912775993,0.0916368961536764
diffusion_cosine_v_lw,sde-sea,time_mlp,lotka_volterra,0.7103950023651123,0.08955925557780622,0.6793249845504761,0.027225017547607422,19.401142581552268,0.028724424368111078
diffusion_cosine_v_lw,sde-sea,time_mlp,slcp_distractors,0.6477699995040893,0.10420932987068478,0.6114500164985657,0.07000002264976501,19.7278761302121,0.06295679723906583
diffusion_cosine_v_lw,sde-sea,time_mlp,bernoulli_glm_raw,0.5121650099754333,0.007489563932597244,0.5116000175476074,0.005349993705749512,19.199551889672875,0.021352942339727215
diffusion_cosine_noise,sde-sea,time_mlp,gaussian_linear_uniform,0.5036750048398971,0.0023213409037532574,0.5037750005722046,0.001600012183189392,19.376982301473618,0.027828751047575657
diffusion_cosine_noise,sde-sea,time_mlp,slcp,0.6449800074100495,0.08957697021015587,0.6169750094413757,0.049325019121170044,21.38937166146934,0.22768196882363415
diffusion_cosine_noise,sde-sea,time_mlp,sir,0.5367399990558624,0.017237462973322373,0.5298250019550323,0.01132500171661377,19.0827387670055,0.055575775305569404
diffusion_cosine_noise,sde-sea,time_mlp,gaussian_linear,0.5023849964141845,0.0022668299155274587,0.5018750131130219,0.0014500021934509277,19.633999361284076,0.013576297542252726
diffusion_cosine_noise,sde-sea,time_mlp,two_moons,0.5073400020599366,0.0068979324537063865,0.5049000084400177,0.004475012421607971,19.34436005782336,0.05711767431734123
diffusion_cosine_noise,sde-sea,time_mlp,bernoulli_glm,0.5146750032901763,0.007338705214529078,0.5130750238895416,0.0057999491691589355,20.809816630836576,0.3261642430806284
diffusion_cosine_noise,sde-sea,time_mlp,gaussian_mixture,0.5238650023937226,0.006928205146955871,0.5236999988555908,0.005524992942810059,19.25377930738032,0.04764961260830559
diffusion_cosine_noise,sde-sea,time_mlp,lotka_volterra,0.706453162431717,0.10829043180247552,0.677949994802475,0.039318203926086426,19.211091828532517,0.1085694895173962
diffusion_cosine_noise,sde-sea,time_mlp,slcp_distractors,0.6492199957370758,0.10603376339367157,0.6156750023365021,0.05597501993179321,19.586702427640557,0.01689313413692564
diffusion_cosine_noise,sde-sea,time_mlp,bernoulli_glm_raw,0.5213499963283539,0.008332517120283305,0.5213750004768372,0.005849987268447876,19.267994641326368,0.04414639087638798
diffusion_edm_vp,sde-shark,time_mlp,gaussian_linear_uniform,0.5035499960184098,0.002347767888001883,0.502949982881546,0.0020000040531158447,37.04311557365581,0.18813713741003807
diffusion_edm_vp,sde-shark,time_mlp,slcp,0.6384350061416626,0.09695009134261652,0.6065750122070312,0.05932500958442688,36.65450878497213,0.08657653131922588
diffusion_edm_vp,sde-shark,time_mlp,sir,0.5287150084972382,0.017874194909653404,0.5228500068187714,0.013974994421005249,37.22580022374168,0.1498461654945954
diffusion_edm_vp,sde-shark,time_mlp,gaussian_linear,0.5030199974775315,0.0013746293749594476,0.5031499862670898,0.001100003719329834,38.92669296860695,0.11152324781017706
diffusion_edm_vp,sde-shark,time_mlp,two_moons,0.5139950037002563,0.0122969989369899,0.5079500079154968,0.004574984312057495,37.21601160382852,0.03166917694265116
diffusion_edm_vp,sde-shark,time_mlp,bernoulli_glm,0.5086999952793121,0.004513491091772952,0.507874995470047,0.004175007343292236,36.51652676127851,0.0381145060646587
diffusion_edm_vp,sde-shark,time_mlp,gaussian_mixture,0.5240000069141388,0.0076966212698081375,0.524150013923645,0.006475001573562622,36.955215922091156,0.2100438265191679
diffusion_edm_vp,sde-shark,time_mlp,lotka_volterra,0.7115599989891053,0.09636627655532426,0.6753750145435333,0.04607498645782471,37.53442422980443,0.13852096299775965
diffusion_edm_vp,sde-shark,time_mlp,slcp_distractors,0.6410650014877319,0.08681460578270031,0.6280499994754791,0.08032497763633728,37.73986845370382,0.04016700559145663
diffusion_edm_vp,sde-shark,time_mlp,bernoulli_glm_raw,0.5131850004196167,0.007874356379352378,0.5134250223636627,0.005924999713897705,37.560210660472514,0.05493373838249552
diffusion_edm_vp_ema,sde-shark,time_mlp,gaussian_linear_uniform,0.5062200039625168,0.0015865362682827612,0.5064750164747238,0.0012750029563903809,36.1290292147547,0.013484438034746377
diffusion_edm_vp_ema,sde-shark,time_mlp,slcp,0.6279599964618683,0.07390673064482722,0.606249988079071,0.03689998388290405,42.65137221235782,0.91175969799019
diffusion_edm_vp_ema,sde-shark,time_mlp,sir,0.5326350033283234,0.017809479989032036,0.5350250005722046,0.01132500171661377,37.04420274551958,0.040132484926742006
diffusion_edm_vp_ema,sde-shark,time_mlp,gaussian_linear,0.5032299906015396,0.002679288998290544,0.5021499991416931,0.0016999989748001099,37.03496228288859,0.03865010648561138
diffusion_edm_vp_ema,sde-shark,time_mlp,two_moons,0.510164999961853,0.007578943829399608,0.5106500089168549,0.006624996662139893,37.47839612653479,0.026227886991994857
diffusion_edm_vp_ema,sde-shark,time_mlp,bernoulli_glm,0.5124200046062469,0.008214837685466058,0.5117999911308289,0.005074977874755859,37.793616824410854,0.03550919687894788
diffusion_edm_vp_ema,sde-shark,time_mlp,gaussian_mixture,0.5294749975204468,0.007514722195356039,0.5281749963760376,0.004424989223480225,36.41624753279611,0.04941675676420172
diffusion_edm_vp_ema,sde-shark,time_mlp,lotka_volterra,0.7012650012969971,0.08676375637058185,0.6579499840736389,0.03247499465942383,36.39371731150895,0.02627904831814716
diffusion_edm_vp_ema,sde-shark,time_mlp,slcp_distractors,0.649144995212555,0.09496428253029142,0.6069999933242798,0.06229999661445618,40.99491862216964,0.2809677092159211
diffusion_edm_vp_ema,sde-shark,time_mlp,bernoulli_glm_raw,0.5104700028896332,0.005705929327275406,0.5113499760627747,0.005700021982192993,36.93300028787926,0.04110891066423195
diffusion_edm_ve,sde-shark,time_mlp,gaussian_linear_uniform,0.6859399914741516,0.011386927986473358,0.6796249747276306,0.00392499566078186,37.02782382760197,0.029324569822363797
diffusion_edm_ve,sde-shark,time_mlp,slcp,0.7342050015926361,0.050907327607806155,0.7234250009059906,0.028549998998641968,36.930860011745246,0.0901080945787272
diffusion_edm_ve,sde-shark,time_mlp,sir,0.5508600056171418,0.02176584335581145,0.5452499985694885,0.01299998164176941,36.113434145227075,0.20351074965676916
diffusion_edm_ve,sde-shark,time_mlp,gaussian_linear,0.713129997253418,0.010361177508637732,0.7108249962329865,0.010450005531311035,37.191589967906474,0.1800304364580452
diffusion_edm_ve,sde-shark,time_mlp,two_moons,0.5189150035381317,0.02343378048806613,0.5122750103473663,0.009149998426437378,36.75204393910244,0.1675328181006412
diffusion_edm_ve,sde-shark,time_mlp,bernoulli_glm,0.6471649944782257,0.04994331232665619,0.6422000229358673,0.05207499861717224,36.23485798891634,0.043986736550497174
diffusion_edm_ve,sde-shark,time_mlp,gaussian_mixture,0.5691150009632111,0.03224424538179441,0.5619499981403351,0.02242499589920044,36.26383454287425,0.016607454352902642
diffusion_edm_ve,sde-shark,time_mlp,lotka_volterra,0.7188499987125396,0.07918941965559993,0.7134000062942505,0.03639999032020569,35.25340877659619,0.02078960553336391
diffusion_edm_ve,sde-shark,time_mlp,slcp_distractors,0.7237649977207183,0.03103299961921464,0.7168000042438507,0.02287501096725464,35.85632433127612,0.012991919480909974
diffusion_edm_ve,sde-shark,time_mlp,bernoulli_glm_raw,0.6587499976158142,0.052482262381436086,0.662975013256073,0.04862499237060547,36.20339676616713,0.07454862752390433
diffusion_cosine_F,sde-shark,time_mlp,gaussian_linear_uniform,0.5037050068378448,0.00324194544584947,0.5023000091314316,0.0012500137090682983,39.59121665917337,0.050059245928068694
diffusion_cosine_F,sde-shark,time_mlp,slcp,0.6597599983215332,0.11008818792054259,0.599700003862381,0.05009999871253967,38.79440894462168,0.031070672218609163
diffusion_cosine_F,sde-shark,time_mlp,sir,0.5376849889755249,0.01805244024054313,0.5359749794006348,0.015074998140335083,39.54986670976505,0.3425099136983512
diffusion_cosine_F,sde-shark,time_mlp,gaussian_linear,0.5057299971580506,0.0037494853552679135,0.5049499869346619,0.003375023603439331,38.30831648455933,0.072636293645244
diffusion_cosine_F,sde-shark,time_mlp,two_moons,0.507789996266365,0.006613880374261196,0.5054749846458435,0.003724992275238037,40.00632931664586,0.4468194228204568
diffusion_cosine_F,sde-shark,time_mlp,bernoulli_glm,0.5101900041103363,0.004773034953268198,0.5103749930858612,0.00415000319480896,38.294596592430025,0.05341284847516234
diffusion_cosine_F,sde-shark,time_mlp,gaussian_mixture,0.5189649939537049,0.01388280508626461,0.5147749781608582,0.01132500171661377,38.27332257470116,0.04782113179657248
diffusion_cosine_F,sde-shark,time_mlp,lotka_volterra,0.7273050010204315,0.07264420636187807,0.6989000141620636,0.03637498617172241,37.4719958527945,0.011467581496921345
diffusion_cosine_F,sde-shark,time_mlp,slcp_distractors,0.6600099921226501,0.10091166580829271,0.6082749962806702,0.04465001821517944,39.4819609766826,0.16058622464584418
diffusion_cosine_F,sde-shark,time_mlp,bernoulli_glm_raw,0.513635003566742,0.006180204191235688,0.5143750011920929,0.0038250088691711426,38.25405766936019,0.07589220187246089
diffusion_cosine_v,sde-shark,time_mlp,gaussian_linear_uniform,0.5036049991846084,0.002248939856622634,0.5034749954938889,0.0017749816179275513,38.48515680534765,0.02971091961524064
diffusion_cosine_v,sde-shark,time_mlp,slcp,0.6457099914550781,0.11002242610140008,0.590925008058548,0.031650006771087646,36.799622680805626,0.16530705506627733
diffusion_cosine_v,sde-shark,time_mlp,sir,0.534925001859665,0.02041753396365529,0.5239000022411346,0.004724979400634766,39.74035517498851,0.26952598236881353
diffusion_cosine_v,sde-shark,time_mlp,gaussian_linear,0.5022849947214126,0.00201953179035057,0.5015999972820282,0.0012000054121017456,37.71004605740309,0.27492451007004554
diffusion_cosine_v,sde-shark,time_mlp,two_moons,0.5056299984455108,0.005834562551825536,0.5033250004053116,0.0014749914407730103,38.04517822125926,0.1256246072039952
diffusion_cosine_v,sde-shark,time_mlp,bernoulli_glm,0.5107050001621246,0.0053119851606625605,0.5100750029087067,0.004949986934661865,37.04909203462303,0.020152307603316454
diffusion_cosine_v,sde-shark,time_mlp,gaussian_mixture,0.5191150009632111,0.011096280071469252,0.5168250203132629,0.006024986505508423,40.41208564769477,1.3145371911669899
diffusion_cosine_v,sde-shark,time_mlp,lotka_volterra,0.7303850054740906,0.09827544083916352,0.6991000175476074,0.0587250292301178,37.431117745768276,0.04681119390406075
diffusion_cosine_v,sde-shark,time_mlp,slcp_distractors,0.6295750081539154,0.09592242614259514,0.5711250007152557,0.019524991512298584,39.19233273668215,0.11485935916680469
diffusion_cosine_v,sde-shark,time_mlp,bernoulli_glm_raw,0.5132849931716919,0.0040003787168883115,0.5140499770641327,0.0024250149726867676,40.11908749081194,0.9315040948630712
diffusion_cosine_v_lw,sde-shark,time_mlp,gaussian_linear_uniform,0.5034600079059601,0.0025202043128324963,0.5027500092983246,0.0014500021934509277,39.356397707387806,0.37736488487021297
diffusion_cosine_v_lw,sde-shark,time_mlp,slcp,0.6500750064849854,0.10399815944677171,0.6156750023365021,0.06407499313354492,36.95446119718254,0.02389269685305878
diffusion_cosine_v_lw,sde-shark,time_mlp,sir,0.5369549989700317,0.019003836564727532,0.5326749980449677,0.013624995946884155,37.639891530852765,0.057479023277557335
diffusion_cosine_v_lw,sde-shark,time_mlp,gaussian_linear,0.5030350029468537,0.0023298192756143706,0.5029500126838684,0.0012249946594238281,37.815130923409015,0.058081423936742684
diffusion_cosine_v_lw,sde-shark,time_mlp,two_moons,0.5095800042152405,0.005097212830055639,0.5096250176429749,0.0040499866008758545,37.56105400752276,0.026310314477875515
diffusion_cosine_v_lw,sde-shark,time_mlp,bernoulli_glm,0.510945001244545,0.00780686752634132,0.510574996471405,0.007200002670288086,37.188043562881646,0.18745139732827
diffusion_cosine_v_lw,sde-shark,time_mlp,gaussian_mixture,0.5231949985027313,0.013939401780842232,0.5208500027656555,0.0031999945640563965,37.86652838997543,0.10933138850540483
diffusion_cosine_v_lw,sde-shark,time_mlp,lotka_volterra,0.7227949976921082,0.08539198928234373,0.696150004863739,0.031875014305114746,37.69622657783329,0.04636954316659922
diffusion_cosine_v_lw,sde-shark,time_mlp,slcp_distractors,0.6484599888324738,0.1046258448271682,0.610524982213974,0.06602498888969421,38.451079135667534,0.14061897093198827
diffusion_cosine_v_lw,sde-shark,time_mlp,bernoulli_glm_raw,0.5115100085735321,0.005533426411687797,0.5122500061988831,0.005124986171722412,37.27330051232129,0.10552321807695594
diffusion_cosine_noise,sde-shark,time_mlp,gaussian_linear_uniform,0.5029049992561341,0.003020218877092145,0.5021499991416931,0.001699984073638916,37.64239326613024,0.031511269488235794
diffusion_cosine_noise,sde-shark,time_mlp,slcp,0.643845009803772,0.093317898109558,0.6145500242710114,0.053975045680999756,41.40615679640323,0.18483667377867644
diffusion_cosine_noise,sde-shark,time_mlp,sir,0.533855003118515,0.0166674339644605,0.5332249999046326,0.011949986219406128,37.14313553227112,0.12892772660499538
diffusion_cosine_noise,sde-shark,time_mlp,gaussian_linear,0.5028450012207031,0.0017889113537975536,0.5024999976158142,0.0012499988079071045,38.19249481912702,0.03068551086164052
diffusion_cosine_noise,sde-shark,time_mlp,two_moons,0.5069700002670288,0.0061849855815376475,0.507625013589859,0.005349993705749512,37.667460644897076,0.2080160386375632
diffusion_cosine_noise,sde-shark,time_mlp,bernoulli_glm,0.5111350059509278,0.005323587306140996,0.5103749930858612,0.004875004291534424,40.30240647625178,0.376687749930668
diffusion_cosine_noise,sde-shark,time_mlp,gaussian_mixture,0.521224993467331,0.009521961677275675,0.520924985408783,0.005674988031387329,37.05987743828446,0.9805414164279607
diffusion_cosine_noise,sde-shark,time_mlp,lotka_volterra,0.7166049957275391,0.10458896118211855,0.6959500014781952,0.04234999418258667,37.373893219791356,0.16094801273614406
diffusion_cosine_noise,sde-shark,time_mlp,slcp_distractors,0.6523049890995025,0.10690630698321762,0.6171249747276306,0.05579999089241028,38.123969428427515,0.02605235455355256
diffusion_cosine_noise,sde-shark,time_mlp,bernoulli_glm_raw,0.517879992723465,0.006039254296386837,0.5177499949932098,0.0038749873638153076,37.43829752737656,0.05135300005033282
diffusion_edm_vp,sde-two_step-adaptive,time_mlp,gaussian_linear_uniform,0.5034200012683868,0.0026874864901904123,0.5027750134468079,0.0017000138759613037,7.94739193757996,0.12077036358927574
diffusion_edm_vp,sde-two_step-adaptive,time_mlp,slcp,0.6381499946117402,0.09735700329522726,0.6069749891757965,0.06389999389648438,10.932772566191852,1.031871218189388
diffusion_edm_vp,sde-two_step-adaptive,time_mlp,sir,0.5296299874782562,0.01837642828520821,0.5232249796390533,0.014449983835220337,9.077597845438868,0.40327167937657304
diffusion_edm_vp,sde-two_step-adaptive,time_mlp,gaussian_linear,0.5037350088357926,0.0026909256883081234,0.5032000243663788,0.0027750134468078613,7.280853723734618,0.15437646379915052
diffusion_edm_vp,sde-two_step-adaptive,time_mlp,two_moons,0.5131000101566314,0.009797601136045764,0.5100000202655792,0.0014999806880950928,9.65342501429841,1.1454543120099918
diffusion_edm_vp,sde-two_step-adaptive,time_mlp,bernoulli_glm,0.5095300018787384,0.006484062582531972,0.5074999928474426,0.0040000081062316895,8.479680357687176,0.2232743549807252
diffusion_edm_vp,sde-two_step-adaptive,time_mlp,gaussian_mixture,0.5234949946403503,0.007652539132260669,0.5229249894618988,0.007200002670288086,8.686577073018999,0.6567532363770565
diffusion_edm_vp,sde-two_step-adaptive,time_mlp,lotka_volterra,0.7132849991321564,0.09478586206512579,0.6732999980449677,0.0452750027179718,9.653592428006231,0.3679495884186896
diffusion_edm_vp,sde-two_step-adaptive,time_mlp,slcp_distractors,0.6419849932193756,0.08332725779122832,0.6325249969959259,0.08287501335144043,11.176769902184606,1.1202218991460542
diffusion_edm_vp,sde-two_step-adaptive,time_mlp,bernoulli_glm_raw,0.5116200029850007,0.0073149260162770026,0.5106500089168549,0.007025003433227539,8.647826082352548,0.24536698534918472
diffusion_edm_vp_ema,sde-two_step-adaptive,time_mlp,gaussian_linear_uniform,0.5054349929094315,0.0030620213626641898,0.5049500018358231,0.002299979329109192,7.731052394490689,0.15674139214496036
diffusion_edm_vp_ema,sde-two_step-adaptive,time_mlp,slcp,0.6275650024414062,0.07297319754497751,0.6015500128269196,0.03420001268386841,12.899504341743887,1.6707464132247103
diffusion_edm_vp_ema,sde-two_step-adaptive,time_mlp,sir,0.534535002708435,0.01690201041274625,0.536175012588501,0.008100003004074097,8.962989877909422,0.42332190747243287
diffusion_edm_vp_ema,sde-two_step-adaptive,time_mlp,gaussian_linear,0.5033999949693679,0.0021772740658972628,0.5027999877929688,0.0015999972820281982,6.9190568592399355,0.11268436468758274
diffusion_edm_vp_ema,sde-two_step-adaptive,time_mlp,two_moons,0.5072500020265579,0.004924947118501777,0.5065999925136566,0.005350008606910706,9.441662736143916,0.8768022567112158
diffusion_edm_vp_ema,sde-two_step-adaptive,time_mlp,bernoulli_glm,0.5133299887180328,0.005977506376014039,0.5126999914646149,0.004675000905990601,8.791165050677956,0.24772306753592993
diffusion_edm_vp_ema,sde-two_step-adaptive,time_mlp,gaussian_mixture,0.5272199988365174,0.007151262466954163,0.52674999833107,0.0038499832153320312,8.607584514096379,0.7209556864184321
diffusion_edm_vp_ema,sde-two_step-adaptive,time_mlp,lotka_volterra,0.700929993391037,0.08596340564843508,0.6601249873638153,0.0314750075340271,9.40630215248093,0.3357061019983422
diffusion_edm_vp_ema,sde-two_step-adaptive,time_mlp,slcp_distractors,0.6480949938297271,0.09432042949591112,0.6053999960422516,0.056724995374679565,12.495427048206329,1.2027237118037815
diffusion_edm_vp_ema,sde-two_step-adaptive,time_mlp,bernoulli_glm_raw,0.5111349999904633,0.004854388487614701,0.509975016117096,0.004700034856796265,8.545805198792369,0.21891359389497606
diffusion_edm_ve,sde-two_step-adaptive,time_mlp,gaussian_linear_uniform,0.681505000591278,0.010172765863831534,0.6770749986171722,0.006999999284744263,6.553637524694205,0.20551455194438892
diffusion_edm_ve,sde-two_step-adaptive,time_mlp,slcp,0.7324100017547608,0.05165401328351834,0.7211000025272369,0.02997499704360962,9.537708646245301,0.5460388328866461
diffusion_edm_ve,sde-two_step-adaptive,time_mlp,sir,0.5503100037574769,0.02146721512426356,0.5442750155925751,0.014350026845932007,7.409324221778661,0.3743785018604521
diffusion_edm_ve,sde-two_step-adaptive,time_mlp,gaussian_linear,0.7087199926376343,0.01202610118192252,0.7077749967575073,0.011124998331069946,5.790953692235052,0.22788862451626563
diffusion_edm_ve,sde-two_step-adaptive,time_mlp,two_moons,0.5188549935817719,0.023252083741637827,0.5134999752044678,0.00989997386932373,8.19092704737559,0.9506901675962355
diffusion_edm_ve,sde-two_step-adaptive,time_mlp,bernoulli_glm,0.6439400017261505,0.05094767817118259,0.635875016450882,0.049324989318847656,7.0656167034059765,0.1688038017791798
diffusion_edm_ve,sde-two_step-adaptive,time_mlp,gaussian_mixture,0.5661899983882904,0.03272644407278279,0.5641250014305115,0.025175005197525024,7.315531948022544,0.3963276239334104
diffusion_edm_ve,sde-two_step-adaptive,time_mlp,lotka_volterra,0.7200100004673005,0.07897143668479875,0.7159500122070312,0.04082497954368591,7.623272626567632,0.3780981375192215
diffusion_edm_ve,sde-two_step-adaptive,time_mlp,slcp_distractors,0.7244000017642975,0.031795194259625355,0.7180000245571136,0.024350017309188843,9.001306257769466,0.7269000404031493
diffusion_edm_ve,sde-two_step-adaptive,time_mlp,bernoulli_glm_raw,0.6552749931812286,0.05169191920485808,0.6568000018596649,0.05020001530647278,7.0847581621259454,0.24760748049307943
diffusion_cosine_F,sde-two_step-adaptive,time_mlp,gaussian_linear_uniform,0.5045100063085556,0.003908700286480692,0.5035249888896942,0.0027249902486801147,9.668414409272373,0.23855242457257286
diffusion_cosine_F,sde-two_step-adaptive,time_mlp,slcp,0.6599950015544891,0.1123995415340994,0.5950500071048737,0.04210001230239868,13.041158696077764,1.084363303885703
diffusion_cosine_F,sde-two_step-adaptive,time_mlp,sir,0.5380899965763092,0.021429819254117233,0.5327499806880951,0.023225009441375732,11.183282573055475,0.5503626128667191
diffusion_cosine_F,sde-two_step-adaptive,time_mlp,gaussian_linear,0.5029100030660629,0.0015620252018705711,0.5030499994754791,0.0012000203132629395,8.544889916852117,0.17119093649708464
diffusion_cosine_F,sde-two_step-adaptive,time_mlp,two_moons,0.5068599969148636,0.005879837467119993,0.5040999948978424,0.003849998116493225,12.078713007923216,1.0735478178183089
diffusion_cosine_F,sde-two_step-adaptive,time_mlp,bernoulli_glm,0.5101150035858154,0.007015514925561599,0.5086749792098999,0.005649954080581665,10.051405289955436,0.3339315908472835
diffusion_cosine_F,sde-two_step-adaptive,time_mlp,gaussian_mixture,0.5224699914455414,0.012273696886442127,0.5179249942302704,0.009750008583068848,10.536666979733855,0.8514745798728959
diffusion_cosine_F,sde-two_step-adaptive,time_mlp,lotka_volterra,0.727779996395111,0.0704610360844841,0.7020500004291534,0.030774980783462524,11.175547758489847,0.47321191207051944
diffusion_cosine_F,sde-two_step-adaptive,time_mlp,slcp_distractors,0.6587750017642975,0.10174177928128754,0.6058500111103058,0.04159998893737793,13.645938611589372,0.9160847319527661
diffusion_cosine_F,sde-two_step-adaptive,time_mlp,bernoulli_glm_raw,0.5122750014066696,0.007674647911795881,0.5119999945163727,0.005250006914138794,10.168085449840873,0.2859545983873142
diffusion_cosine_v,sde-two_step-adaptive,time_mlp,gaussian_linear_uniform,0.5013050019741059,0.0010664105409514167,0.5010000169277191,0.0005250275135040283,9.377309345453977,0.13477619659370993
diffusion_cosine_v,sde-two_step-adaptive,time_mlp,slcp,0.645660001039505,0.11082199958936399,0.5908249914646149,0.03737500309944153,12.468072189949453,0.7302239545405296
diffusion_cosine_v,sde-two_step-adaptive,time_mlp,sir,0.5390999972820282,0.020125250217098375,0.5324499905109406,0.015899986028671265,11.452641621325165,0.5307142101713628
diffusion_cosine_v,sde-two_step-adaptive,time_mlp,gaussian_linear,0.5030999988317489,0.002380021696250893,0.502575010061264,0.0018000006675720215,8.451362581923604,0.2237533001380742
diffusion_cosine_v,sde-two_step-adaptive,time_mlp,two_moons,0.5042849987745285,0.0024321857724033972,0.5039499998092651,0.001900002360343933,11.84990348117426,1.2580677023591238
diffusion_cosine_v,sde-two_step-adaptive,time_mlp,bernoulli_glm,0.5101900041103363,0.006812924030073105,0.5103499889373779,0.0031000077724456787,9.87341718254611,0.34285079284734016
diffusion_cosine_v,sde-two_step-adaptive,time_mlp,gaussian_mixture,0.5218949973583221,0.014756356336864222,0.5169999897480011,0.0051499903202056885,11.022036064974964,1.0091243818868953
diffusion_cosine_v,sde-two_step-adaptive,time_mlp,lotka_volterra,0.7308799982070923,0.09804371923872462,0.7027249932289124,0.06047499179840088,11.050032120756805,0.49739361523298126
diffusion_cosine_v,sde-two_step-adaptive,time_mlp,slcp_distractors,0.631499993801117,0.09749840864557083,0.5710499882698059,0.01707497239112854,13.740920431911945,1.1166793910271713
diffusion_cosine_v,sde-two_step-adaptive,time_mlp,bernoulli_glm_raw,0.5108500063419342,0.006330722827352763,0.5100000202655792,0.00437501072883606,10.677648176625372,0.5846806685963537
diffusion_cosine_v_lw,sde-two_step-adaptive,time_mlp,gaussian_linear_uniform,0.502835002541542,0.0023883125616143185,0.5020500123500824,0.0014999955892562866,9.689592678193003,0.17489067361760446
diffusion_cosine_v_lw,sde-two_step-adaptive,time_mlp,slcp,0.6488700032234191,0.10265729673498464,0.6153500080108643,0.06644999980926514,12.699801284167915,1.1257921534935862
diffusion_cosine_v_lw,sde-two_step-adaptive,time_mlp,sir,0.5362650036811829,0.019267681801697675,0.5282250046730042,0.009700000286102295,10.681390872690827,0.6938354133357086
diffusion_cosine_v_lw,sde-two_step-adaptive,time_mlp,gaussian_linear,0.502975007891655,0.002507018522651372,0.5028000175952911,0.0017249882221221924,8.483731446415186,0.14595353196942445
diffusion_cosine_v_lw,sde-two_step-adaptive,time_mlp,two_moons,0.5093699991703033,0.006804080778229469,0.5079250037670135,0.0024499893188476562,11.513348548673093,1.1078969570044654
diffusion_cosine_v_lw,sde-two_step-adaptive,time_mlp,bernoulli_glm,0.5115749955177307,0.005472076687860881,0.5107249915599823,0.003049999475479126,9.783773985132575,0.34808088141658344
diffusion_cosine_v_lw,sde-two_step-adaptive,time_mlp,gaussian_mixture,0.5286749958992004,0.015232680665500719,0.522475004196167,0.004824995994567871,10.414269900042564,0.9171093137083772
diffusion_cosine_v_lw,sde-two_step-adaptive,time_mlp,lotka_volterra,0.7292749941349029,0.08256629450780827,0.710999995470047,0.03334999084472656,11.226149169169366,0.6550784986604841
diffusion_cosine_v_lw,sde-two_step-adaptive,time_mlp,slcp_distractors,0.6486199975013733,0.10621588694173036,0.6092250049114227,0.06477499008178711,13.22502592857927,1.1000135527936623
diffusion_cosine_v_lw,sde-two_step-adaptive,time_mlp,bernoulli_glm_raw,0.5126249969005585,0.0065085835739321024,0.512499988079071,0.0045500099658966064,9.797384400479496,0.2405750686866602
diffusion_cosine_noise,sde-two_step-adaptive,time_mlp,gaussian_linear_uniform,0.502400004863739,0.0026871032851747247,0.5013750046491623,0.001225009560585022,9.425899091921746,0.1920385096349773
diffusion_cosine_noise,sde-two_step-adaptive,time_mlp,slcp,0.6431049942970276,0.09024607030863313,0.6092999875545502,0.04292500019073486,14.765906942356377,1.4549937903224373
diffusion_cosine_noise,sde-two_step-adaptive,time_mlp,sir,0.5346699953079224,0.01665551446393863,0.5301249921321869,0.012724995613098145,10.717168322764337,0.5432953548037768
diffusion_cosine_noise,sde-two_step-adaptive,time_mlp,gaussian_linear,0.5043599963188171,0.003459898652737808,0.5039249956607819,0.0022249817848205566,8.662117773573845,0.13610405175317147
diffusion_cosine_noise,sde-two_step-adaptive,time_mlp,two_moons,0.5077700078487396,0.008414197147831835,0.5056500136852264,0.0034500062465667725,11.872506670560687,0.9320134121780607
diffusion_cosine_noise,sde-two_step-adaptive,time_mlp,bernoulli_glm,0.5102250069379807,0.006877328550272682,0.5097500085830688,0.006374984979629517,10.937054184824229,0.30061529307637447
diffusion_cosine_noise,sde-two_step-adaptive,time_mlp,gaussian_mixture,0.520944994688034,0.01165331866025692,0.5176999866962433,0.006150007247924805,10.477309758961201,0.8741012865783069
diffusion_cosine_noise,sde-two_step-adaptive,time_mlp,lotka_volterra,0.7194799900054931,0.10240944946436137,0.6945749819278717,0.043825000524520874,11.298772735334932,0.48016090334349304
diffusion_cosine_noise,sde-two_step-adaptive,time_mlp,slcp_distractors,0.6514900028705597,0.10683992564549953,0.6132250130176544,0.05252501368522644,13.335066974256188,0.9848325870527963
diffusion_cosine_noise,sde-two_step-adaptive,time_mlp,bernoulli_glm_raw,0.5121849954128266,0.008111171992684978,0.51112499833107,0.004274994134902954,10.049504023976624,0.2520964377825006
diffusion_edm_vp,sde-two_step-adaptive-joint,time_mlp,gaussian_linear_uniform,0.5051150053739548,0.0033676429619123563,0.50450000166893,0.003250017762184143,10.243329137563705,0.0
diffusion_edm_vp,sde-two_step-adaptive-joint,time_mlp,slcp,0.6370400011539459,0.09569969137966114,0.6064500212669373,0.06195002794265747,18.059790467843413,0.0
diffusion_edm_vp,sde-two_step-adaptive-joint,time_mlp,sir,0.5278049945831299,0.01650133861477774,0.5234250128269196,0.012924998998641968,11.941936284303665,0.0
diffusion_edm_vp,sde-two_step-adaptive-joint,time_mlp,gaussian_linear,0.5031350016593933,0.0024359818747422607,0.5026500076055527,0.0021750032901763916,8.958801944740117,0.0
diffusion_edm_vp,sde-two_step-adaptive-joint,time_mlp,two_moons,0.5151249974966049,0.0110039558736132,0.5112999975681305,0.0029750168323516846,15.501313132233918,0.0
diffusion_edm_vp,sde-two_step-adaptive-joint,time_mlp,bernoulli_glm,0.5090150088071823,0.0063229697734597575,0.506974995136261,0.0033999979496002197,11.346036175265908,0.0
diffusion_edm_vp,sde-two_step-adaptive-joint,time_mlp,gaussian_mixture,0.5247949957847595,0.00925625636766899,0.527349978685379,0.005899995565414429,11.486686188727617,0.0
diffusion_edm_vp,sde-two_step-adaptive-joint,time_mlp,lotka_volterra,0.7115149915218353,0.09644848941945594,0.6714499890804291,0.044200003147125244,12.661494813859463,0.0
diffusion_edm_vp,sde-two_step-adaptive-joint,time_mlp,slcp_distractors,0.6416200041770935,0.08504854893037261,0.6274000108242035,0.07540002465248108,17.729857740923762,0.0
diffusion_edm_vp,sde-two_step-adaptive-joint,time_mlp,bernoulli_glm_raw,0.5109299957752228,0.004629910813843076,0.508774995803833,0.0033999979496002197,11.392037030309439,0.0
diffusion_edm_vp_ema,sde-two_step-adaptive-joint,time_mlp,gaussian_linear_uniform,0.5045949995517731,0.0018824812448566329,0.5043749809265137,0.0012000054121017456,10.07439893297851,0.0
diffusion_edm_vp_ema,sde-two_step-adaptive-joint,time_mlp,slcp,0.6267599999904633,0.07344945950151494,0.6010250151157379,0.0347750186920166,19.251997442916036,0.0
diffusion_edm_vp_ema,sde-two_step-adaptive-joint,time_mlp,sir,0.5338649988174439,0.01721202832289632,0.5356000065803528,0.008124977350234985,11.827225905843079,0.0
diffusion_edm_vp_ema,sde-two_step-adaptive-joint,time_mlp,gaussian_linear,0.5043900012969971,0.0021182308024132734,0.5047249794006348,0.0012499690055847168,8.84300512354821,0.0
diffusion_edm_vp_ema,sde-two_step-adaptive-joint,time_mlp,two_moons,0.5077249974012374,0.006245813418058434,0.5068749785423279,0.0051000118255615234,16.32140456698835,0.0
diffusion_edm_vp_ema,sde-two_step-adaptive-joint,time_mlp,bernoulli_glm,0.5106249988079071,0.006029111069085641,0.5103999972343445,0.002025008201599121,11.20468301139772,0.0
diffusion_edm_vp_ema,sde-two_step-adaptive-joint,time_mlp,gaussian_mixture,0.5255699992179871,0.00828001374120721,0.5258750021457672,0.007624983787536621,11.460620390251279,0.0
diffusion_edm_vp_ema,sde-two_step-adaptive-joint,time_mlp,lotka_volterra,0.7019750058650971,0.08547098198957967,0.6622250080108643,0.03025001287460327,12.613688848912716,0.0
diffusion_edm_vp_ema,sde-two_step-adaptive-joint,time_mlp,slcp_distractors,0.6484600007534027,0.09389888758453807,0.6006250083446503,0.048200011253356934,19.17118465527892,0.0
diffusion_edm_vp_ema,sde-two_step-adaptive-joint,time_mlp,bernoulli_glm_raw,0.5120000034570694,0.004896482012204433,0.5124250054359436,0.004274994134902954,11.199427125044167,0.0
diffusion_edm_ve,sde-two_step-adaptive-joint,time_mlp,gaussian_linear_uniform,0.6870799958705902,0.00968350379709881,0.6845499873161316,0.005574971437454224,8.34210961125791,0.0
diffusion_edm_ve,sde-two_step-adaptive-joint,time_mlp,slcp,0.7341449916362762,0.050832987426780905,0.7206000089645386,0.03184998035430908,14.8362259529531,0.0
diffusion_edm_ve,sde-two_step-adaptive-joint,time_mlp,sir,0.549414986371994,0.020292201861661915,0.5451499819755554,0.014774978160858154,10.4809155697003,0.0
diffusion_edm_ve,sde-two_step-adaptive-joint,time_mlp,gaussian_linear,0.7101100027561188,0.01095857380684058,0.7113500237464905,0.006525009870529175,7.335765575058758,0.0
diffusion_edm_ve,sde-two_step-adaptive-joint,time_mlp,two_moons,0.5197300016880035,0.02182233755008438,0.5135749876499176,0.00815001130104065,13.034526859410107,0.0
diffusion_edm_ve,sde-two_step-adaptive-joint,time_mlp,bernoulli_glm,0.6454450070858002,0.05163559969561721,0.6368499994277954,0.04809999465942383,9.456236464902759,0.0
diffusion_edm_ve,sde-two_step-adaptive-joint,time_mlp,gaussian_mixture,0.5675899922847748,0.03236391575097015,0.5604749917984009,0.021649986505508423,9.682147714309394,0.0
diffusion_edm_ve,sde-two_step-adaptive-joint,time_mlp,lotka_volterra,0.719760000705719,0.077185399350123,0.7122499942779541,0.03584998846054077,10.365975841879845,0.0
diffusion_edm_ve,sde-two_step-adaptive-joint,time_mlp,slcp_distractors,0.7237600088119507,0.03211929305343628,0.71670001745224,0.020050019025802612,14.545121445320547,0.0
diffusion_edm_ve,sde-two_step-adaptive-joint,time_mlp,bernoulli_glm_raw,0.6573100030422211,0.05275952565947985,0.6590000092983246,0.04907500743865967,9.29694114252925,0.0
diffusion_cosine_F,sde-two_step-adaptive-joint,time_mlp,gaussian_linear_uniform,0.5048549979925155,0.0035134267277309797,0.5040499866008759,0.0021999776363372803,11.650610868819058,0.0
diffusion_cosine_F,sde-two_step-adaptive-joint,time_mlp,slcp,0.6596849918365478,0.11068627547694601,0.594650000333786,0.04115000367164612,18.87659725546837,0.0
diffusion_cosine_F,sde-two_step-adaptive-joint,time_mlp,sir,0.5374949991703033,0.018175904698405104,0.5338000059127808,0.015025019645690918,14.113400196656585,0.0
diffusion_cosine_F,sde-two_step-adaptive-joint,time_mlp,gaussian_linear,0.5043449997901917,0.003704551955849888,0.5034500062465668,0.0031500011682510376,10.329707999713719,0.0
diffusion_cosine_F,sde-two_step-adaptive-joint,time_mlp,two_moons,0.5058399945497513,0.0056173774880553945,0.5029249936342239,0.0022750049829483032,17.797226124443114,0.0
diffusion_cosine_F,sde-two_step-adaptive-joint,time_mlp,bernoulli_glm,0.5098099946975708,0.008413360090958617,0.5072499811649323,0.005924999713897705,12.856415534392,0.0
diffusion_cosine_F,sde-two_step-adaptive-joint,time_mlp,gaussian_mixture,0.5204849988222122,0.014916115855998785,0.5132249891757965,0.009274974465370178,13.853692090138793,0.0
diffusion_cosine_F,sde-two_step-adaptive-joint,time_mlp,lotka_volterra,0.7262300014495849,0.0719433855292511,0.6962999999523163,0.032049983739852905,14.093663641251624,0.0
diffusion_cosine_F,sde-two_step-adaptive-joint,time_mlp,slcp_distractors,0.6566249966621399,0.10210245185804308,0.6041499972343445,0.044050008058547974,20.042702292092144,0.0
diffusion_cosine_F,sde-two_step-adaptive-joint,time_mlp,bernoulli_glm_raw,0.512650004029274,0.006275102988434808,0.5134000182151794,0.004774987697601318,12.520803613588214,0.0
diffusion_cosine_v,sde-two_step-adaptive-joint,time_mlp,gaussian_linear_uniform,0.5042899966239929,0.0028092580023376217,0.5045250058174133,0.0027749836444854736,11.44981090631336,0.0
diffusion_cosine_v,sde-two_step-adaptive-joint,time_mlp,slcp,0.6464050114154816,0.11098296326711021,0.5947250127792358,0.03970000147819519,20.0859553553164,0.0
diffusion_cosine_v,sde-two_step-adaptive-joint,time_mlp,sir,0.5351200044155121,0.019263423019777477,0.5247749984264374,0.0062499940395355225,14.482736135832965,0.0
diffusion_cosine_v,sde-two_step-adaptive-joint,time_mlp,gaussian_linear,0.5023499965667725,0.0021071355865542075,0.5015499889850616,0.0013750046491622925,10.538141967728734,0.0
diffusion_cosine_v,sde-two_step-adaptive-joint,time_mlp,two_moons,0.5056449949741364,0.004900585040150983,0.5041749775409698,0.0038499832153320312,17.368413352407515,0.0
diffusion_cosine_v,sde-two_step-adaptive-joint,time_mlp,bernoulli_glm,0.5089750051498413,0.004103607786901755,0.5097750127315521,0.0012500286102294922,12.862014376558363,0.0
diffusion_cosine_v,sde-two_step-adaptive-joint,time_mlp,gaussian_mixture,0.5195150077342987,0.010985689472556315,0.5159250199794769,0.005349993705749512,14.025721229612827,0.0
diffusion_cosine_v,sde-two_step-adaptive-joint,time_mlp,lotka_volterra,0.7303249955177307,0.0972959570946085,0.7014999985694885,0.060274988412857056,14.332115625962615,0.0
diffusion_cosine_v,sde-two_step-adaptive-joint,time_mlp,slcp_distractors,0.6315250039100647,0.09685263252006901,0.5759750008583069,0.023874998092651367,19.96212070249021,0.0
diffusion_cosine_v,sde-two_step-adaptive-joint,time_mlp,bernoulli_glm_raw,0.5135499954223632,0.007530174085720058,0.5134999752044678,0.005750000476837158,12.87263280712068,0.0
diffusion_cosine_v_lw,sde-two_step-adaptive-joint,time_mlp,gaussian_linear_uniform,0.5031400054693222,0.0021023564878202444,0.5026749968528748,0.001274988055229187,11.952830428257585,0.0
diffusion_cosine_v_lw,sde-two_step-adaptive-joint,time_mlp,slcp,0.647790002822876,0.10301450295577037,0.6183250248432159,0.06452497839927673,19.77247153967619,0.0
diffusion_cosine_v_lw,sde-two_step-adaptive-joint,time_mlp,sir,0.539454996585846,0.020447235499334627,0.5352999866008759,0.014899998903274536,14.088477494195104,0.0
diffusion_cosine_v_lw,sde-two_step-adaptive-joint,time_mlp,gaussian_linear,0.5020699977874756,0.0012143290687201113,0.5017000138759613,0.0007250010967254639,10.513400851748884,0.0
diffusion_cosine_v_lw,sde-two_step-adaptive-joint,time_mlp,two_moons,0.5123149931430817,0.005756085567491888,0.5135999917984009,0.0035499930381774902,18.614619585685432,0.0
diffusion_cosine_v_lw,sde-two_step-adaptive-joint,time_mlp,bernoulli_glm,0.5113450080156327,0.0068886710148291005,0.5124500095844269,0.004950016736984253,12.27991416491568,0.0
diffusion_cosine_v_lw,sde-two_step-adaptive-joint,time_mlp,gaussian_mixture,0.5237900078296661,0.010930590999143182,0.5204249918460846,0.0018000304698944092,14.37763752322644,0.0
diffusion_cosine_v_lw,sde-two_step-adaptive-joint,time_mlp,lotka_volterra,0.720880001783371,0.08531199736125665,0.6924000084400177,0.03814998269081116,14.428261005319655,0.0
diffusion_cosine_v_lw,sde-two_step-adaptive-joint,time_mlp,slcp_distractors,0.6474349915981292,0.10273185474997924,0.609375,0.06322500109672546,21.058958008885384,0.0
diffusion_cosine_v_lw,sde-two_step-adaptive-joint,time_mlp,bernoulli_glm_raw,0.513459998369217,0.005052718751953645,0.5132000148296356,0.004449993371963501,12.85397364012897,0.0
diffusion_cosine_noise,sde-two_step-adaptive-joint,time_mlp,gaussian_linear_uniform,0.502335000038147,0.002617260376480617,0.5016499906778336,0.0012249946594238281,11.709979156032205,0.0
diffusion_cosine_noise,sde-two_step-adaptive-joint,time_mlp,slcp,0.6454800009727478,0.09122956056489118,0.6140999794006348,0.0445999801158905,20.733855664730072,0.0
diffusion_cosine_noise,sde-two_step-adaptive-joint,time_mlp,sir,0.5333849966526032,0.017511969978849497,0.5329500138759613,0.013124972581863403,14.692542558535933,0.0
diffusion_cosine_noise,sde-two_step-adaptive-joint,time_mlp,gaussian_linear,0.5038599967956543,0.0029407265145610993,0.5032249987125397,0.0018999874591827393,10.790571508929133,0.0
diffusion_cosine_noise,sde-two_step-adaptive-joint,time_mlp,two_moons,0.5055749952793122,0.006443730032688819,0.5034499913454056,0.0020500123500823975,18.32455387059599,0.0
diffusion_cosine_noise,sde-two_step-adaptive-joint,time_mlp,bernoulli_glm,0.509815001487732,0.0036945976725180087,0.5095749795436859,0.0024499893188476562,13.212235507555306,0.0
diffusion_cosine_noise,sde-two_step-adaptive-joint,time_mlp,gaussian_mixture,0.5193750023841858,0.01089091808920558,0.5164749920368195,0.004574984312057495,13.79588454309851,0.0
diffusion_cosine_noise,sde-two_step-adaptive-joint,time_mlp,lotka_volterra,0.7242399990558624,0.09875442983128635,0.7023999989032745,0.0392250120639801,14.902473538182676,0.0
diffusion_cosine_noise,sde-two_step-adaptive-joint,time_mlp,slcp_distractors,0.6505649983882904,0.10788640376240906,0.6186500191688538,0.06332501769065857,20.382291020825505,0.0
diffusion_cosine_noise,sde-two_step-adaptive-joint,time_mlp,bernoulli_glm_raw,0.5138050079345703,0.007071157465713641,0.5136750042438507,0.007299989461898804,13.266140852123499,0.0
diffusion_edm_vp,sde-langevin,time_mlp,gaussian_linear_uniform,0.5583349943161011,0.00664910005258982,0.5570500195026398,0.0035250186920166016,67.58560261297971,1.4617643062500392
diffusion_edm_vp,sde-langevin,time_mlp,slcp,0.6901350021362305,0.08225497304232443,0.6566500067710876,0.045700013637542725,66.48788800034671,2.0387952218197922
diffusion_edm_vp,sde-langevin,time_mlp,sir,0.5989500045776367,0.010085680181254547,0.6028000116348267,0.004950016736984253,62.04501342335716,0.6672444777934047
diffusion_edm_vp,sde-langevin,time_mlp,gaussian_linear,0.5426349997520447,0.009473100044927348,0.5412999987602234,0.007625013589859009,56.87479597795755,5.10184587037024
diffusion_edm_vp,sde-langevin,time_mlp,two_moons,0.5495349943637848,0.021764803105452653,0.5475749969482422,0.02007502317428589,63.88601714689285,0.0947971361437862
diffusion_edm_vp,sde-langevin,time_mlp,bernoulli_glm,0.6092150032520294,0.02412315409638705,0.602150022983551,0.020850032567977905,68.54459434859454,0.7595943799504206
diffusion_edm_vp,sde-langevin,time_mlp,gaussian_mixture,0.6201650142669678,0.007667041265161077,0.620375007390976,0.004824995994567871,63.513868771772835,0.719772118764796
diffusion_edm_vp,sde-langevin,time_mlp,lotka_volterra,0.7764649987220764,0.07365268278134893,0.7550249993801117,0.04122501611709595,69.05662929676473,1.3525380794373902
diffusion_edm_vp,sde-langevin,time_mlp,slcp_distractors,0.6933999955654144,0.06955191046446271,0.6739250123500824,0.05117499828338623,56.47925607347861,2.298125242401187
diffusion_edm_vp,sde-langevin,time_mlp,bernoulli_glm_raw,0.6135100066661835,0.025111390354023395,0.6108750104904175,0.02120000123977661,56.77962876101956,2.5423697690843823
diffusion_edm_vp_ema,sde-langevin,time_mlp,gaussian_linear_uniform,0.5578349947929382,0.005304241237016953,0.558474987745285,0.002624988555908203,63.62057974198833,0.12748304269258556
diffusion_edm_vp_ema,sde-langevin,time_mlp,slcp,0.6837599992752075,0.0718423159857441,0.6569499969482422,0.02967497706413269,64.05490003721789,0.09575985542044695
diffusion_edm_vp_ema,sde-langevin,time_mlp,sir,0.5981249988079071,0.011333688723536238,0.6028999984264374,0.005049973726272583,61.89952337127179,0.1379987971354446
diffusion_edm_vp_ema,sde-langevin,time_mlp,gaussian_linear,0.5430850088596344,0.00917123706551372,0.5426750183105469,0.00657498836517334,69.01110220439732,0.3217117486136349
diffusion_edm_vp_ema,sde-langevin,time_mlp,two_moons,0.5582599937915802,0.02200729005684303,0.5589750111103058,0.021474987268447876,63.837796029355374,0.1959576673689589
diffusion_edm_vp_ema,sde-langevin,time_mlp,bernoulli_glm,0.6141400039196014,0.022589972535626484,0.6077249944210052,0.01827499270439148,63.81275102384389,0.28420830414601206
diffusion_edm_vp_ema,sde-langevin,time_mlp,gaussian_mixture,0.6148499965667724,0.008191634003569115,0.6151250004768372,0.004449993371963501,63.85529770525172,0.17160093550487962
diffusion_edm_vp_ema,sde-langevin,time_mlp,lotka_volterra,0.776784998178482,0.06852326643015265,0.7579500079154968,0.04379996657371521,52.88930611666292,0.12911610735058476
diffusion_edm_vp_ema,sde-langevin,time_mlp,slcp_distractors,0.6920350015163421,0.08182191040444178,0.6546500027179718,0.047975003719329834,61.475009883753955,0.5565392546103397
diffusion_edm_vp_ema,sde-langevin,time_mlp,bernoulli_glm_raw,0.6207450032234192,0.022867628643501798,0.6249499917030334,0.021100014448165894,68.59342998312786,1.6208121961115878
diffusion_edm_ve,sde-langevin,time_mlp,gaussian_linear_uniform,0.5867550015449524,0.005468381820733932,0.5876000225543976,0.0026499927043914795,63.49779260000214,0.3369892854957852
diffusion_edm_ve,sde-langevin,time_mlp,slcp,0.6975300073623657,0.07234072050883467,0.6627749800682068,0.03214997053146362,60.819120969064535,0.15731213376017378
diffusion_edm_ve,sde-langevin,time_mlp,sir,0.5908150017261505,0.012640512591019103,0.5878999829292297,0.011975020170211792,62.886089239548895,0.17270643432101418
diffusion_edm_ve,sde-langevin,time_mlp,gaussian_linear,0.5709800004959107,0.006681405698975662,0.5704749822616577,0.0038250088691711426,62.79177035829052,0.42989557275877033
diffusion_edm_ve,sde-langevin,time_mlp,two_moons,0.5415499955415726,0.025683912061215185,0.5530500113964081,0.014849990606307983,51.98947481494397,0.11063051596150365
diffusion_edm_ve,sde-langevin,time_mlp,bernoulli_glm,0.5995200037956238,0.006357682734303482,0.5992250144481659,0.003300011157989502,64.61542119188235,0.11880395584566451
diffusion_edm_ve,sde-langevin,time_mlp,gaussian_mixture,0.6185000002384186,0.0050254895737797236,0.6195000112056732,0.0039000213146209717,61.50635065268725,0.1174584011874325
diffusion_edm_ve,sde-langevin,time_mlp,lotka_volterra,0.7683000028133392,0.06561618116401056,0.7493750154972076,0.04137501120567322,60.07952691009268,0.14071103338686422
diffusion_edm_ve,sde-langevin,time_mlp,slcp_distractors,0.6950649976730346,0.05804447429616915,0.66839998960495,0.017849981784820557,60.96945749521255,0.17457450811279263
diffusion_edm_ve,sde-langevin,time_mlp,bernoulli_glm_raw,0.6076300024986268,0.005000605373614148,0.606550008058548,0.0028499960899353027,62.60509214689955,0.3001174335238431
diffusion_cosine_F,sde-langevin,time_mlp,gaussian_linear_uniform,0.5273250043392181,0.005818311991180163,0.5254999995231628,0.004400014877319336,64.48066404378042,0.19348177629511168
diffusion_cosine_F,sde-langevin,time_mlp,slcp,0.7299849987030029,0.10760736519350296,0.684924989938736,0.09719997644424438,64.90098143992945,0.24229213531940905
diffusion_cosine_F,sde-langevin,time_mlp,sir,0.7397599995136261,0.04226354896538955,0.7649999856948853,0.014275014400482178,71.85526206828654,0.645548968576129
diffusion_cosine_F,sde-langevin,time_mlp,gaussian_linear,0.5235900044441223,0.005172524204851924,0.5226750075817108,0.003475010395050049,64.29897522944957,1.1995654252957022
diffusion_cosine_F,sde-langevin,time_mlp,two_moons,0.6785249948501587,0.04601574546362747,0.6847749948501587,0.03870001435279846,64.86688874503598,0.7507715741884271
diffusion_cosine_F,sde-langevin,time_mlp,bernoulli_glm,0.5838450074195862,0.010907875479936713,0.5833500027656555,0.005924999713897705,66.21313014840707,0.34549971636891397
diffusion_cosine_F,sde-langevin,time_mlp,gaussian_mixture,0.6645250082015991,0.022800996511213367,0.6735750138759613,0.008799999952316284,65.53040289822965,0.18475314860040776
diffusion_cosine_F,sde-langevin,time_mlp,lotka_volterra,0.9183749973773956,0.023312134676688575,0.9225749969482422,0.0165250301361084,64.61607375768945,0.12268317444589097
diffusion_cosine_F,sde-langevin,time_mlp,slcp_distractors,0.7290799915790558,0.10507183597517614,0.6976999938488007,0.09732499718666077,54.912685284111646,0.187344472201848
diffusion_cosine_F,sde-langevin,time_mlp,bernoulli_glm_raw,0.588465005159378,0.012519004916332403,0.5838000178337097,0.006125003099441528,54.499100458528844,0.2358341335795413
diffusion_cosine_v,sde-langevin,time_mlp,gaussian_linear_uniform,0.526230001449585,0.005691624605530856,0.5273500084877014,0.0020999908447265625,62.59059070739895,0.09462064839335967
diffusion_cosine_v,sde-langevin,time_mlp,slcp,0.7266349971294404,0.10857974583548442,0.6920750141143799,0.08380001783370972,63.08503719065338,0.3338803519253365
diffusion_cosine_v,sde-langevin,time_mlp,sir,0.7404249966144562,0.04139054796811987,0.7658250033855438,0.013274997472763062,52.568529094662516,0.3317530140439967
diffusion_cosine_v,sde-langevin,time_mlp,gaussian_linear,0.5121899992227554,0.0067106923023673,0.5125750005245209,0.005625009536743164,52.46614557383582,0.32375963037454153
diffusion_cosine_v,sde-langevin,time_mlp,two_moons,0.6785049915313721,0.045053053488546095,0.6906749904155731,0.03472501039505005,64.20492307189852,0.20639772013098792
diffusion_cosine_v,sde-langevin,time_mlp,bernoulli_glm,0.584595000743866,0.006453850242638737,0.5852749943733215,0.0031999945640563965,64.43340696850791,0.23486399108936487
diffusion_cosine_v,sde-langevin,time_mlp,gaussian_mixture,0.6645550072193146,0.02103444635717646,0.6741500198841095,0.007824987173080444,62.90038060126826,0.21275630953728245
diffusion_cosine_v,sde-langevin,time_mlp,lotka_volterra,0.9197650074958801,0.026565867008711046,0.923550009727478,0.021474987268447876,61.5496883014217,0.1169978283803427
diffusion_cosine_v,sde-langevin,time_mlp,slcp_distractors,0.7203399956226348,0.10272427992722193,0.6718249917030334,0.06972500681877136,62.85283153057098,0.1729622728264012
diffusion_cosine_v,sde-langevin,time_mlp,bernoulli_glm_raw,0.5872400045394898,0.010149528902605372,0.5913250148296356,0.0036250054836273193,64.04257328659295,0.22241687380322137
diffusion_cosine_v_lw,sde-langevin,time_mlp,gaussian_linear_uniform,0.5262199997901916,0.006597688856254255,0.5245499908924103,0.004274964332580566,62.674499886855486,0.23949528211549434
diffusion_cosine_v_lw,sde-langevin,time_mlp,slcp,0.7225449979305267,0.10422159388810065,0.678074985742569,0.07372498512268066,63.58305763741955,0.17114951942392082
diffusion_cosine_v_lw,sde-langevin,time_mlp,sir,0.7383399903774261,0.040474072985372166,0.7628499865531921,0.012800008058547974,62.67487634215504,0.33713880138336116
diffusion_cosine_v_lw,sde-langevin,time_mlp,gaussian_linear,0.5081950008869172,0.0023911874352812064,0.5091000199317932,0.0010249912738800049,64.22750971065834,0.4928961225815064
diffusion_cosine_v_lw,sde-langevin,time_mlp,two_moons,0.6717000067234039,0.04864658618401791,0.6834000051021576,0.037799984216690063,64.19972521243616,0.3533040022323861
diffusion_cosine_v_lw,sde-langevin,time_mlp,bernoulli_glm,0.5904699921607971,0.011513503047920379,0.5929499864578247,0.007074981927871704,63.46531928349286,0.19752759761728522
diffusion_cosine_v_lw,sde-langevin,time_mlp,gaussian_mixture,0.6650799989700318,0.01980012859648786,0.6721749901771545,0.009775012731552124,63.84748939722776,0.18545097534571792
diffusion_cosine_v_lw,sde-langevin,time_mlp,lotka_volterra,0.9206700026988983,0.02080960413723372,0.923675000667572,0.011299997568130493,63.394331599771974,0.25166434064297044
diffusion_cosine_v_lw,sde-langevin,time_mlp,slcp_distractors,0.7231300055980683,0.1010090551814671,0.6988250017166138,0.09804999828338623,63.541828830726445,0.42416519492041715
diffusion_cosine_v_lw,sde-langevin,time_mlp,bernoulli_glm_raw,0.5909350037574768,0.012569865086018431,0.5901249945163727,0.005199998617172241,63.72547225728631,0.2012131467121841
diffusion_cosine_noise,sde-langevin,time_mlp,gaussian_linear_uniform,0.5237799942493438,0.0033801743867361736,0.5239249765872955,0.0030249953269958496,62.32239248501137,0.6838726170575746
diffusion_cosine_noise,sde-langevin,time_mlp,slcp,0.7277649998664856,0.10177096246318472,0.6842249929904938,0.07532498240470886,68.24972145445645,1.6129607711635772
diffusion_cosine_noise,sde-langevin,time_mlp,sir,0.7363850057125092,0.041209309917589934,0.7602500021457672,0.015974998474121094,54.14406574610621,0.11045576954009917
diffusion_cosine_noise,sde-langevin,time_mlp,gaussian_linear,0.5130599975585938,0.0068613353737926285,0.513049989938736,0.004124999046325684,63.43238663375378,0.37446855596710266
diffusion_cosine_noise,sde-langevin,time_mlp,two_moons,0.6763850092887879,0.0471670431191914,0.6889249980449677,0.037249982357025146,62.40772193400189,0.8075534266434827
diffusion_cosine_noise,sde-langevin,time_mlp,bernoulli_glm,0.584469997882843,0.00872273321226608,0.5872499942779541,0.0073499977588653564,68.95111966421828,2.1165569767370256
diffusion_cosine_noise,sde-langevin,time_mlp,gaussian_mixture,0.6657549977302551,0.021467213108509638,0.6755000054836273,0.005075007677078247,68.77631187085062,2.0188030405345505
diffusion_cosine_noise,sde-langevin,time_mlp,lotka_volterra,0.9194399952888489,0.025846795661444332,0.9211750030517578,0.012875020503997803,65.35284657971934,1.3027524523581147
diffusion_cosine_noise,sde-langevin,time_mlp,slcp_distractors,0.7247699975967408,0.10616815830353307,0.6935250163078308,0.0840499997138977,68.70840600142256,0.62831035809256
diffusion_cosine_noise,sde-langevin,time_mlp,bernoulli_glm_raw,0.5874549984931946,0.007554339168864385,0.5861499905586243,0.00694999098777771,61.887244685180484,0.1287222670627142
diffusion_edm_vp,sde-langevin-pc,time_mlp,gaussian_linear_uniform,0.5874700009822845,0.007966750122063233,0.5860249996185303,0.004274994134902954,402.3637550008483,2.3328356242880166
diffusion_edm_vp,sde-langevin-pc,time_mlp,slcp,0.7379800021648407,0.07422427020863676,0.7241999804973602,0.05102497339248657,399.2532764834352,11.988343759022586
diffusion_edm_vp,sde-langevin-pc,time_mlp,sir,0.7382849991321564,0.013906022467588626,0.7406249940395355,0.008424997329711914,370.2051102413796,4.691986437528188
diffusion_edm_vp,sde-langevin-pc,time_mlp,gaussian_linear,0.5814149975776672,0.004658968561180252,0.5820249915122986,0.004224985837936401,336.2524607588537,25.777019023065858
diffusion_edm_vp,sde-langevin-pc,time_mlp,two_moons,0.7186749994754791,0.024233043876856014,0.7158249914646149,0.021900027990341187,381.6830586266704,0.33549477469202543
diffusion_edm_vp,sde-langevin-pc,time_mlp,bernoulli_glm,0.6150799989700317,0.023845539009815068,0.6083000004291534,0.021400004625320435,407.3918957434595,2.818781218812497
diffusion_edm_vp,sde-langevin-pc,time_mlp,gaussian_mixture,0.706199997663498,0.017191673432664038,0.7136499881744385,0.010249972343444824,378.57207441618664,4.7649632517823575
diffusion_edm_vp,sde-langevin-pc,time_mlp,lotka_volterra,0.8123099982738495,0.06682778958035526,0.8039250075817108,0.04360002279281616,411.1096322534606,2.202045860213832
diffusion_edm_vp,sde-langevin-pc,time_mlp,slcp_distractors,0.7488200008869171,0.05597221480574033,0.7177000045776367,0.02695000171661377,334.61426859823985,7.2851660966133265
diffusion_edm_vp,sde-langevin-pc,time_mlp,bernoulli_glm_raw,0.6201549947261811,0.026832448172062078,0.6184999942779541,0.02347499132156372,336.50117190945895,7.562290933202494
diffusion_edm_vp_ema,sde-langevin-pc,time_mlp,gaussian_linear_uniform,0.5755649983882904,0.010041673598916908,0.5743999779224396,0.00662502646446228,380.4685543381609,0.32329396689123857
diffusion_edm_vp_ema,sde-langevin-pc,time_mlp,slcp,0.7451849997043609,0.05918307906187134,0.7168000042438507,0.020325005054473877,382.7788908585906,0.304601941648677
diffusion_edm_vp_ema,sde-langevin-pc,time_mlp,sir,0.7335449934005738,0.015273398484486271,0.7320999801158905,0.012924998998641968,368.5316030619666,0.32577966227465827
diffusion_edm_vp_ema,sde-langevin-pc,time_mlp,gaussian_linear,0.5907000005245209,0.005144606269706429,0.592074990272522,0.004200011491775513,410.87640912178904,1.1132795036275982
diffusion_edm_vp_ema,sde-langevin-pc,time_mlp,two_moons,0.6979550123214722,0.026259604068900867,0.7042999863624573,0.00792500376701355,381.7876710456796,0.822652084513404
diffusion_edm_vp_ema,sde-langevin-pc,time_mlp,bernoulli_glm,0.6074650049209595,0.025106805012504726,0.605774998664856,0.02054998278617859,381.55712739964946,1.322992073405195
diffusion_edm_vp_ema,sde-langevin-pc,time_mlp,gaussian_mixture,0.6975250005722046,0.016836223805760664,0.695499986410141,0.011899977922439575,381.52063711844386,0.9668244359429634
diffusion_edm_vp_ema,sde-langevin-pc,time_mlp,lotka_volterra,0.8223049938678741,0.05711448824372624,0.8104999959468842,0.04217499494552612,315.97914679171515,0.38381483973166436
diffusion_edm_vp_ema,sde-langevin-pc,time_mlp,slcp_distractors,0.741839998960495,0.07002203539722862,0.7263249754905701,0.053799986839294434,367.48117654547093,3.4023517584890812
diffusion_edm_vp_ema,sde-langevin-pc,time_mlp,bernoulli_glm_raw,0.6299799978733063,0.025175829268524075,0.6227749884128571,0.025249987840652466,407.4612813580781,8.658262548119584
diffusion_edm_ve,sde-langevin-pc,time_mlp,gaussian_linear_uniform,0.5938000023365021,0.007148178607276155,0.5944499969482422,0.006499975919723511,380.8900357192382,2.1218536024459596
diffusion_edm_ve,sde-langevin-pc,time_mlp,slcp,0.740149986743927,0.06493820617339767,0.7164250016212463,0.04195001721382141,363.6738717683591,0.3110756345429419
diffusion_edm_ve,sde-langevin-pc,time_mlp,sir,0.7338211178779602,0.011864822530907697,0.7315250039100647,0.009049981832504272,375.5016291347332,0.4405788208127496
diffusion_edm_ve,sde-langevin-pc,time_mlp,gaussian_linear,0.58126500248909,0.006429584223041435,0.5780750215053558,0.004400044679641724,376.0932870578952,2.4540388251714833
diffusion_edm_ve,sde-langevin-pc,time_mlp,two_moons,0.7152249991893769,0.02702863755661563,0.720300018787384,0.017450004816055298,310.7140911848284,0.39317508688331654
diffusion_edm_ve,sde-langevin-pc,time_mlp,bernoulli_glm,0.5990500092506409,0.011416758421982002,0.6025000214576721,0.010324984788894653,386.52270348258315,0.21789671944662856
diffusion_edm_ve,sde-langevin-pc,time_mlp,gaussian_mixture,0.714329993724823,0.013337569177573743,0.7175000011920929,0.008000016212463379,367.44911223817616,0.25806721268549604
diffusion_edm_ve,sde-langevin-pc,time_mlp,lotka_volterra,0.8065799951553345,0.06230079643093811,0.7966500222682953,0.049225032329559326,359.4579222121276,0.22627073434538
diffusion_edm_ve,sde-langevin-pc,time_mlp,slcp_distractors,0.7529750049114228,0.05531619298673443,0.7336499989032745,0.03802499175071716,364.7257938053459,0.39325295785489445
diffusion_edm_ve,sde-langevin-pc,time_mlp,bernoulli_glm_raw,0.6070050001144409,0.0072619351308623415,0.6072500050067902,0.005724996328353882,374.9516615046188,0.8406264541083
diffusion_cosine_F,sde-langevin-pc,time_mlp,gaussian_linear_uniform,0.5550850093364715,0.006051822679508338,0.5544250011444092,0.0017000138759613037,384.885589915514,2.634779435373929
diffusion_cosine_F,sde-langevin-pc,time_mlp,slcp,0.784894996881485,0.08116434579638494,0.7526000142097473,0.06232500076293945,387.9765483156778,1.6339777650653295
diffusion_cosine_F,sde-langevin-pc,time_mlp,sir,0.8247099995613099,0.03350155883038779,0.8427249789237976,0.01787501573562622,427.42605990180743,4.634400570068948
diffusion_cosine_F,sde-langevin-pc,time_mlp,gaussian_linear,0.5759350061416626,0.004793859917708509,0.5757499933242798,0.0028249919414520264,384.36014857729896,7.1571468550241075
diffusion_cosine_F,sde-langevin-pc,time_mlp,two_moons,0.7910100042819976,0.030700900018074108,0.7985750138759613,0.0247499942779541,388.2465552070178,4.493402881666005
diffusion_cosine_F,sde-langevin-pc,time_mlp,bernoulli_glm,0.6021099984645844,0.01139938029361424,0.6026749908924103,0.009074985980987549,395.5849936637096,2.082088704238298
diffusion_cosine_F,sde-langevin-pc,time_mlp,gaussian_mixture,0.7231350004673004,0.02024029718501592,0.7251000106334686,0.008324980735778809,392.98232086980715,1.6125129776160432
diffusion_cosine_F,sde-langevin-pc,time_mlp,lotka_volterra,0.9309449970722199,0.022334592477298913,0.9343999922275543,0.016474992036819458,386.3716421945952,0.36679126028154563
diffusion_cosine_F,sde-langevin-pc,time_mlp,slcp_distractors,0.7763249993324279,0.08453697877359286,0.7536250054836273,0.07977497577667236,329.0185063696466,1.0570307696713412
diffusion_cosine_F,sde-langevin-pc,time_mlp,bernoulli_glm_raw,0.606630003452301,0.011434115882834254,0.6045999825000763,0.006449997425079346,325.84090517153965,0.8345499817900229
diffusion_cosine_v,sde-langevin-pc,time_mlp,gaussian_linear_uniform,0.5521149933338165,0.004852980911310385,0.5525749921798706,0.0034499764442443848,374.3184434607625,0.40380235887971283
diffusion_cosine_v,sde-langevin-pc,time_mlp,slcp,0.7782299995422364,0.08650242983713244,0.7551249861717224,0.06402501463890076,375.943944985047,2.7082716511338325
diffusion_cosine_v,sde-langevin-pc,time_mlp,sir,0.8253650009632111,0.03057311948871676,0.8425750136375427,0.015374988317489624,313.1532630946487,1.0174291783791927
diffusion_cosine_v,sde-langevin-pc,time_mlp,gaussian_linear,0.5352100014686585,0.002907648109727837,0.5353000164031982,0.0021750032901763916,313.4188520604745,1.0662998423378576
diffusion_cosine_v,sde-langevin-pc,time_mlp,two_moons,0.7955000042915344,0.034690377627651155,0.8041250109672546,0.009849995374679565,381.9717750265263,1.4457863954031203
diffusion_cosine_v,sde-langevin-pc,time_mlp,bernoulli_glm,0.6038899958133698,0.006460263596350485,0.6061000227928162,0.003474980592727661,384.97048949534076,0.8353555698968932
diffusion_cosine_v,sde-langevin-pc,time_mlp,gaussian_mixture,0.7276900053024292,0.014097269664184217,0.7286250293254852,0.006474971771240234,376.1645255743526,1.0185649243084192
diffusion_cosine_v,sde-langevin-pc,time_mlp,lotka_volterra,0.9313249886035919,0.023014277941174152,0.9359749853610992,0.016849994659423828,368.0210937181488,0.3171279003409479
diffusion_cosine_v,sde-langevin-pc,time_mlp,slcp_distractors,0.7796049952507019,0.07561285451645176,0.7470999956130981,0.04732498526573181,374.75739700589327,1.7705982757531598
diffusion_cosine_v,sde-langevin-pc,time_mlp,bernoulli_glm_raw,0.6065400063991546,0.008708847792272396,0.6079249978065491,0.0068250298500061035,382.0300884947181,1.0388420635180882
diffusion_cosine_v_lw,sde-langevin-pc,time_mlp,gaussian_linear_uniform,0.5542600095272064,0.007661450332498983,0.5499000251293182,0.004250019788742065,374.64963504541663,0.8811482323902694
diffusion_cosine_v_lw,sde-langevin-pc,time_mlp,slcp,0.7844800055027008,0.07597498917370672,0.7410750091075897,0.0335250198841095,380.0351576477289,0.7985845516698252
diffusion_cosine_v_lw,sde-langevin-pc,time_mlp,sir,0.8261850118637085,0.03170608716953175,0.8405250012874603,0.016025006771087646,373.58718334957956,1.484987931947052
diffusion_cosine_v_lw,sde-langevin-pc,time_mlp,gaussian_linear,0.5375750005245209,0.0032289485083683797,0.5389750003814697,0.0011250078678131104,383.2633202231489,2.8718253108553298
diffusion_cosine_v_lw,sde-langevin-pc,time_mlp,two_moons,0.7837449848651886,0.03926765483914433,0.7976000010967255,0.022474974393844604,383.69593949299303,2.3362260586247254
diffusion_cosine_v_lw,sde-langevin-pc,time_mlp,bernoulli_glm,0.6079700112342834,0.014212491551553864,0.6010250151157379,0.008799999952316284,379.2217809645459,1.011648037561396
diffusion_cosine_v_lw,sde-langevin-pc,time_mlp,gaussian_mixture,0.729764997959137,0.014010457527496826,0.732574999332428,0.009075015783309937,381.63054995313286,0.7678285216063686
diffusion_cosine_v_lw,sde-langevin-pc,time_mlp,lotka_volterra,0.9335650026798248,0.019727217588770638,0.9399749934673309,0.012624979019165039,378.34970321254804,2.5716698430847003
diffusion_cosine_v_lw,sde-langevin-pc,time_mlp,slcp_distractors,0.7769649982452392,0.07744332786620359,0.7541249990463257,0.07095000147819519,379.2835159616545,0.9873042660688246
diffusion_cosine_v_lw,sde-langevin-pc,time_mlp,bernoulli_glm_raw,0.6085750043392182,0.00995321837577678,0.6088750064373016,0.006074994802474976,380.3810240611434,1.4351972155779336
diffusion_cosine_noise,sde-langevin-pc,time_mlp,gaussian_linear_uniform,0.5488700032234192,0.0052007330160218435,0.5480750203132629,0.0039000213146209717,372.4078695011325,3.496064091679305
diffusion_cosine_noise,sde-langevin-pc,time_mlp,slcp,0.7828299939632416,0.07963731248438502,0.7536499798297882,0.05797499418258667,409.10973095595836,7.693591918088039
diffusion_cosine_noise,sde-langevin-pc,time_mlp,sir,0.8260700047016144,0.0306337000847084,0.8390749990940094,0.020425021648406982,323.97509929658844,0.40696763963092114
diffusion_cosine_noise,sde-langevin-pc,time_mlp,gaussian_linear,0.540389996767044,0.00595447999061394,0.5420249998569489,0.0045999884605407715,379.4771944537759,1.287436843778735
diffusion_cosine_noise,sde-langevin-pc,time_mlp,two_moons,0.7900099992752075,0.04063571584587314,0.8000499904155731,0.021900027990341187,373.50957911387087,3.872663744205752
diffusion_cosine_noise,sde-langevin-pc,time_mlp,bernoulli_glm,0.6055599987506867,0.011011180301834725,0.6071249842643738,0.008175015449523926,410.0815309781581,11.706348928619017
diffusion_cosine_noise,sde-langevin-pc,time_mlp,gaussian_mixture,0.7345350027084351,0.014361902060112253,0.7365500032901764,0.007499992847442627,412.45693330373615,4.825535642614977
diffusion_cosine_noise,sde-langevin-pc,time_mlp,lotka_volterra,0.9313549995422363,0.02177245449191777,0.93299999833107,0.012549996376037598,389.9395186775364,4.631599984409917
diffusion_cosine_noise,sde-langevin-pc,time_mlp,slcp_distractors,0.7758349895477294,0.08484388086039767,0.745375007390976,0.06194999814033508,411.28975960751995,1.924491452300608
diffusion_cosine_noise,sde-langevin-pc,time_mlp,bernoulli_glm_raw,0.6079599976539611,0.007928576172348286,0.6094249784946442,0.0057250261306762695,369.8001640892588,0.4791992849216778
